empid,satisfaction_level,last_evaluation,number_project,average_montly_hours,time_spend_company,Work_accident,promotion_last_5years,salary,left
1081,1.0816766455705826,1.2946814681604086,0.11380938572285176,0.6770454436798521,1.4769973601525006,-0.3888008986421099,-0.10052917088631763,0,1
1324,-0.7879093703861523,-1.1392030336037469,-1.342222371461024,-1.1111965638276504,-0.3837354099403615,-0.3888008986421099,-0.10052917088631763,0,1
4731,0.43304476248355206,1.0116716423738792,1.5698411429067274,0.4107115276680964,0.5466309751060695,-0.3888008986421099,9.94736145920113,1,0
1232,-1.7799346033427872,1.4644873636323266,1.5698411429067274,0.9053316574042141,0.5466309751060695,-0.3888008986421099,-0.10052917088631763,0,1
2561,0.3948899458313742,-0.12036766077224019,0.11380938572285176,-0.33121866693608026,0.5466309751060695,-0.3888008986421099,-0.10052917088631763,0,0
1886,-1.8180894199949655,0.7852637817446552,1.5698411429067274,1.5331187451462096,0.5466309751060695,-0.3888008986421099,-0.10052917088631763,1,1
860,-1.8180894199949655,1.1814775378457971,1.5698411429067274,1.2858086802781508,0.5466309751060695,-0.3888008986421099,-0.10052917088631763,1,1
4223,1.539534445396722,0.8418657469019611,0.11380938572285176,-0.9590057546780758,-1.3141017949867926,-0.3888008986421099,-0.10052917088631763,2,0
1951,1.0435218289184045,0.7286618165873492,0.11380938572285176,0.8482601039731236,2.4073637451989316,-0.3888008986421099,-0.10052917088631763,1,1
4463,0.2804254958748393,0.7852637817446552,0.11380938572285176,1.266784829134454,-1.3141017949867926,2.572010516160091,-0.10052917088631763,0,0
4425,1.1579862788749393,-0.0637656956149342,0.11380938572285176,0.9053316574042141,-0.3837354099403615,-0.3888008986421099,-0.10052917088631763,0,0
2631,0.8909025623096917,1.5210893287896325,-0.614206492869086,0.6960692948235488,-1.3141017949867926,2.572010516160091,-0.10052917088631763,1,0
543,0.7382832957009784,1.0682736075311852,0.8418252643147895,0.6389977413924584,1.4769973601525006,-0.3888008986421099,-0.10052917088631763,0,1
2364,1.3106055454836525,0.2758460953289018,0.11380938572285176,-0.33121866693608026,-0.3837354099403615,-0.3888008986421099,-0.10052917088631763,0,0
1940,-1.8180894199949655,0.3890500256435138,2.297857021498665,2.0467627260260244,0.5466309751060695,-0.3888008986421099,-0.10052917088631763,0,1
1051,0.8145929290053351,1.5776912939469385,0.11380938572285176,0.5058307833865805,1.4769973601525006,2.572010516160091,-0.10052917088631763,0,1
4197,1.119831462222761,-0.8561932078172175,-1.342222371461024,-0.40731407151086757,2.4073637451989316,-0.3888008986421099,-0.10052917088631763,0,0
2584,0.0133417793095912,0.6154578862727372,0.11380938572285176,-0.7497433920974106,-0.3837354099403615,2.572010516160091,-0.10052917088631763,1,0
4645,0.5093543957879086,0.3890500256435138,-0.614206492869086,-0.2551232623612929,-0.3837354099403615,-0.3888008986421099,-0.10052917088631763,0,0
4204,-0.0248130373425871,-0.23357159108685158,-0.614206492869086,-1.9101983118629176,2.4073637451989316,-0.3888008986421099,-0.10052917088631763,0,0
1763,-0.6352901037774392,-0.0637656956149342,-0.614206492869086,0.04925835593785648,0.5466309751060695,-0.3888008986421099,-0.10052917088631763,1,1
832,0.5856640290922652,1.5776912939469385,0.8418252643147895,1.3619040848529382,1.4769973601525006,-0.3888008986421099,-0.10052917088631763,1,1
2869,0.0514965959617695,0.1626421650142898,-1.342222371461024,-0.8829103501032884,-0.3837354099403615,-0.3888008986421099,-0.10052917088631763,0,0
3164,0.2804254958748393,1.3512834333177146,0.8418252643147895,-0.5595048806604422,-1.3141017949867926,-0.3888008986421099,-0.10052917088631763,1,0
4341,-1.4365412534731827,-0.8561932078172175,0.11380938572285176,1.266784829134454,1.4769973601525006,2.572010516160091,-0.10052917088631763,1,0
4668,0.1659610459183044,0.8418657469019611,1.5698411429067274,-0.6356002852352296,-1.3141017949867926,2.572010516160091,-0.10052917088631763,0,0
965,-0.7497545537339739,-1.252406963918359,-1.342222371461024,-0.9970534569654695,-0.3837354099403615,2.572010516160091,-0.10052917088631763,0,1
2138,-0.21558712060347818,-1.6486207200195007,-1.342222371461024,-0.06488475092432454,-1.3141017949867926,-0.3888008986421099,-0.10052917088631763,0,0
3270,0.3185803125270176,1.1814775378457971,0.8418252643147895,-0.33121866693608026,-0.3837354099403615,-0.3888008986421099,-0.10052917088631763,0,0
187,-1.8562442366471437,0.7286618165873492,1.5698411429067274,1.7994526611579653,0.5466309751060695,-0.3888008986421099,-0.10052917088631763,0,1
2882,-1.4365412534731827,0.2758460953289018,1.5698411429067274,0.20144916508743116,0.5466309751060695,-0.3888008986421099,-0.10052917088631763,1,0
800,-0.5589804704730826,-1.252406963918359,-1.342222371461024,-0.7877910943848043,-0.3837354099403615,-0.3888008986421099,-0.10052917088631763,1,1
2632,-1.0168382702992218,-1.309008929075665,0.11380938572285176,-0.711695689810017,-0.3837354099403615,2.572010516160091,-0.10052917088631763,1,0
3653,1.0435218289184045,-0.5165814168733815,-0.614206492869086,-0.6736479875226233,-0.3837354099403615,-0.3888008986421099,-0.10052917088631763,0,0
4842,0.3948899458313742,0.6154578862727372,-0.614206492869086,-1.3204589264083157,-0.3837354099403615,-0.3888008986421099,-0.10052917088631763,1,0
2436,-1.3983864368210046,-0.12036766077224019,1.5698411429067274,-1.3775304798394061,2.4073637451989316,2.572010516160091,-0.10052917088631763,1,0
1628,-0.7497545537339739,-0.8561932078172175,-1.342222371461024,-1.073148861540257,-0.3837354099403615,-0.3888008986421099,-0.10052917088631763,0,1
919,-1.7799346033427872,0.7286618165873492,1.5698411429067274,1.0765463176974857,0.5466309751060695,-0.3888008986421099,-0.10052917088631763,0,1
2362,-0.36820638721219134,-0.6297853471879936,-1.342222371461024,-1.5487451401326777,-1.3141017949867926,-0.3888008986421099,-0.10052917088631763,0,0
3892,0.0133417793095912,-0.4033774865587696,0.11380938572285176,0.8672839551168204,0.5466309751060695,-0.3888008986421099,-0.10052917088631763,2,0
4064,0.242270679222661,0.7286618165873492,0.8418252643147895,-0.44536177379826125,-1.3141017949867926,-0.3888008986421099,-0.10052917088631763,1,0
3819,-0.7115997370817956,-0.912795172974523,1.5698411429067274,0.4868069322428837,1.4769973601525006,-0.3888008986421099,-0.10052917088631763,0,0
4294,-0.6734449204296173,-0.7429892775026056,-0.614206492869086,0.08730605822525014,2.4073637451989316,-0.3888008986421099,-0.10052917088631763,2,0
3254,1.4250699954401869,0.3324480604862078,0.11380938572285176,0.4297353788117932,-1.3141017949867926,-0.3888008986421099,-0.10052917088631763,0,0
753,-0.7879093703861523,-0.8561932078172175,-1.342222371461024,-1.396554330983103,-0.3837354099403615,-0.3888008986421099,-0.10052917088631763,1,1
2373,0.5093543957879086,0.1060401998569838,-0.614206492869086,-0.7497433920974106,-0.3837354099403615,2.572010516160091,-0.10052917088631763,0,0
2359,1.3487603621358308,0.5588559211154311,0.11380938572285176,-0.5214571783730486,-0.3837354099403615,-0.3888008986421099,-0.10052917088631763,1,0
1608,0.9672121956140478,0.8984677120592672,0.8418252643147895,0.6960692948235488,1.4769973601525006,-0.3888008986421099,-0.10052917088631763,1,1
3843,-0.5208256538209044,0.5022539559581258,-0.614206492869086,0.8672839551168204,-1.3141017949867926,-0.3888008986421099,-0.10052917088631763,0,0
4121,1.4632248120923652,-0.9693971381318289,0.11380938572285176,-0.9399819035343789,-0.3837354099403615,-0.3888008986421099,-0.10052917088631763,0,0
1728,-1.7799346033427872,1.2380795030031027,1.5698411429067274,1.2097132757033635,0.5466309751060695,-0.3888008986421099,-0.10052917088631763,1,1
2177,0.9290573789618695,0.049438234699677806,0.11380938572285176,-0.1409801554991119,1.4769973601525006,2.572010516160091,-0.10052917088631763,0,0
750,1.0816766455705826,0.6720598514300432,0.11380938572285176,0.8292362528294267,2.4073637451989316,-0.3888008986421099,-0.10052917088631763,1,1
111,-0.5589804704730826,-1.422212859390277,-1.342222371461024,-1.1111965638276504,-0.3837354099403615,-0.3888008986421099,-0.10052917088631763,0,1
3266,0.3185803125270176,0.4456519908008198,0.11380938572285176,-0.3692663692234739,-1.3141017949867926,2.572010516160091,-0.10052917088631763,0,0
110,-0.6734449204296173,-1.309008929075665,-1.342222371461024,-0.9019342012469853,-0.3837354099403615,-0.3888008986421099,-0.10052917088631763,0,1
3606,0.5856640290922652,0.5022539559581258,0.11380938572285176,0.8102124016857299,-1.3141017949867926,-0.3888008986421099,-0.10052917088631763,1,0
26,1.1961410955271177,1.1248755726884911,0.8418252643147895,0.7531408482546395,1.4769973601525006,-0.3888008986421099,-0.10052917088631763,1,1
419,-0.597135287125261,-1.0826010684464409,-0.614206492869086,-0.06488475092432454,0.5466309751060695,-0.3888008986421099,-0.10052917088631763,0,1
2913,0.7764381123531567,1.2946814681604086,-0.614206492869086,1.2858086802781508,-1.3141017949867926,-0.3888008986421099,-0.10052917088631763,0,0
593,-1.8180894199949655,0.4456519908008198,1.5698411429067274,1.1716655734159698,0.5466309751060695,-0.3888008986421099,-0.10052917088631763,1,1
2310,0.1659610459183044,-0.6863873123452996,-0.614206492869086,-0.597552582947836,-1.3141017949867926,-0.3888008986421099,-0.10052917088631763,1,0
3953,0.43304476248355206,0.5022539559581258,-0.614206492869086,0.220473016231128,-1.3141017949867926,-0.3888008986421099,-0.10052917088631763,1,0
238,-0.5589804704730826,-1.5354167897048887,-1.342222371461024,-1.282411224120922,-0.3837354099403615,-0.3888008986421099,-0.10052917088631763,1,1
4049,-0.13927748729912157,-1.7052226851768066,-0.614206492869086,-1.2253396706898316,-0.3837354099403615,2.572010516160091,-0.10052917088631763,0,0
4741,0.6619736623966218,1.2946814681604086,-0.614206492869086,0.9624032108353046,-0.3837354099403615,-0.3888008986421099,-0.10052917088631763,0,0
2313,-0.25374193725565647,-0.45997945171607557,-0.614206492869086,1.2287371268470604,-1.3141017949867926,-0.3888008986421099,-0.10052917088631763,1,0
3845,0.6619736623966218,-0.8561932078172175,0.8418252643147895,-0.7687672432411075,-0.3837354099403615,-0.3888008986421099,-0.10052917088631763,0,0
251,0.8145929290053351,0.8418657469019611,0.8418252643147895,1.1145940199848794,1.4769973601525006,-0.3888008986421099,-0.10052917088631763,1,1
3414,1.0435218289184045,1.4078853984750206,-0.614206492869086,1.019474764266395,-0.3837354099403615,-0.3888008986421099,-0.10052917088631763,1,0
4470,0.3948899458313742,0.2192441301715958,-0.614206492869086,-0.23609941121759606,-0.3837354099403615,2.572010516160091,-0.10052917088631763,0,0
2853,-0.06296785399476497,-0.34677552140146356,-0.614206492869086,0.5629023368176711,-1.3141017949867926,-0.3888008986421099,-0.10052917088631763,1,0
4838,-1.5510057034297173,0.5588559211154311,1.5698411429067274,1.0765463176974857,0.5466309751060695,-0.3888008986421099,-0.10052917088631763,1,0
2860,-0.10112267064694327,0.2758460953289018,-0.614206492869086,0.6580215925361552,-1.3141017949867926,-0.3888008986421099,-0.10052917088631763,1,0
3715,0.547509212440087,-0.34677552140146356,-0.614206492869086,-0.8068149455285011,-0.3837354099403615,-0.3888008986421099,-0.10052917088631763,0,0
3524,0.8909025623096917,0.6720598514300432,0.11380938572285176,-0.08390860206802138,-1.3141017949867926,-0.3888008986421099,-0.10052917088631763,1,0
373,-0.7115997370817956,-1.365610894232971,-1.342222371461024,-1.168268117258741,-0.3837354099403615,-0.3888008986421099,-0.10052917088631763,0,1
2669,1.2724507288314741,1.2946814681604086,-0.614206492869086,0.9243555085479109,-0.3837354099403615,-0.3888008986421099,-0.10052917088631763,1,0
4677,1.5013796287445436,0.3890500256435138,-1.342222371461024,1.3238563825655445,-1.3141017949867926,-0.3888008986421099,-0.10052917088631763,0,0
1240,-0.7497545537339739,-1.422212859390277,-1.342222371461024,-0.9590057546780758,-0.3837354099403615,-0.3888008986421099,-0.10052917088631763,0,1
758,-0.7497545537339739,-0.9693971381318289,-1.342222371461024,-0.9780296058217727,-0.3837354099403615,-0.3888008986421099,-0.10052917088631763,1,1
4034,1.3869151787880087,-0.6863873123452996,0.11380938572285176,0.23949686737482484,-1.3141017949867926,2.572010516160091,-0.10052917088631763,0,0
424,-0.6734449204296173,-1.4788148245475827,-1.342222371461024,-1.1302204149713473,-0.3837354099403615,-0.3888008986421099,-0.10052917088631763,2,1
4640,0.43304476248355206,-0.45997945171607557,-0.614206492869086,1.3809279359966349,-0.3837354099403615,-0.3888008986421099,-0.10052917088631763,1,0
4652,1.5776892620489003,1.3512834333177146,0.11380938572285176,-0.00781319749323403,-0.3837354099403615,-0.3888008986421099,-0.10052917088631763,0,0
4021,0.9672121956140478,-0.17696962592954618,0.11380938572285176,-0.9780296058217727,-1.3141017949867926,-0.3888008986421099,-0.10052917088631763,1,0
2100,0.1278062292661261,1.2946814681604086,0.8418252643147895,0.5819261879613679,-0.3837354099403615,-0.3888008986421099,-0.10052917088631763,0,0
4076,-1.2839219868644698,-1.025999103289135,0.11380938572285176,0.44875922995549006,0.5466309751060695,2.572010516160091,-0.10052917088631763,0,0
3506,-0.29189675390783476,-0.912795172974523,0.11380938572285176,1.2097132757033635,-1.3141017949867926,-0.3888008986421099,-0.10052917088631763,1,0
1300,1.1961410955271177,0.9550696772165732,0.8418252643147895,1.133617871128576,1.4769973601525006,-0.3888008986421099,-0.10052917088631763,1,1
4164,0.2041158625704827,1.0116716423738792,-1.342222371461024,0.7531408482546395,-0.3837354099403615,2.572010516160091,-0.10052917088631763,2,0
1412,-0.9786834536470435,-0.6863873123452996,-1.342222371461024,1.4760471917151192,0.5466309751060695,-0.3888008986421099,-0.10052917088631763,1,1
4531,-0.21558712060347818,1.4078853984750206,-0.614206492869086,-0.33121866693608026,-1.3141017949867926,-0.3888008986421099,-0.10052917088631763,1,0
4729,-1.4365412534731827,-1.0826010684464409,-0.614206492869086,-1.0160773081091663,0.5466309751060695,-0.3888008986421099,9.94736145920113,1,0
1041,-1.7799346033427872,0.9550696772165732,1.5698411429067274,2.0277388748823273,0.5466309751060695,-0.3888008986421099,-0.10052917088631763,0,1
2939,-0.21558712060347818,-0.2901735562441576,0.11380938572285176,0.14437761165634067,-0.3837354099403615,2.572010516160091,-0.10052917088631763,1,0
4014,0.3185803125270176,1.1248755726884911,0.11380938572285176,0.5058307833865805,-1.3141017949867926,-0.3888008986421099,-0.10052917088631763,1,0
1247,-0.5589804704730826,-1.309008929075665,-1.342222371461024,-0.9019342012469853,-0.3837354099403615,-0.3888008986421099,-0.10052917088631763,0,1
3780,-0.25374193725565647,-0.6863873123452996,0.8418252643147895,-0.5214571783730486,-0.3837354099403615,-0.3888008986421099,-0.10052917088631763,0,0
4709,0.8909025623096917,1.4078853984750206,-0.614206492869086,0.8482601039731236,-0.3837354099403615,-0.3888008986421099,-0.10052917088631763,0,0
3105,1.4632248120923652,0.5588559211154311,0.11380938572285176,1.3619040848529382,-0.3837354099403615,-0.3888008986421099,-0.10052917088631763,0,0
4982,0.8527477456575133,1.3512834333177146,0.8418252643147895,-1.4916735867015871,-0.3837354099403615,-0.3888008986421099,-0.10052917088631763,1,0
898,-1.0549930869514001,-0.912795172974523,-0.614206492869086,2.0277388748823273,0.5466309751060695,2.572010516160091,-0.10052917088631763,1,1
1581,-0.33005157056001305,0.049438234699677806,0.11380938572285176,0.7911885505420331,-0.3837354099403615,-0.3888008986421099,-0.10052917088631763,1,1
4821,0.35673512917919586,0.6154578862727372,0.11380938572285176,-0.1409801554991119,-0.3837354099403615,-0.3888008986421099,-0.10052917088631763,0,0
2074,-0.7115997370817956,0.3324480604862078,-1.342222371461024,0.04925835593785648,2.4073637451989316,2.572010516160091,-0.10052917088631763,1,0
4372,-1.5128508867775392,0.6720598514300432,0.11380938572285176,0.5438784856739742,1.4769973601525006,-0.3888008986421099,-0.10052917088631763,1,0
1068,-0.48267083716872605,-0.8561932078172175,-1.342222371461024,-1.2633873729772251,-0.3837354099403615,-0.3888008986421099,-0.10052917088631763,1,1
337,0.7382832957009784,0.8418657469019611,0.8418252643147895,1.2097132757033635,1.4769973601525006,-0.3888008986421099,-0.10052917088631763,0,1
3429,0.5093543957879086,-0.2901735562441576,-0.614206492869086,1.1716655734159698,-0.3837354099403615,-0.3888008986421099,-0.10052917088631763,0,0
2945,0.2804254958748393,1.4644873636323266,-0.614206492869086,1.5331187451462096,-1.3141017949867926,2.572010516160091,-0.10052917088631763,1,0
1601,-1.7799346033427872,1.1814775378457971,2.297857021498665,1.7804288100142684,0.5466309751060695,-0.3888008986421099,-0.10052917088631763,1,1
4478,0.9672121956140478,1.0116716423738792,-0.614206492869086,-0.1409801554991119,-0.3837354099403615,-0.3888008986421099,-0.10052917088631763,1,0
2149,0.3948899458313742,0.049438234699677806,-0.614206492869086,1.038498615410092,-0.3837354099403615,-0.3888008986421099,-0.10052917088631763,1,0
3648,1.4250699954401869,-0.7429892775026056,0.11380938572285176,0.6199738902487616,-0.3837354099403615,-0.3888008986421099,-0.10052917088631763,0,0
4871,1.5776892620489003,1.2946814681604086,0.11380938572285176,-1.9101983118629176,1.4769973601525006,-0.3888008986421099,-0.10052917088631763,1,0
4973,0.2041158625704827,0.4456519908008198,0.11380938572285176,0.7721646993983362,-1.3141017949867926,-0.3888008986421099,-0.10052917088631763,0,0
138,-0.597135287125261,-1.365610894232971,-1.342222371461024,-1.396554330983103,-0.3837354099403615,-0.3888008986421099,-0.10052917088631763,1,1
1630,1.0816766455705826,1.4078853984750206,0.8418252643147895,1.266784829134454,1.4769973601525006,-0.3888008986421099,-0.10052917088631763,0,1
4760,0.2804254958748393,-0.4033774865587696,0.11380938572285176,0.4107115276680964,-0.3837354099403615,-0.3888008986421099,-0.10052917088631763,1,0
2499,-0.48267083716872605,-1.1392030336037469,-1.342222371461024,-1.8531267584318272,-0.3837354099403615,-0.3888008986421099,-0.10052917088631763,1,0
3994,0.6238188457444436,-0.7429892775026056,0.11380938572285176,-0.48340947608565493,0.5466309751060695,2.572010516160091,-0.10052917088631763,0,0
2216,1.1961410955271177,-0.912795172974523,-0.614206492869086,1.019474764266395,-0.3837354099403615,-0.3888008986421099,-0.10052917088631763,0,0
2447,0.1278062292661261,-1.1958049987610528,-0.614206492869086,-0.8829103501032884,-0.3837354099403615,2.572010516160091,-0.10052917088631763,0,0
2707,-0.5589804704730826,-0.23357159108685158,-0.614206492869086,-0.1029324532117182,-1.3141017949867926,-0.3888008986421099,-0.10052917088631763,1,0
3464,0.8145929290053351,-0.6297853471879936,0.11380938572285176,-1.2633873729772251,-0.3837354099403615,-0.3888008986421099,-0.10052917088631763,0,0
2159,-0.10112267064694327,0.5022539559581258,0.11380938572285176,1.0955701688411825,-1.3141017949867926,-0.3888008986421099,-0.10052917088631763,1,0
2533,0.6619736623966218,0.8418657469019611,0.11380938572285176,-0.17902785778650554,-0.3837354099403615,-0.3888008986421099,-0.10052917088631763,0,0
1196,0.8527477456575133,0.7286618165873492,0.11380938572285176,1.1716655734159698,1.4769973601525006,-0.3888008986421099,-0.10052917088631763,0,1
3031,0.0514965959617695,-0.4033774865587696,0.8418252643147895,-0.7877910943848043,-1.3141017949867926,-0.3888008986421099,-0.10052917088631763,0,0
415,1.2724507288314741,1.4078853984750206,0.8418252643147895,0.5819261879613679,1.4769973601525006,-0.3888008986421099,-0.10052917088631763,0,1
1641,1.2724507288314741,0.9550696772165732,0.8418252643147895,0.2775445696622185,1.4769973601525006,-0.3888008986421099,-0.10052917088631763,1,1
4570,-0.10112267064694327,-0.5731833820306875,0.8418252643147895,0.44875922995549006,-0.3837354099403615,-0.3888008986421099,-0.10052917088631763,0,0
2270,0.547509212440087,0.3890500256435138,0.8418252643147895,1.0955701688411825,-1.3141017949867926,-0.3888008986421099,-0.10052917088631763,1,0
2241,0.1278062292661261,1.4078853984750206,-0.614206492869086,-1.2443635218335283,-0.3837354099403615,-0.3888008986421099,-0.10052917088631763,1,0
4910,0.8909025623096917,0.7852637817446552,-0.614206492869086,0.14437761165634067,-0.3837354099403615,-0.3888008986421099,-0.10052917088631763,1,0
289,0.9290573789618695,1.0682736075311852,0.8418252643147895,0.5629023368176711,1.4769973601525006,-0.3888008986421099,-0.10052917088631763,1,1
425,-0.48267083716872605,-1.4788148245475827,-1.342222371461024,-1.3775304798394061,-0.3837354099403615,-0.3888008986421099,-0.10052917088631763,1,1
431,1.1961410955271177,-0.4033774865587696,0.8418252643147895,-0.1409801554991119,2.4073637451989316,-0.3888008986421099,-0.10052917088631763,1,1
1415,-0.7115997370817956,-1.422212859390277,-1.342222371461024,-1.3585066286957095,-0.3837354099403615,-0.3888008986421099,-0.10052917088631763,1,1
2592,-1.3983864368210046,-0.6297853471879936,-0.614206492869086,-0.5595048806604422,-1.3141017949867926,-0.3888008986421099,-0.10052917088631763,1,0
3261,0.0133417793095912,0.2192441301715958,-0.614206492869086,0.334616123093309,-0.3837354099403615,-0.3888008986421099,-0.10052917088631763,0,0
3169,0.5093543957879086,-0.5731833820306875,-0.614206492869086,1.0575224665537888,-1.3141017949867926,-0.3888008986421099,-0.10052917088631763,0,0
4788,1.119831462222761,1.0116716423738792,0.11380938572285176,-0.7497433920974106,-1.3141017949867926,-0.3888008986421099,-0.10052917088631763,0,0
2417,0.8909025623096917,-0.23357159108685158,0.8418252643147895,0.5248546345302774,-1.3141017949867926,-0.3888008986421099,-0.10052917088631763,0,0
3384,-0.13927748729912157,1.4644873636323266,-0.614206492869086,0.2775445696622185,-0.3837354099403615,-0.3888008986421099,-0.10052917088631763,0,0
4666,0.2041158625704827,1.1814775378457971,-0.614206492869086,0.6389977413924584,0.5466309751060695,-0.3888008986421099,-0.10052917088631763,2,0
811,1.0053670122662262,1.1814775378457971,0.8418252643147895,0.6389977413924584,1.4769973601525006,-0.3888008986421099,-0.10052917088631763,0,1
1782,-0.5208256538209044,-1.1958049987610528,-1.342222371461024,-1.282411224120922,-0.3837354099403615,-0.3888008986421099,-0.10052917088631763,0,1
4612,1.3106055454836525,-1.1958049987610528,0.8418252643147895,0.220473016231128,-0.3837354099403615,-0.3888008986421099,-0.10052917088631763,1,0
4515,0.7382832957009784,0.2758460953289018,-0.614206492869086,0.3155922719496122,-1.3141017949867926,-0.3888008986421099,-0.10052917088631763,0,0
1049,-0.5208256538209044,-1.252406963918359,-1.342222371461024,-1.3394827775520126,-0.3837354099403615,-0.3888008986421099,-0.10052917088631763,1,1
4374,1.119831462222761,-1.1958049987610528,0.11380938572285176,0.5819261879613679,-0.3837354099403615,-0.3888008986421099,-0.10052917088631763,1,0
551,-1.7799346033427872,1.3512834333177146,1.5698411429067274,1.8184765123016622,0.5466309751060695,-0.3888008986421099,-0.10052917088631763,1,1
3336,0.6238188457444436,0.7286618165873492,0.8418252643147895,-1.282411224120922,-1.3141017949867926,-0.3888008986421099,-0.10052917088631763,1,0
3241,1.2724507288314741,0.049438234699677806,-0.614206492869086,-0.9019342012469853,-0.3837354099403615,-0.3888008986421099,-0.10052917088631763,1,0
4507,0.6238188457444436,-0.12036766077224019,0.8418252643147895,-1.282411224120922,-1.3141017949867926,-0.3888008986421099,9.94736145920113,0,0
2023,0.6619736623966218,-0.12036766077224019,0.11380938572285176,-1.1111965638276504,0.5466309751060695,-0.3888008986421099,-0.10052917088631763,2,0
2501,-1.2839219868644698,-1.252406963918359,0.8418252643147895,-0.5404810295167455,0.5466309751060695,-0.3888008986421099,-0.10052917088631763,1,0
3936,-0.10112267064694327,-0.8561932078172175,-0.614206492869086,1.2097132757033635,-1.3141017949867926,-0.3888008986421099,-0.10052917088631763,0,0
1318,-0.7879093703861523,-1.1958049987610528,-1.342222371461024,-1.4346020332704967,-0.3837354099403615,-0.3888008986421099,-0.10052917088631763,0,1
4826,1.4250699954401869,-1.0826010684464409,0.11380938572285176,-0.7687672432411075,-0.3837354099403615,-0.3888008986421099,-0.10052917088631763,0,0
2777,-0.21558712060347818,-0.007163730457628193,-0.614206492869086,0.9624032108353046,-0.3837354099403615,-0.3888008986421099,-0.10052917088631763,1,0
2679,0.8145929290053351,-0.6297853471879936,0.8418252643147895,-2.0243414187250988,0.5466309751060695,-0.3888008986421099,-0.10052917088631763,0,0
3542,0.8145929290053351,1.0682736075311852,-0.614206492869086,0.44875922995549006,-1.3141017949867926,-0.3888008986421099,-0.10052917088631763,1,0
4003,-0.9023738203426869,0.7286618165873492,0.11380938572285176,-1.510697437845284,0.5466309751060695,-0.3888008986421099,-0.10052917088631763,0,0
4898,1.0435218289184045,0.5022539559581258,0.11380938572285176,-0.7307195409537138,0.5466309751060695,-0.3888008986421099,-0.10052917088631763,0,0
4430,0.7001284790488002,-0.8561932078172175,0.8418252643147895,-1.2063158195461348,0.5466309751060695,-0.3888008986421099,-0.10052917088631763,0,0
4484,0.5856640290922652,0.1060401998569838,0.8418252643147895,0.5248546345302774,-0.3837354099403615,-0.3888008986421099,-0.10052917088631763,1,0
4807,0.0896514126139478,-0.912795172974523,0.11380938572285176,-1.2253396706898316,-0.3837354099403615,-0.3888008986421099,-0.10052917088631763,1,0
258,-0.597135287125261,-1.025999103289135,-1.342222371461024,-0.8829103501032884,-0.3837354099403615,-0.3888008986421099,-0.10052917088631763,0,1
1422,1.0816766455705826,1.1814775378457971,0.8418252643147895,0.7341169971109426,1.4769973601525006,2.572010516160091,-0.10052917088631763,1,1
1243,-1.8180894199949655,0.7286618165873492,1.5698411429067274,1.7994526611579653,1.4769973601525006,-0.3888008986421099,-0.10052917088631763,2,1
2801,1.3869151787880087,0.1626421650142898,0.8418252643147895,0.6770454436798521,-1.3141017949867926,-0.3888008986421099,-0.10052917088631763,0,0
2143,1.2724507288314741,-0.912795172974523,0.11380938572285176,1.2858086802781508,-1.3141017949867926,-0.3888008986421099,-0.10052917088631763,0,0
2747,1.3869151787880087,1.0116716423738792,-1.342222371461024,1.152641722272273,-0.3837354099403615,-0.3888008986421099,-0.10052917088631763,1,0
4600,-0.33005157056001305,-0.912795172974523,0.11380938572285176,1.0955701688411825,2.4073637451989316,-0.3888008986421099,-0.10052917088631763,1,0
2874,0.7382832957009784,1.1814775378457971,0.8418252643147895,-0.38829022036717076,0.5466309751060695,-0.3888008986421099,-0.10052917088631763,0,0
12,-1.7799346033427872,0.5022539559581258,1.5698411429067274,1.95164347030754,0.5466309751060695,-0.3888008986421099,-0.10052917088631763,1,1
3264,0.0133417793095912,0.049438234699677806,-0.614206492869086,-0.711695689810017,-1.3141017949867926,-0.3888008986421099,-0.10052917088631763,0,0
4467,0.0514965959617695,1.2946814681604086,0.8418252643147895,0.9814270619790014,-1.3141017949867926,-0.3888008986421099,-0.10052917088631763,0,0
1954,-0.5589804704730826,-0.8561932078172175,-1.342222371461024,-0.825838796672198,-0.3837354099403615,2.572010516160091,-0.10052917088631763,1,1
2546,-0.21558712060347818,-1.9316305458060303,1.5698411429067274,-0.6356002852352296,-0.3837354099403615,-0.3888008986421099,-0.10052917088631763,1,0
3724,-0.36820638721219134,0.049438234699677806,0.8418252643147895,-0.9590057546780758,2.4073637451989316,-0.3888008986421099,-0.10052917088631763,0,0
1190,-0.8260641870383305,-1.1958049987610528,-1.342222371461024,-0.9019342012469853,-0.3837354099403615,-0.3888008986421099,-0.10052917088631763,1,1
3840,0.7764381123531567,0.8418657469019611,-0.614206492869086,-0.23609941121759606,-0.3837354099403615,-0.3888008986421099,-0.10052917088631763,1,0
1633,-0.597135287125261,-1.252406963918359,-1.342222371461024,-1.4155781821267999,-0.3837354099403615,-0.3888008986421099,-0.10052917088631763,2,1
761,-1.8180894199949655,1.0116716423738792,2.297857021498665,1.6662857031520875,0.5466309751060695,-0.3888008986421099,-0.10052917088631763,1,1
1811,-0.5589804704730826,-1.365610894232971,-1.342222371461024,-0.8638864989595917,-0.3837354099403615,-0.3888008986421099,-0.10052917088631763,1,1
2725,0.3948899458313742,-1.365610894232971,0.11380938572285176,0.9243555085479109,0.5466309751060695,-0.3888008986421099,-0.10052917088631763,2,0
4117,-1.5510057034297173,-1.7618246503341126,0.11380938572285176,0.5629023368176711,-0.3837354099403615,2.572010516160091,-0.10052917088631763,0,0
4385,-0.36820638721219134,0.2758460953289018,-0.614206492869086,-0.1029324532117182,-0.3837354099403615,-0.3888008986421099,-0.10052917088631763,0,0
3883,1.2342959121792958,0.7286618165873492,0.8418252643147895,-0.7687672432411075,-1.3141017949867926,-0.3888008986421099,-0.10052917088631763,0,0
3393,0.8909025623096917,-0.12036766077224019,0.11380938572285176,0.3155922719496122,-1.3141017949867926,2.572010516160091,-0.10052917088631763,0,0
4419,0.6619736623966218,-0.17696962592954618,-1.342222371461024,1.038498615410092,-1.3141017949867926,2.572010516160091,-0.10052917088631763,1,0
3247,-1.3983864368210046,1.0116716423738792,-1.342222371461024,0.6960692948235488,-1.3141017949867926,-0.3888008986421099,-0.10052917088631763,1,0
4950,0.7001284790488002,0.9550696772165732,0.11380938572285176,-0.40731407151086757,-0.3837354099403615,-0.3888008986421099,-0.10052917088631763,1,0
114,1.2342959121792958,1.3512834333177146,0.11380938572285176,1.0575224665537888,1.4769973601525006,-0.3888008986421099,-0.10052917088631763,0,1
2101,-0.06296785399476497,1.2380795030031027,0.11380938572285176,0.23949686737482484,-1.3141017949867926,-0.3888008986421099,-0.10052917088631763,2,0
3818,-1.1313027202557564,-1.9316305458060303,0.8418252643147895,-1.2063158195461348,0.5466309751060695,-0.3888008986421099,-0.10052917088631763,0,0
633,-1.7799346033427872,0.9550696772165732,1.5698411429067274,1.0955701688411825,1.4769973601525006,-0.3888008986421099,-0.10052917088631763,1,1
1635,-0.7115997370817956,-1.365610894232971,-1.342222371461024,-1.4346020332704967,-0.3837354099403615,-0.3888008986421099,-0.10052917088631763,0,1
4769,1.3487603621358308,1.3512834333177146,-0.614206492869086,1.247760977990757,0.5466309751060695,-0.3888008986421099,-0.10052917088631763,1,0
3763,-1.4365412534731827,1.2946814681604086,0.8418252643147895,-0.6356002852352296,1.4769973601525006,-0.3888008986421099,-0.10052917088631763,0,0
4246,1.2724507288314741,1.4078853984750206,0.11380938572285176,-0.3692663692234739,-0.3837354099403615,-0.3888008986421099,-0.10052917088631763,1,0
3473,0.8145929290053351,-1.365610894232971,0.11380938572285176,-0.46438562494195806,-1.3141017949867926,-0.3888008986421099,-0.10052917088631763,1,0
1997,-1.7799346033427872,1.1248755726884911,2.297857021498665,1.723357256583178,0.5466309751060695,-0.3888008986421099,-0.10052917088631763,1,1
589,1.119831462222761,1.0116716423738792,0.8418252643147895,1.0575224665537888,1.4769973601525006,-0.3888008986421099,-0.10052917088631763,1,1
2706,0.2804254958748393,0.7852637817446552,0.11380938572285176,1.1716655734159698,-1.3141017949867926,2.572010516160091,-0.10052917088631763,1,0
4976,1.0816766455705826,1.2380795030031027,0.8418252643147895,0.12535376051264382,0.5466309751060695,-0.3888008986421099,-0.10052917088631763,1,0
650,-0.44451602051654776,-1.252406963918359,-1.342222371461024,-0.8829103501032884,-0.3837354099403615,-0.3888008986421099,-0.10052917088631763,0,1
1620,-0.7115997370817956,-1.365610894232971,-1.342222371461024,-0.9780296058217727,-0.3837354099403615,-0.3888008986421099,-0.10052917088631763,1,1
1078,0.8527477456575133,1.2946814681604086,0.8418252643147895,0.7911885505420331,1.4769973601525006,-0.3888008986421099,-0.10052917088631763,0,1
1257,-0.6352901037774392,-1.365610894232971,-1.342222371461024,-1.4536258844141936,-0.3837354099403615,-0.3888008986421099,-0.10052917088631763,1,1
471,-1.8180894199949655,0.7286618165873492,1.5698411429067274,1.0955701688411825,0.5466309751060695,-0.3888008986421099,-0.10052917088631763,1,1
2917,-1.7417797866906088,-1.422212859390277,-0.614206492869086,1.0575224665537888,1.4769973601525006,-0.3888008986421099,-0.10052917088631763,0,0
3610,1.4250699954401869,-0.0637656956149342,-0.614206492869086,1.152641722272273,-1.3141017949867926,2.572010516160091,-0.10052917088631763,0,0
4789,1.3487603621358308,0.1060401998569838,-1.342222371461024,-0.6356002852352296,0.5466309751060695,-0.3888008986421099,-0.10052917088631763,1,0
2457,-0.17743230395129986,-0.2901735562441576,0.11380938572285176,0.6770454436798521,-1.3141017949867926,-0.3888008986421099,-0.10052917088631763,0,0
2174,-0.8642190036905089,-0.7995912426599115,-0.614206492869086,0.5058307833865805,2.4073637451989316,2.572010516160091,-0.10052917088631763,0,0
321,-0.6352901037774392,-1.025999103289135,-1.342222371461024,-0.9399819035343789,-0.3837354099403615,2.572010516160091,-0.10052917088631763,1,1
4317,-0.29189675390783476,-1.1958049987610528,0.8418252643147895,0.6770454436798521,0.5466309751060695,-0.3888008986421099,-0.10052917088631763,0,0
2049,-0.36820638721219134,0.7286618165873492,-0.614206492869086,1.4570233405714224,0.5466309751060695,-0.3888008986421099,-0.10052917088631763,1,0
720,0.8527477456575133,1.5776912939469385,0.8418252643147895,1.0955701688411825,1.4769973601525006,-0.3888008986421099,-0.10052917088631763,1,1
152,-0.48267083716872605,-0.912795172974523,-1.342222371461024,-0.9209580523906822,-0.3837354099403615,-0.3888008986421099,-0.10052917088631763,1,1
3775,-0.10112267064694327,0.1060401998569838,-0.614206492869086,0.1634014628000375,-0.3837354099403615,2.572010516160091,-0.10052917088631763,2,0
2559,-0.17743230395129986,0.049438234699677806,0.11380938572285176,0.8672839551168204,-1.3141017949867926,-0.3888008986421099,-0.10052917088631763,0,0
528,-1.8562442366471437,1.0116716423738792,2.297857021498665,1.6472618520083906,0.5466309751060695,-0.3888008986421099,-0.10052917088631763,1,1
1741,-0.7879093703861523,-1.0826010684464409,-1.342222371461024,-1.187291968402438,-0.3837354099403615,-0.3888008986421099,-0.10052917088631763,0,1
3462,0.7382832957009784,-0.4033774865587696,0.11380938572285176,-0.7307195409537138,-1.3141017949867926,-0.3888008986421099,-0.10052917088631763,0,0
2680,-1.5510057034297173,1.0116716423738792,1.5698411429067274,0.2775445696622185,2.4073637451989316,2.572010516160091,-0.10052917088631763,0,0
4132,1.4250699954401869,-0.7429892775026056,-1.342222371461024,-0.9209580523906822,0.5466309751060695,-0.3888008986421099,-0.10052917088631763,2,0
2697,-0.29189675390783476,-0.9693971381318289,-0.614206492869086,-0.5024333272293517,-0.3837354099403615,-0.3888008986421099,-0.10052917088631763,1,0
934,-1.8180894199949655,1.3512834333177146,1.5698411429067274,0.9814270619790014,0.5466309751060695,2.572010516160091,-0.10052917088631763,0,1
220,1.1961410955271177,0.8418657469019611,0.8418252643147895,0.4297353788117932,1.4769973601525006,-0.3888008986421099,-0.10052917088631763,1,1
628,-0.6352901037774392,-1.4788148245475827,-1.342222371461024,-0.8829103501032884,-0.3837354099403615,2.572010516160091,-0.10052917088631763,1,1
4059,1.0053670122662262,-2.0448344761206423,1.5698411429067274,1.019474764266395,1.4769973601525006,-0.3888008986421099,-0.10052917088631763,1,0
2429,0.2804254958748393,0.7852637817446552,0.8418252643147895,0.9053316574042141,-0.3837354099403615,-0.3888008986421099,-0.10052917088631763,1,0
534,-0.5589804704730826,-1.1958049987610528,-1.342222371461024,-1.2633873729772251,-0.3837354099403615,-0.3888008986421099,-0.10052917088631763,0,1
4951,0.0514965959617695,-1.7052226851768066,-0.614206492869086,-0.12195630435541505,-0.3837354099403615,-0.3888008986421099,-0.10052917088631763,1,0
4212,0.1278062292661261,1.0116716423738792,0.8418252643147895,-1.7009359492822524,-0.3837354099403615,-0.3888008986421099,-0.10052917088631763,0,0
3976,-1.3602316201688263,-1.309008929075665,0.11380938572285176,0.29656842080591533,0.5466309751060695,-0.3888008986421099,-0.10052917088631763,1,0
4572,0.43304476248355206,1.1248755726884911,0.11380938572285176,-1.0160773081091663,-1.3141017949867926,-0.3888008986421099,-0.10052917088631763,0,0
695,0.7764381123531567,-0.0637656956149342,-0.614206492869086,0.8863078062605173,1.4769973601525006,-0.3888008986421099,-0.10052917088631763,0,1
3771,0.3185803125270176,-0.17696962592954618,0.11380938572285176,-0.08390860206802138,-0.3837354099403615,2.572010516160091,-0.10052917088631763,0,0
2858,-0.8642190036905089,0.4456519908008198,-0.614206492869086,-1.2443635218335283,1.4769973601525006,-0.3888008986421099,-0.10052917088631763,1,0
3112,1.119831462222761,-0.0637656956149342,0.8418252643147895,-1.0921727126839538,0.5466309751060695,-0.3888008986421099,-0.10052917088631763,0,0
3670,0.2041158625704827,1.4644873636323266,-0.614206492869086,-0.8068149455285011,0.5466309751060695,2.572010516160091,-0.10052917088631763,1,0
638,-0.5589804704730826,-1.1392030336037469,-1.342222371461024,-1.05412501039656,-0.3837354099403615,-0.3888008986421099,-0.10052917088631763,1,1
752,-0.44451602051654776,-1.5354167897048887,-1.342222371461024,-1.2253396706898316,-0.3837354099403615,-0.3888008986421099,9.94736145920113,1,1
2784,0.1278062292661261,1.1814775378457971,-1.342222371461024,0.8482601039731236,-0.3837354099403615,-0.3888008986421099,-0.10052917088631763,1,0
2332,0.9290573789618695,0.6154578862727372,-0.614206492869086,1.3048325314218476,-1.3141017949867926,-0.3888008986421099,-0.10052917088631763,0,0
999,-0.7879093703861523,-1.4788148245475827,-1.342222371461024,-0.9019342012469853,-0.3837354099403615,-0.3888008986421099,-0.10052917088631763,0,1
2296,1.6158440787010784,0.7852637817446552,0.11380938572285176,-0.7877910943848043,-1.3141017949867926,-0.3888008986421099,-0.10052917088631763,2,0
4567,-0.9786834536470435,0.2758460953289018,1.5698411429067274,-1.7199598004259493,0.5466309751060695,-0.3888008986421099,-0.10052917088631763,0,0
1380,-0.7879093703861523,-1.365610894232971,-1.342222371461024,-0.9209580523906822,-0.3837354099403615,-0.3888008986421099,-0.10052917088631763,1,1
1619,1.1579862788749393,0.9550696772165732,0.11380938572285176,0.9814270619790014,1.4769973601525006,-0.3888008986421099,-0.10052917088631763,1,1
80,-0.7115997370817956,-0.912795172974523,-1.342222371461024,-1.1492442661150442,-0.3837354099403615,-0.3888008986421099,-0.10052917088631763,1,1
3375,0.547509212440087,-1.1958049987610528,-0.614206492869086,0.9814270619790014,-1.3141017949867926,-0.3888008986421099,-0.10052917088631763,1,0
472,-0.5208256538209044,-1.0826010684464409,-1.342222371461024,-1.0160773081091663,-0.3837354099403615,-0.3888008986421099,-0.10052917088631763,1,1
1299,-0.48267083716872605,-1.5354167897048887,-1.342222371461024,-1.3585066286957095,-0.3837354099403615,-0.3888008986421099,-0.10052917088631763,1,1
3692,0.8145929290053351,1.1814775378457971,0.8418252643147895,-0.8068149455285011,0.5466309751060695,2.572010516160091,-0.10052917088631763,0,0
4149,1.2342959121792958,1.3512834333177146,-1.342222371461024,1.0575224665537888,-1.3141017949867926,-0.3888008986421099,-0.10052917088631763,1,0
1025,-0.597135287125261,-1.422212859390277,-1.342222371461024,-1.396554330983103,-0.3837354099403615,-0.3888008986421099,-0.10052917088631763,1,1
526,-0.6352901037774392,-0.912795172974523,-1.342222371461024,-0.9970534569654695,-0.3837354099403615,-0.3888008986421099,-0.10052917088631763,1,1
103,-0.597135287125261,-1.4788148245475827,-1.342222371461024,-0.9970534569654695,-0.3837354099403615,-0.3888008986421099,-0.10052917088631763,0,1
797,-0.48267083716872605,-1.309008929075665,-1.342222371461024,-0.9780296058217727,-0.3837354099403615,-0.3888008986421099,-0.10052917088631763,1,1
2843,0.5856640290922652,0.8984677120592672,0.8418252643147895,0.030234504794159643,1.4769973601525006,-0.3888008986421099,-0.10052917088631763,1,0
873,-1.8180894199949655,1.0116716423738792,0.8418252643147895,1.152641722272273,0.5466309751060695,-0.3888008986421099,-0.10052917088631763,1,1
4918,0.9672121956140478,-0.007163730457628193,0.11380938572285176,-0.7877910943848043,-0.3837354099403615,-0.3888008986421099,-0.10052917088631763,1,0
1241,-0.5589804704730826,-1.1958049987610528,-1.342222371461024,-1.3394827775520126,-0.3837354099403615,-0.3888008986421099,-0.10052917088631763,0,1
3186,1.2342959121792958,0.1060401998569838,0.8418252643147895,0.8863078062605173,-0.3837354099403615,-0.3888008986421099,-0.10052917088631763,0,0
1064,-1.7799346033427872,1.0682736075311852,1.5698411429067274,1.8945719168764497,0.5466309751060695,-0.3888008986421099,-0.10052917088631763,1,1
2884,-0.0248130373425871,-0.6863873123452996,-0.614206492869086,-0.00781319749323403,-0.3837354099403615,-0.3888008986421099,-0.10052917088631763,0,0
3952,1.4250699954401869,-0.5165814168733815,-0.614206492869086,0.8863078062605173,-0.3837354099403615,-0.3888008986421099,-0.10052917088631763,1,0
9,1.1961410955271177,1.5776912939469385,0.8418252643147895,0.4107115276680964,1.4769973601525006,-0.3888008986421099,-0.10052917088631763,1,1
3673,-1.0549930869514001,-0.0637656956149342,-0.614206492869086,-0.9019342012469853,-1.3141017949867926,-0.3888008986421099,-0.10052917088631763,1,0
1391,-1.7799346033427872,0.3890500256435138,1.5698411429067274,0.7911885505420331,0.5466309751060695,2.572010516160091,-0.10052917088631763,0,1
3725,-0.0248130373425871,0.7852637817446552,0.11380938572285176,1.247760977990757,2.4073637451989316,-0.3888008986421099,-0.10052917088631763,0,0
2135,-0.36820638721219134,0.4456519908008198,0.11380938572285176,1.247760977990757,-0.3837354099403615,-0.3888008986421099,-0.10052917088631763,0,0
1026,-0.6734449204296173,-1.5354167897048887,-1.342222371461024,-1.1492442661150442,-0.3837354099403615,-0.3888008986421099,-0.10052917088631763,1,1
2924,0.9672121956140478,-0.8561932078172175,0.11380938572285176,0.5629023368176711,-0.3837354099403615,-0.3888008986421099,-0.10052917088631763,0,0
3136,0.5856640290922652,0.8418657469019611,-0.614206492869086,-1.1492442661150442,-0.3837354099403615,-0.3888008986421099,-0.10052917088631763,1,0
1639,-0.597135287125261,-0.9693971381318289,-1.342222371461024,-1.073148861540257,-0.3837354099403615,-0.3888008986421099,-0.10052917088631763,1,1
3495,1.3106055454836525,1.1814775378457971,0.11380938572285176,0.8482601039731236,-1.3141017949867926,-0.3888008986421099,-0.10052917088631763,0,0
17,-0.48267083716872605,-1.422212859390277,-1.342222371461024,-0.8068149455285011,-0.3837354099403615,-0.3888008986421099,-0.10052917088631763,1,1
2728,-1.627315336734074,-0.912795172974523,1.5698411429067274,-1.187291968402438,1.4769973601525006,-0.3888008986421099,-0.10052917088631763,0,0
3476,0.2041158625704827,-1.025999103289135,-0.614206492869086,-1.0921727126839538,-1.3141017949867926,2.572010516160091,-0.10052917088631763,1,0
2075,-0.48267083716872605,-0.34677552140146356,-0.614206492869086,-1.7389836515696462,0.5466309751060695,-0.3888008986421099,-0.10052917088631763,1,0
4243,0.5856640290922652,1.0682736075311852,-0.614206492869086,0.6770454436798521,-1.3141017949867926,-0.3888008986421099,-0.10052917088631763,0,0
2933,-1.3602316201688263,-1.5920187548621947,-0.614206492869086,-0.6926718386663201,2.4073637451989316,-0.3888008986421099,-0.10052917088631763,1,0
1070,-1.8180894199949655,0.9550696772165732,1.5698411429067274,0.7911885505420331,0.5466309751060695,2.572010516160091,-0.10052917088631763,1,1
66,0.8909025623096917,-0.12036766077224019,1.5698411429067274,-0.7877910943848043,0.5466309751060695,-0.3888008986421099,-0.10052917088631763,0,1
4785,-1.0549930869514001,-0.23357159108685158,-0.614206492869086,0.5058307833865805,2.4073637451989316,-0.3888008986421099,-0.10052917088631763,0,0
2512,-0.29189675390783476,0.3324480604862078,-0.614206492869086,0.4868069322428837,-1.3141017949867926,-0.3888008986421099,-0.10052917088631763,1,0
4740,-0.36820638721219134,-1.0826010684464409,-0.614206492869086,-1.7009359492822524,0.5466309751060695,-0.3888008986421099,-0.10052917088631763,0,0
4274,-0.06296785399476497,0.5022539559581258,0.8418252643147895,1.3619040848529382,0.5466309751060695,-0.3888008986421099,-0.10052917088631763,0,0
282,-1.1694575369079347,-0.912795172974523,-0.614206492869086,1.8755480657327528,-0.3837354099403615,-0.3888008986421099,-0.10052917088631763,1,1
1346,-0.7497545537339739,1.5776912939469385,0.8418252643147895,-1.2443635218335283,0.5466309751060695,-0.3888008986421099,-0.10052917088631763,1,1
195,1.1961410955271177,1.2946814681604086,0.11380938572285176,1.3809279359966349,1.4769973601525006,-0.3888008986421099,-0.10052917088631763,0,1
3269,0.6238188457444436,-0.5165814168733815,0.11380938572285176,-0.6165764340915327,-1.3141017949867926,-0.3888008986421099,-0.10052917088631763,0,0
4716,0.2041158625704827,-0.8561932078172175,0.8418252643147895,-0.8068149455285011,-1.3141017949867926,-0.3888008986421099,-0.10052917088631763,1,0
1755,-0.5208256538209044,-1.1392030336037469,-1.342222371461024,-1.2443635218335283,-0.3837354099403615,-0.3888008986421099,-0.10052917088631763,0,1
3010,1.4250699954401869,-0.0637656956149342,-0.614206492869086,0.9243555085479109,-1.3141017949867926,2.572010516160091,-0.10052917088631763,1,0
2287,-0.06296785399476497,-0.45997945171607557,-0.614206492869086,1.0955701688411825,-0.3837354099403615,-0.3888008986421099,-0.10052917088631763,0,0
2079,0.43304476248355206,-0.8561932078172175,0.8418252643147895,0.8102124016857299,-1.3141017949867926,2.572010516160091,-0.10052917088631763,1,0
4319,1.0053670122662262,1.0116716423738792,0.11380938572285176,0.6580215925361552,-1.3141017949867926,-0.3888008986421099,-0.10052917088631763,1,0
4070,0.9672121956140478,-0.17696962592954618,0.11380938572285176,0.5629023368176711,-1.3141017949867926,-0.3888008986421099,-0.10052917088631763,1,0
2390,1.3487603621358308,-0.5165814168733815,-0.614206492869086,-0.8068149455285011,0.5466309751060695,2.572010516160091,-0.10052917088631763,1,0
2951,-0.29189675390783476,0.049438234699677806,0.11380938572285176,0.6580215925361552,-1.3141017949867926,-0.3888008986421099,-0.10052917088631763,0,0
530,-0.7115997370817956,-0.8561932078172175,-1.342222371461024,-1.0921727126839538,-0.3837354099403615,-0.3888008986421099,-0.10052917088631763,0,1
3704,0.3948899458313742,-0.12036766077224019,-0.614206492869086,0.12535376051264382,-0.3837354099403615,-0.3888008986421099,-0.10052917088631763,2,0
2168,1.3106055454836525,0.6720598514300432,0.11380938572285176,0.10632990936894698,-1.3141017949867926,-0.3888008986421099,-0.10052917088631763,0,0
3132,0.0133417793095912,-0.34677552140146356,-0.614206492869086,0.9053316574042141,1.4769973601525006,-0.3888008986421099,-0.10052917088631763,1,0
1173,-0.48267083716872605,-1.309008929075665,-1.342222371461024,-1.1111965638276504,-0.3837354099403615,-0.3888008986421099,-0.10052917088631763,1,1
499,-0.5208256538209044,-1.365610894232971,-1.342222371461024,-1.1302204149713473,-0.3837354099403615,-0.3888008986421099,-0.10052917088631763,0,1
3023,0.9290573789618695,-0.5165814168733815,0.11380938572285176,0.5629023368176711,0.5466309751060695,-0.3888008986421099,-0.10052917088631763,1,0
2484,1.3869151787880087,0.3324480604862078,-0.614206492869086,-0.3502425180797771,-0.3837354099403615,2.572010516160091,-0.10052917088631763,0,0
3237,-1.5510057034297173,1.1814775378457971,0.8418252643147895,-0.3692663692234739,1.4769973601525006,-0.3888008986421099,-0.10052917088631763,2,0
1714,0.2041158625704827,1.1814775378457971,0.8418252643147895,-0.7497433920974106,-0.3837354099403615,-0.3888008986421099,-0.10052917088631763,0,1
428,-0.10112267064694327,-0.6863873123452996,-0.614206492869086,-0.42633792265456444,0.5466309751060695,-0.3888008986421099,-0.10052917088631763,0,1
4724,-0.33005157056001305,-0.7995912426599115,0.11380938572285176,0.20144916508743116,0.5466309751060695,2.572010516160091,-0.10052917088631763,1,0
4160,1.2342959121792958,-0.5731833820306875,0.11380938572285176,1.0575224665537888,-0.3837354099403615,-0.3888008986421099,-0.10052917088631763,0,0
1494,-0.7497545537339739,-1.5354167897048887,-1.342222371461024,-0.9780296058217727,-0.3837354099403615,-0.3888008986421099,-0.10052917088631763,1,1
2618,0.5093543957879086,-1.1958049987610528,-0.614206492869086,0.8672839551168204,0.5466309751060695,-0.3888008986421099,-0.10052917088631763,1,0
2127,0.5856640290922652,-1.1392030336037469,0.11380938572285176,-0.7687672432411075,-0.3837354099403615,-0.3888008986421099,-0.10052917088631763,1,0
3251,-0.21558712060347818,0.049438234699677806,-1.342222371461024,0.5819261879613679,-0.3837354099403615,-0.3888008986421099,-0.10052917088631763,0,0
2693,0.3948899458313742,-1.1958049987610528,0.11380938572285176,-0.8638864989595917,-0.3837354099403615,-0.3888008986421099,-0.10052917088631763,1,0
2600,-0.36820638721219134,0.9550696772165732,0.8418252643147895,-0.44536177379826125,-0.3837354099403615,-0.3888008986421099,-0.10052917088631763,0,0
1993,-1.627315336734074,-0.5165814168733815,2.297857021498665,0.5058307833865805,-0.3837354099403615,-0.3888008986421099,-0.10052917088631763,1,1
2015,0.0514965959617695,0.8418657469019611,-0.614206492869086,1.247760977990757,0.5466309751060695,-0.3888008986421099,-0.10052917088631763,0,0
2994,0.3185803125270176,-1.1392030336037469,-0.614206492869086,-1.0160773081091663,0.5466309751060695,2.572010516160091,-0.10052917088631763,0,0
2372,0.7764381123531567,1.4644873636323266,0.8418252643147895,-0.8448626478158948,-1.3141017949867926,-0.3888008986421099,-0.10052917088631763,0,0
1208,0.8909025623096917,1.4644873636323266,0.8418252643147895,0.6580215925361552,1.4769973601525006,-0.3888008986421099,-0.10052917088631763,0,1
3972,-1.4365412534731827,1.4078853984750206,1.5698411429067274,0.4107115276680964,1.4769973601525006,2.572010516160091,-0.10052917088631763,0,0
3955,0.47119957913573035,0.6720598514300432,-1.342222371461024,-1.6819120981385556,0.5466309751060695,-0.3888008986421099,-0.10052917088631763,1,0
4181,0.47119957913573035,0.7286618165873492,-0.614206492869086,-0.2741471135049897,-1.3141017949867926,-0.3888008986421099,-0.10052917088631763,0,0
1926,0.5856640290922652,1.4078853984750206,1.5698411429067274,-0.2551232623612929,-1.3141017949867926,-0.3888008986421099,-0.10052917088631763,1,1
33,-0.6734449204296173,-1.1958049987610528,-1.342222371461024,-1.0921727126839538,-0.3837354099403615,-0.3888008986421099,-0.10052917088631763,1,1
4190,0.1278062292661261,-1.252406963918359,0.11380938572285176,0.2775445696622185,0.5466309751060695,2.572010516160091,-0.10052917088631763,0,0
3257,1.4250699954401869,-1.252406963918359,0.11380938572285176,0.7531408482546395,-1.3141017949867926,-0.3888008986421099,-0.10052917088631763,0,0
1708,-0.5589804704730826,-1.1958049987610528,-1.342222371461024,-1.3585066286957095,-0.3837354099403615,-0.3888008986421099,-0.10052917088631763,0,1
2395,1.3869151787880087,1.1814775378457971,0.11380938572285176,0.334616123093309,-0.3837354099403615,-0.3888008986421099,-0.10052917088631763,1,0
1672,-0.597135287125261,-1.025999103289135,-1.342222371461024,-1.1302204149713473,-0.3837354099403615,-0.3888008986421099,-0.10052917088631763,2,1
4105,0.2804254958748393,-1.309008929075665,0.11380938572285176,-0.3502425180797771,0.5466309751060695,-0.3888008986421099,-0.10052917088631763,0,0
1085,0.7382832957009784,0.6154578862727372,0.11380938572285176,0.8102124016857299,1.4769973601525006,-0.3888008986421099,-0.10052917088631763,0,1
517,-1.8180894199949655,0.9550696772165732,1.5698411429067274,0.8482601039731236,0.5466309751060695,-0.3888008986421099,-0.10052917088631763,1,1
736,0.9672121956140478,1.5210893287896325,0.8418252643147895,1.0575224665537888,1.4769973601525006,-0.3888008986421099,-0.10052917088631763,2,1
131,-1.8180894199949655,0.6154578862727372,1.5698411429067274,1.7043334054394812,0.5466309751060695,-0.3888008986421099,-0.10052917088631763,1,1
4087,-1.5891605200818957,0.6720598514300432,-0.614206492869086,0.6770454436798521,2.4073637451989316,-0.3888008986421099,-0.10052917088631763,0,0
3908,1.6158440787010784,0.5022539559581258,0.8418252643147895,0.7721646993983362,-0.3837354099403615,-0.3888008986421099,-0.10052917088631763,1,0
2765,0.43304476248355206,-0.4033774865587696,0.11380938572285176,0.5629023368176711,-1.3141017949867926,2.572010516160091,-0.10052917088631763,1,0
1569,-0.6352901037774392,-1.422212859390277,-1.342222371461024,-1.0921727126839538,-0.3837354099403615,-0.3888008986421099,-0.10052917088631763,1,1
2223,-1.207612353560113,-0.5165814168733815,1.5698411429067274,-1.9482460141503113,0.5466309751060695,-0.3888008986421099,-0.10052917088631763,0,0
539,1.119831462222761,1.5776912939469385,0.8418252643147895,1.1145940199848794,1.4769973601525006,2.572010516160091,-0.10052917088631763,0,1
4552,-0.17743230395129986,0.1060401998569838,0.8418252643147895,0.6580215925361552,-1.3141017949867926,-0.3888008986421099,9.94736145920113,0,0
1987,1.0053670122662262,0.5588559211154311,0.8418252643147895,0.7150931459672457,1.4769973601525006,-0.3888008986421099,-0.10052917088631763,0,1
402,0.7001284790488002,1.1248755726884911,0.11380938572285176,0.8292362528294267,1.4769973601525006,-0.3888008986421099,-0.10052917088631763,1,1
64,-0.8260641870383305,-0.912795172974523,-1.342222371461024,-1.3394827775520126,-0.3837354099403615,-0.3888008986421099,-0.10052917088631763,0,1
3062,-0.36820638721219134,-1.8750285806487244,0.11380938572285176,1.3238563825655445,-0.3837354099403615,-0.3888008986421099,-0.10052917088631763,1,0
69,0.7001284790488002,0.7852637817446552,0.8418252643147895,0.3916876765243995,1.4769973601525006,2.572010516160091,-0.10052917088631763,0,1
2720,0.1278062292661261,0.2758460953289018,0.11380938572285176,-1.1492442661150442,-0.3837354099403615,-0.3888008986421099,-0.10052917088631763,0,0
3966,1.0816766455705826,-0.2901735562441576,0.8418252643147895,-0.045860899780627705,-0.3837354099403615,-0.3888008986421099,-0.10052917088631763,0,0
2856,1.0816766455705826,0.7852637817446552,-0.614206492869086,-0.9019342012469853,0.5466309751060695,-0.3888008986421099,-0.10052917088631763,1,0
2222,0.7764381123531567,0.5022539559581258,0.11380938572285176,0.5629023368176711,-0.3837354099403615,-0.3888008986421099,-0.10052917088631763,0,0
1808,-1.7799346033427872,1.2380795030031027,2.297857021498665,1.4760471917151192,1.4769973601525006,-0.3888008986421099,-0.10052917088631763,1,1
658,-0.5589804704730826,-0.9693971381318289,-1.342222371461024,-1.3775304798394061,-0.3837354099403615,-0.3888008986421099,-0.10052917088631763,2,1
4777,0.2041158625704827,-0.45997945171607557,-0.614206492869086,0.7721646993983362,-0.3837354099403615,-0.3888008986421099,-0.10052917088631763,0,0
2455,0.547509212440087,0.3890500256435138,-0.614206492869086,-1.0160773081091663,-0.3837354099403615,-0.3888008986421099,-0.10052917088631763,0,0
296,-0.7497545537339739,-1.1958049987610528,-1.342222371461024,-1.073148861540257,-0.3837354099403615,-0.3888008986421099,-0.10052917088631763,0,1
2031,1.0435218289184045,-0.7429892775026056,-0.614206492869086,0.6199738902487616,-0.3837354099403615,-0.3888008986421099,-0.10052917088631763,1,0
1252,-0.5589804704730826,-0.8561932078172175,-1.342222371461024,-0.9780296058217727,-0.3837354099403615,2.572010516160091,-0.10052917088631763,1,1
2374,-0.7497545537339739,-0.17696962592954618,-0.614206492869086,-1.9672698652940082,-0.3837354099403615,2.572010516160091,-0.10052917088631763,2,0
2635,-0.5208256538209044,-1.7052226851768066,0.11380938572285176,-0.825838796672198,0.5466309751060695,-0.3888008986421099,-0.10052917088631763,0,0
1538,-0.6734449204296173,-0.8561932078172175,-1.342222371461024,-0.9590057546780758,-0.3837354099403615,-0.3888008986421099,-0.10052917088631763,1,1
2204,1.0435218289184045,-0.8561932078172175,0.11380938572285176,0.25852071851852165,-1.3141017949867926,-0.3888008986421099,-0.10052917088631763,1,0
1378,-1.7799346033427872,0.7852637817446552,1.5698411429067274,1.3428802337092414,0.5466309751060695,2.572010516160091,-0.10052917088631763,1,1
190,-0.5208256538209044,-1.1958049987610528,-1.342222371461024,-0.8829103501032884,-0.3837354099403615,-0.3888008986421099,-0.10052917088631763,2,1
3235,1.0053670122662262,0.3890500256435138,1.5698411429067274,-1.187291968402438,-1.3141017949867926,-0.3888008986421099,-0.10052917088631763,2,0
820,-0.48267083716872605,-1.1958049987610528,-1.342222371461024,-1.2253396706898316,-0.3837354099403615,-0.3888008986421099,-0.10052917088631763,1,1
4355,1.0053670122662262,-0.7995912426599115,-0.614206492869086,-1.187291968402438,-0.3837354099403615,-0.3888008986421099,-0.10052917088631763,0,0
3609,1.1961410955271177,-0.34677552140146356,0.8418252643147895,0.4107115276680964,-1.3141017949867926,-0.3888008986421099,-0.10052917088631763,0,0
4448,0.5093543957879086,1.1248755726884911,0.11380938572285176,0.8672839551168204,-0.3837354099403615,2.572010516160091,-0.10052917088631763,1,0
42,-0.48267083716872605,-1.365610894232971,-1.342222371461024,-0.8448626478158948,-0.3837354099403615,-0.3888008986421099,-0.10052917088631763,1,1
3166,0.8909025623096917,0.6154578862727372,0.11380938572285176,1.0765463176974857,-0.3837354099403615,2.572010516160091,-0.10052917088631763,1,0
3709,0.6619736623966218,0.049438234699677806,-0.614206492869086,0.4297353788117932,0.5466309751060695,-0.3888008986421099,-0.10052917088631763,1,0
3589,0.547509212440087,0.2192441301715958,0.11380938572285176,-1.1111965638276504,-0.3837354099403615,2.572010516160091,-0.10052917088631763,1,0
3947,-0.21558712060347818,1.1248755726884911,0.11380938572285176,-0.9970534569654695,-1.3141017949867926,2.572010516160091,-0.10052917088631763,1,0
2288,-1.0931479036035785,-0.912795172974523,0.8418252643147895,0.5438784856739742,2.4073637451989316,-0.3888008986421099,-0.10052917088631763,0,0
1659,0.8909025623096917,1.4078853984750206,0.8418252643147895,0.5248546345302774,1.4769973601525006,-0.3888008986421099,-0.10052917088631763,1,1
4972,0.2041158625704827,0.1060401998569838,0.11380938572285176,-0.9019342012469853,-1.3141017949867926,-0.3888008986421099,-0.10052917088631763,0,0
760,-0.6352901037774392,-0.9693971381318289,-1.342222371461024,-0.9780296058217727,-0.3837354099403615,-0.3888008986421099,-0.10052917088631763,1,1
925,-0.597135287125261,-0.912795172974523,-1.342222371461024,-1.05412501039656,-0.3837354099403615,-0.3888008986421099,-0.10052917088631763,0,1
4810,1.0816766455705826,-1.0826010684464409,0.11380938572285176,-0.8068149455285011,-1.3141017949867926,2.572010516160091,-0.10052917088631763,0,0
4006,-0.06296785399476497,-1.365610894232971,0.11380938572285176,-0.1029324532117182,-0.3837354099403615,2.572010516160091,-0.10052917088631763,2,0
966,0.8527477456575133,-0.5165814168733815,0.8418252643147895,-0.42633792265456444,1.4769973601525006,-0.3888008986421099,-0.10052917088631763,0,1
1244,0.9290573789618695,0.7286618165873492,0.11380938572285176,1.3619040848529382,1.4769973601525006,-0.3888008986421099,-0.10052917088631763,1,1
2988,-0.13927748729912157,-0.7995912426599115,0.11380938572285176,0.06828220708155332,-0.3837354099403615,-0.3888008986421099,-0.10052917088631763,0,0
4744,0.7764381123531567,-1.025999103289135,0.8418252643147895,1.038498615410092,-0.3837354099403615,-0.3888008986421099,-0.10052917088631763,2,0
2152,0.8145929290053351,1.5210893287896325,-0.614206492869086,-0.16000400664280873,0.5466309751060695,-0.3888008986421099,-0.10052917088631763,1,0
449,-0.8260641870383305,-1.365610894232971,-1.342222371461024,-0.825838796672198,-0.3837354099403615,-0.3888008986421099,-0.10052917088631763,1,1
4611,1.1961410955271177,1.4644873636323266,-0.614206492869086,0.334616123093309,-0.3837354099403615,-0.3888008986421099,-0.10052917088631763,1,0
4609,1.1579862788749393,0.6720598514300432,-0.614206492869086,1.2097132757033635,-0.3837354099403615,-0.3888008986421099,-0.10052917088631763,1,0
81,-0.48267083716872605,-1.025999103289135,-1.342222371461024,-1.187291968402438,-0.3837354099403615,-0.3888008986421099,-0.10052917088631763,1,1
3646,0.8527477456575133,-0.45997945171607557,0.11380938572285176,0.8292362528294267,-0.3837354099403615,2.572010516160091,-0.10052917088631763,0,0
3119,-0.29189675390783476,0.2758460953289018,-0.614206492869086,-0.6926718386663201,-0.3837354099403615,-0.3888008986421099,-0.10052917088631763,0,0
1052,-1.8562442366471437,1.1248755726884911,1.5698411429067274,1.1145940199848794,0.5466309751060695,-0.3888008986421099,-0.10052917088631763,0,1
213,1.1579862788749393,1.5776912939469385,0.8418252643147895,0.3155922719496122,1.4769973601525006,-0.3888008986421099,-0.10052917088631763,1,1
3387,-0.06296785399476497,0.049438234699677806,0.11380938572285176,-1.3014350752646189,-0.3837354099403615,-0.3888008986421099,-0.10052917088631763,0,0
1272,-1.7799346033427872,1.4078853984750206,1.5698411429067274,1.628238000864694,0.5466309751060695,-0.3888008986421099,-0.10052917088631763,0,1
4252,0.47119957913573035,-0.912795172974523,0.11380938572285176,-0.38829022036717076,-1.3141017949867926,-0.3888008986421099,-0.10052917088631763,1,0
382,-0.7497545537339739,-1.4788148245475827,-1.342222371461024,-1.0921727126839538,-0.3837354099403615,-0.3888008986421099,-0.10052917088631763,0,1
3340,1.1579862788749393,1.4644873636323266,-0.614206492869086,1.152641722272273,-0.3837354099403615,2.572010516160091,-0.10052917088631763,2,0
983,1.0435218289184045,1.4078853984750206,0.11380938572285176,1.2097132757033635,2.4073637451989316,-0.3888008986421099,-0.10052917088631763,1,1
2478,0.8909025623096917,0.6154578862727372,-0.614206492869086,-0.12195630435541505,-1.3141017949867926,-0.3888008986421099,-0.10052917088631763,1,0
4588,-0.33005157056001305,-0.0637656956149342,-1.342222371461024,-1.624840544707465,-0.3837354099403615,-0.3888008986421099,-0.10052917088631763,2,0
2251,-1.5891605200818957,1.0116716423738792,0.8418252643147895,1.0575224665537888,-0.3837354099403615,-0.3888008986421099,-0.10052917088631763,0,0
1968,-0.6352901037774392,-1.422212859390277,-1.342222371461024,-1.1302204149713473,-0.3837354099403615,2.572010516160091,-0.10052917088631763,1,1
814,-1.627315336734074,-0.9693971381318289,1.5698411429067274,-1.2063158195461348,0.5466309751060695,-0.3888008986421099,-0.10052917088631763,2,1
2229,1.1961410955271177,-0.23357159108685158,-0.614206492869086,-0.5214571783730486,-1.3141017949867926,-0.3888008986421099,-0.10052917088631763,1,0
188,-0.6734449204296173,-1.4788148245475827,-1.342222371461024,-1.1302204149713473,-0.3837354099403615,-0.3888008986421099,-0.10052917088631763,0,1
429,-0.7879093703861523,-1.5354167897048887,-1.342222371461024,-1.4536258844141936,-0.3837354099403615,-0.3888008986421099,-0.10052917088631763,0,1
2211,-0.5589804704730826,-1.8750285806487244,0.8418252643147895,-0.08390860206802138,1.4769973601525006,-0.3888008986421099,-0.10052917088631763,0,0
1199,-1.8562442366471437,0.4456519908008198,1.5698411429067274,1.8184765123016622,0.5466309751060695,-0.3888008986421099,-0.10052917088631763,0,1
550,-0.6352901037774392,-1.422212859390277,-1.342222371461024,-1.2253396706898316,-0.3837354099403615,-0.3888008986421099,-0.10052917088631763,1,1
3456,0.0514965959617695,0.5022539559581258,0.11380938572285176,-0.5595048806604422,-1.3141017949867926,-0.3888008986421099,-0.10052917088631763,0,0
4813,-1.627315336734074,1.0682736075311852,-1.342222371461024,0.08730605822525014,-0.3837354099403615,-0.3888008986421099,-0.10052917088631763,0,0
3658,0.7764381123531567,1.0682736075311852,-0.614206492869086,0.6770454436798521,-1.3141017949867926,-0.3888008986421099,-0.10052917088631763,2,0
3377,0.8909025623096917,0.6154578862727372,-0.614206492869086,-1.3394827775520126,0.5466309751060695,-0.3888008986421099,-0.10052917088631763,0,0
1201,0.9672121956140478,1.5776912939469385,0.8418252643147895,1.152641722272273,1.4769973601525006,-0.3888008986421099,-0.10052917088631763,0,1
1613,-0.5589804704730826,-0.9693971381318289,0.11380938572285176,-1.3014350752646189,-0.3837354099403615,-0.3888008986421099,-0.10052917088631763,1,1
1805,-0.7497545537339739,-1.1958049987610528,-1.342222371461024,-1.2443635218335283,-0.3837354099403615,-0.3888008986421099,-0.10052917088631763,1,1
4053,-0.48267083716872605,1.1248755726884911,1.5698411429067274,-0.7307195409537138,0.5466309751060695,2.572010516160091,-0.10052917088631763,1,0
4146,-0.13927748729912157,-0.2901735562441576,-1.342222371461024,-1.396554330983103,-0.3837354099403615,2.572010516160091,-0.10052917088631763,1,0
2113,0.0514965959617695,0.5022539559581258,0.11380938572285176,-0.045860899780627705,-1.3141017949867926,-0.3888008986421099,-0.10052917088631763,1,0
4194,0.8909025623096917,1.0116716423738792,0.11380938572285176,-0.711695689810017,-0.3837354099403615,-0.3888008986421099,-0.10052917088631763,0,0
1857,-1.7799346033427872,1.1248755726884911,1.5698411429067274,1.495071042858816,0.5466309751060695,-0.3888008986421099,-0.10052917088631763,0,1
2061,0.47119957913573035,-1.0826010684464409,0.11380938572285176,-0.46438562494195806,-1.3141017949867926,-0.3888008986421099,-0.10052917088631763,0,0
4150,0.1659610459183044,-0.5731833820306875,0.11380938572285176,-1.2633873729772251,-1.3141017949867926,-0.3888008986421099,-0.10052917088631763,0,0
1425,-0.48267083716872605,-1.365610894232971,-1.342222371461024,-1.0160773081091663,-0.3837354099403615,-0.3888008986421099,-0.10052917088631763,1,1
4505,-0.8642190036905089,-0.2901735562441576,-0.614206492869086,-1.5867928424200715,-0.3837354099403615,-0.3888008986421099,9.94736145920113,0,0
2690,0.0514965959617695,-0.0637656956149342,-1.342222371461024,-0.5024333272293517,-1.3141017949867926,2.572010516160091,-0.10052917088631763,0,0
4172,0.547509212440087,0.5022539559581258,0.11380938572285176,-1.3014350752646189,-1.3141017949867926,-0.3888008986421099,-0.10052917088631763,1,0
724,-0.7497545537339739,-1.025999103289135,-1.342222371461024,-1.282411224120922,-0.3837354099403615,-0.3888008986421099,-0.10052917088631763,0,1
4673,0.0133417793095912,-0.007163730457628193,0.11380938572285176,1.0765463176974857,-0.3837354099403615,-0.3888008986421099,-0.10052917088631763,0,0
1080,1.0816766455705826,1.2946814681604086,0.8418252643147895,1.266784829134454,2.4073637451989316,-0.3888008986421099,-0.10052917088631763,0,1
1223,-0.6734449204296173,-1.4788148245475827,-1.342222371461024,-1.3014350752646189,-0.3837354099403615,-0.3888008986421099,-0.10052917088631763,1,1
939,-1.8180894199949655,0.9550696772165732,1.5698411429067274,0.8292362528294267,0.5466309751060695,-0.3888008986421099,-0.10052917088631763,1,1
3568,-0.17743230395129986,0.7286618165873492,0.8418252643147895,-0.7877910943848043,-1.3141017949867926,-0.3888008986421099,-0.10052917088631763,0,0
3415,0.1659610459183044,0.8984677120592672,-1.342222371461024,1.152641722272273,0.5466309751060695,-0.3888008986421099,-0.10052917088631763,0,0
3425,0.5093543957879086,-0.912795172974523,0.11380938572285176,0.6770454436798521,0.5466309751060695,-0.3888008986421099,-0.10052917088631763,0,0
4698,0.1659610459183044,-1.309008929075665,0.11380938572285176,-0.5214571783730486,-0.3837354099403615,-0.3888008986421099,-0.10052917088631763,0,0
4997,-0.17743230395129986,1.1248755726884911,0.11380938572285176,0.3916876765243995,-0.3837354099403615,2.572010516160091,-0.10052917088631763,1,0
1295,-0.5208256538209044,-0.9693971381318289,-1.342222371461024,-1.2443635218335283,-0.3837354099403615,-0.3888008986421099,-0.10052917088631763,1,1
1165,-1.7799346033427872,1.1814775378457971,2.297857021498665,1.628238000864694,0.5466309751060695,-0.3888008986421099,-0.10052917088631763,2,1
2330,0.3185803125270176,0.2758460953289018,-1.342222371461024,-0.597552582947836,-1.3141017949867926,-0.3888008986421099,-0.10052917088631763,0,0
4363,0.7001284790488002,1.4644873636323266,0.11380938572285176,-0.5595048806604422,-0.3837354099403615,2.572010516160091,-0.10052917088631763,1,0
3993,-0.17743230395129986,0.1626421650142898,0.11380938572285176,-0.026837048636930864,-1.3141017949867926,-0.3888008986421099,-0.10052917088631763,1,0
2586,0.8145929290053351,-0.8561932078172175,0.11380938572285176,0.5819261879613679,-1.3141017949867926,-0.3888008986421099,-0.10052917088631763,1,0
4350,-0.21558712060347818,0.1060401998569838,-0.614206492869086,0.6770454436798521,-0.3837354099403615,-0.3888008986421099,-0.10052917088631763,0,0
3564,1.0435218289184045,0.9550696772165732,0.11380938572285176,0.9243555085479109,-1.3141017949867926,-0.3888008986421099,-0.10052917088631763,1,0
2116,-0.597135287125261,1.3512834333177146,-0.614206492869086,1.2858086802781508,2.4073637451989316,-0.3888008986421099,-0.10052917088631763,1,0
4643,0.0514965959617695,0.5588559211154311,-1.342222371461024,0.5819261879613679,-1.3141017949867926,-0.3888008986421099,-0.10052917088631763,0,0
4685,0.2804254958748393,0.6720598514300432,0.11380938572285176,0.8482601039731236,0.5466309751060695,-0.3888008986421099,-0.10052917088631763,2,0
3942,1.2342959121792958,-0.6863873123452996,0.11380938572285176,0.9433793596916078,-0.3837354099403615,-0.3888008986421099,-0.10052917088631763,1,0
1585,-0.5589804704730826,-1.4788148245475827,-1.342222371461024,-1.396554330983103,-0.3837354099403615,-0.3888008986421099,-0.10052917088631763,0,1
1217,-0.5208256538209044,-0.912795172974523,-1.342222371461024,-1.4346020332704967,-0.3837354099403615,-0.3888008986421099,-0.10052917088631763,1,1
3720,-0.0248130373425871,-1.5354167897048887,-0.614206492869086,-0.2551232623612929,-1.3141017949867926,-0.3888008986421099,-0.10052917088631763,0,0
2245,0.547509212440087,-0.912795172974523,0.11380938572285176,-0.5024333272293517,-1.3141017949867926,-0.3888008986421099,-0.10052917088631763,0,0
116,-0.7879093703861523,-1.365610894232971,-1.342222371461024,-1.2443635218335283,-0.3837354099403615,-0.3888008986421099,-0.10052917088631763,0,1
2275,1.3106055454836525,1.1248755726884911,-0.614206492869086,-0.825838796672198,-0.3837354099403615,-0.3888008986421099,-0.10052917088631763,1,0
4432,-1.5891605200818957,-1.1392030336037469,-0.614206492869086,-1.9482460141503113,0.5466309751060695,-0.3888008986421099,-0.10052917088631763,0,0
1355,-1.8180894199949655,1.1248755726884911,2.297857021498665,1.3428802337092414,0.5466309751060695,-0.3888008986421099,-0.10052917088631763,0,1
4892,1.4250699954401869,0.3324480604862078,-0.614206492869086,0.030234504794159643,-1.3141017949867926,2.572010516160091,-0.10052917088631763,0,0
4687,0.1659610459183044,0.2758460953289018,0.11380938572285176,1.019474764266395,-0.3837354099403615,-0.3888008986421099,-0.10052917088631763,2,0
2165,1.5013796287445436,-0.34677552140146356,0.11380938572285176,-1.0160773081091663,-1.3141017949867926,-0.3888008986421099,-0.10052917088631763,1,0
3372,1.4250699954401869,-1.1392030336037469,0.8418252643147895,0.3726638253807027,-1.3141017949867926,-0.3888008986421099,-0.10052917088631763,1,0
3991,1.1961410955271177,1.1814775378457971,0.11380938572285176,0.8863078062605173,-0.3837354099403615,-0.3888008986421099,-0.10052917088631763,1,0
3661,1.1579862788749393,-0.7429892775026056,1.5698411429067274,0.7721646993983362,0.5466309751060695,-0.3888008986421099,-0.10052917088631763,2,0
1873,-1.8180894199949655,0.8418657469019611,2.297857021498665,0.9243555085479109,1.4769973601525006,-0.3888008986421099,-0.10052917088631763,1,1
3086,0.2041158625704827,0.2192441301715958,0.11380938572285176,0.8102124016857299,-0.3837354099403615,-0.3888008986421099,-0.10052917088631763,1,0
4333,1.539534445396722,0.2192441301715958,0.11380938572285176,0.3536399742370058,-0.3837354099403615,2.572010516160091,-0.10052917088631763,1,0
738,-0.597135287125261,-0.912795172974523,-1.342222371461024,-1.1302204149713473,-0.3837354099403615,-0.3888008986421099,-0.10052917088631763,0,1
4958,0.7764381123531567,-0.9693971381318289,-0.614206492869086,-1.1111965638276504,-1.3141017949867926,-0.3888008986421099,-0.10052917088631763,1,0
2775,1.1579862788749393,-0.5165814168733815,-0.614206492869086,1.038498615410092,-0.3837354099403615,-0.3888008986421099,-0.10052917088631763,1,0
3318,0.3948899458313742,1.5210893287896325,-0.614206492869086,0.8482601039731236,-1.3141017949867926,2.572010516160091,-0.10052917088631763,1,0
4518,-1.2457671702122914,-0.7429892775026056,0.11380938572285176,0.29656842080591533,-0.3837354099403615,2.572010516160091,-0.10052917088631763,1,0
4849,-1.6654701533862522,0.6154578862727372,0.8418252643147895,-0.597552582947836,2.4073637451989316,-0.3888008986421099,-0.10052917088631763,0,0
4205,-0.25374193725565647,1.2380795030031027,0.11380938572285176,0.8482601039731236,-1.3141017949867926,-0.3888008986421099,-0.10052917088631763,0,0
3278,1.0816766455705826,-0.7429892775026056,-0.614206492869086,0.23949686737482484,-0.3837354099403615,-0.3888008986421099,-0.10052917088631763,0,0
3685,0.7001284790488002,-0.912795172974523,0.11380938572285176,0.220473016231128,-1.3141017949867926,2.572010516160091,-0.10052917088631763,0,0
1592,-0.6352901037774392,-0.9693971381318289,-1.342222371461024,-0.825838796672198,-0.3837354099403615,-0.3888008986421099,-0.10052917088631763,0,1
1484,-1.7799346033427872,0.8418657469019611,1.5698411429067274,0.9814270619790014,0.5466309751060695,-0.3888008986421099,-0.10052917088631763,1,1
1262,-0.5208256538209044,-0.912795172974523,-1.342222371461024,-1.0921727126839538,-0.3837354099403615,-0.3888008986421099,-0.10052917088631763,1,1
2943,0.547509212440087,0.7286618165873492,-0.614206492869086,-0.3121948157923834,0.5466309751060695,-0.3888008986421099,-0.10052917088631763,1,0
2875,-0.13927748729912157,1.2946814681604086,-0.614206492869086,0.3536399742370058,-0.3837354099403615,-0.3888008986421099,-0.10052917088631763,0,0
4366,0.0896514126139478,1.1814775378457971,0.8418252643147895,1.2858086802781508,-0.3837354099403615,2.572010516160091,-0.10052917088631763,1,0
854,-0.48267083716872605,-1.1392030336037469,-1.342222371461024,-0.8068149455285011,-0.3837354099403615,-0.3888008986421099,-0.10052917088631763,1,1
3488,-1.6654701533862522,-1.4788148245475827,-1.342222371461024,1.2287371268470604,2.4073637451989316,2.572010516160091,-0.10052917088631763,1,0
3923,0.43304476248355206,-0.2901735562441576,-0.614206492869086,-0.46438562494195806,-1.3141017949867926,-0.3888008986421099,-0.10052917088631763,0,0
2970,-1.0168382702992218,0.7852637817446552,-0.614206492869086,0.04925835593785648,1.4769973601525006,-0.3888008986421099,-0.10052917088631763,1,0
1932,-0.5589804704730826,-1.1958049987610528,-1.342222371461024,-1.4155781821267999,-0.3837354099403615,-0.3888008986421099,-0.10052917088631763,1,1
968,1.0435218289184045,1.1248755726884911,0.11380938572285176,1.3809279359966349,1.4769973601525006,-0.3888008986421099,-0.10052917088631763,0,1
4936,0.35673512917919586,-0.0637656956149342,0.11380938572285176,-0.5595048806604422,-0.3837354099403615,-0.3888008986421099,-0.10052917088631763,2,0
1242,-0.5589804704730826,-1.0826010684464409,-1.342222371461024,-1.0351011592528632,-0.3837354099403615,-0.3888008986421099,-0.10052917088631763,0,1
2571,0.8527477456575133,1.3512834333177146,-0.614206492869086,1.038498615410092,1.4769973601525006,-0.3888008986421099,-0.10052917088631763,0,0
2230,-0.0248130373425871,0.3324480604862078,-0.614206492869086,-1.7770313538570397,-0.3837354099403615,2.572010516160091,-0.10052917088631763,1,0
252,0.8145929290053351,1.1248755726884911,0.8418252643147895,0.9814270619790014,2.4073637451989316,-0.3888008986421099,-0.10052917088631763,1,1
352,-0.36820638721219134,1.1814775378457971,-0.614206492869086,0.3155922719496122,2.4073637451989316,-0.3888008986421099,-0.10052917088631763,1,1
3710,0.43304476248355206,0.3324480604862078,0.8418252643147895,1.2287371268470604,-1.3141017949867926,2.572010516160091,-0.10052917088631763,1,0
1408,0.8909025623096917,1.5776912939469385,0.11380938572285176,0.7341169971109426,1.4769973601525006,-0.3888008986421099,-0.10052917088631763,1,1
3338,-0.10112267064694327,-0.9693971381318289,-0.614206492869086,-0.1029324532117182,-0.3837354099403615,-0.3888008986421099,-0.10052917088631763,2,0
74,-1.8562442366471437,0.8418657469019611,2.297857021498665,1.7614049588705718,0.5466309751060695,-0.3888008986421099,-0.10052917088631763,1,1
4623,1.5013796287445436,-0.23357159108685158,-0.614206492869086,-0.33121866693608026,-1.3141017949867926,-0.3888008986421099,-0.10052917088631763,0,0
4710,-0.06296785399476497,1.1248755726884911,0.8418252643147895,0.3726638253807027,0.5466309751060695,-0.3888008986421099,-0.10052917088631763,0,0
1329,-1.8180894199949655,1.3512834333177146,2.297857021498665,1.8755480657327528,0.5466309751060695,-0.3888008986421099,-0.10052917088631763,1,1
4465,0.0896514126139478,-0.4033774865587696,0.8418252643147895,-0.026837048636930864,-1.3141017949867926,-0.3888008986421099,-0.10052917088631763,0,0
4420,0.9672121956140478,-1.0826010684464409,-0.614206492869086,0.5629023368176711,-0.3837354099403615,2.572010516160091,-0.10052917088631763,1,0
710,-0.597135287125261,-1.365610894232971,-1.342222371461024,-1.187291968402438,-0.3837354099403615,-0.3888008986421099,-0.10052917088631763,1,1
4310,1.1961410955271177,-0.0637656956149342,0.8418252643147895,-0.38829022036717076,-1.3141017949867926,2.572010516160091,-0.10052917088631763,0,0
2938,1.2724507288314741,-0.12036766077224019,0.11380938572285176,-0.12195630435541505,-1.3141017949867926,-0.3888008986421099,-0.10052917088631763,1,0
1125,-0.5589804704730826,-1.1392030336037469,-1.342222371461024,-1.168268117258741,-0.3837354099403615,-0.3888008986421099,-0.10052917088631763,0,1
1529,-0.6352901037774392,-0.912795172974523,-1.342222371461024,-0.8068149455285011,-0.3837354099403615,-0.3888008986421099,-0.10052917088631763,1,1
4351,1.3869151787880087,-0.23357159108685158,0.8418252643147895,-0.9780296058217727,-1.3141017949867926,-0.3888008986421099,-0.10052917088631763,0,0
4754,1.6158440787010784,0.6720598514300432,-0.614206492869086,-0.9209580523906822,-0.3837354099403615,-0.3888008986421099,-0.10052917088631763,0,0
2218,-0.06296785399476497,1.4078853984750206,0.8418252643147895,-0.7497433920974106,-1.3141017949867926,-0.3888008986421099,-0.10052917088631763,2,0
656,0.7382832957009784,1.5776912939469385,0.11380938572285176,0.5629023368176711,1.4769973601525006,-0.3888008986421099,-0.10052917088631763,0,1
40,-0.6352901037774392,-1.025999103289135,-1.342222371461024,-0.9590057546780758,-0.3837354099403615,-0.3888008986421099,-0.10052917088631763,1,1
4703,0.7382832957009784,-0.6297853471879936,0.11380938572285176,-0.46438562494195806,-1.3141017949867926,2.572010516160091,-0.10052917088631763,2,0
4758,1.0435218289184045,0.6720598514300432,0.8418252643147895,-0.44536177379826125,-0.3837354099403615,-0.3888008986421099,-0.10052917088631763,1,0
643,0.5856640290922652,1.4078853984750206,0.8418252643147895,0.6199738902487616,1.4769973601525006,-0.3888008986421099,-0.10052917088631763,1,1
2990,-0.5208256538209044,1.0116716423738792,0.11380938572285176,-1.624840544707465,-0.3837354099403615,-0.3888008986421099,-0.10052917088631763,0,0
3108,0.6238188457444436,1.3512834333177146,0.11380938572285176,-0.9209580523906822,0.5466309751060695,-0.3888008986421099,-0.10052917088631763,0,0
3566,0.2041158625704827,0.7852637817446552,-0.614206492869086,1.266784829134454,0.5466309751060695,-0.3888008986421099,-0.10052917088631763,1,0
2083,-0.9405286369948652,-1.5354167897048887,1.5698411429067274,0.6960692948235488,-0.3837354099403615,-0.3888008986421099,-0.10052917088631763,1,0
2214,0.2804254958748393,1.1814775378457971,0.11380938572285176,1.2858086802781508,-1.3141017949867926,-0.3888008986421099,-0.10052917088631763,0,0
173,-1.7799346033427872,0.3324480604862078,2.297857021498665,1.4379994894277255,0.5466309751060695,-0.3888008986421099,-0.10052917088631763,1,1
1130,-1.7799346033427872,1.1814775378457971,1.5698411429067274,1.6662857031520875,0.5466309751060695,-0.3888008986421099,-0.10052917088631763,0,1
2925,0.43304476248355206,-0.9693971381318289,0.8418252643147895,0.7531408482546395,-1.3141017949867926,-0.3888008986421099,-0.10052917088631763,0,0
93,-0.597135287125261,-1.365610894232971,-1.342222371461024,-1.1302204149713473,-0.3837354099403615,-0.3888008986421099,-0.10052917088631763,1,1
4650,-1.4746960701253609,-0.45997945171607557,1.5698411429067274,0.3726638253807027,1.4769973601525006,-0.3888008986421099,-0.10052917088631763,0,0
3950,0.43304476248355206,1.3512834333177146,0.8418252643147895,-0.7307195409537138,-0.3837354099403615,-0.3888008986421099,-0.10052917088631763,1,0
3557,0.6619736623966218,-0.34677552140146356,0.11380938572285176,-0.00781319749323403,-1.3141017949867926,-0.3888008986421099,-0.10052917088631763,1,0
3727,0.2041158625704827,0.7286618165873492,-0.614206492869086,0.5629023368176711,0.5466309751060695,-0.3888008986421099,-0.10052917088631763,0,0
512,-0.17743230395129986,0.7286618165873492,-1.342222371461024,-0.7307195409537138,1.4769973601525006,-0.3888008986421099,-0.10052917088631763,1,1
2495,1.3869151787880087,1.0682736075311852,-0.614206492869086,-0.7497433920974106,-0.3837354099403615,-0.3888008986421099,-0.10052917088631763,0,0
149,1.0053670122662262,0.8984677120592672,0.11380938572285176,1.152641722272273,1.4769973601525006,2.572010516160091,-0.10052917088631763,1,1
4606,1.0435218289184045,-0.8561932078172175,0.8418252643147895,0.14437761165634067,-0.3837354099403615,-0.3888008986421099,-0.10052917088631763,1,0
2414,-0.06296785399476497,0.2192441301715958,0.11380938572285176,-0.2551232623612929,-1.3141017949867926,-0.3888008986421099,-0.10052917088631763,1,0
764,-0.7115997370817956,-1.4788148245475827,-1.342222371461024,-0.825838796672198,-0.3837354099403615,-0.3888008986421099,-0.10052917088631763,0,1
1552,-0.6734449204296173,-0.912795172974523,-1.342222371461024,-1.3775304798394061,-0.3837354099403615,2.572010516160091,-0.10052917088631763,0,1
1431,-0.5589804704730826,-1.1392030336037469,-1.342222371461024,-0.8829103501032884,-0.3837354099403615,-0.3888008986421099,-0.10052917088631763,0,1
1489,-1.8180894199949655,1.3512834333177146,2.297857021498665,1.628238000864694,0.5466309751060695,-0.3888008986421099,-0.10052917088631763,1,1
2323,0.7382832957009784,1.1814775378457971,0.11380938572285176,-0.597552582947836,-1.3141017949867926,-0.3888008986421099,-0.10052917088631763,0,0
2544,-1.3983864368210046,-0.4033774865587696,0.8418252643147895,0.3916876765243995,-0.3837354099403615,2.572010516160091,-0.10052917088631763,1,0
926,-1.7799346033427872,0.4456519908008198,2.297857021498665,0.7721646993983362,0.5466309751060695,-0.3888008986421099,-0.10052917088631763,0,1
4547,0.5093543957879086,0.3890500256435138,0.11380938572285176,-1.3204589264083157,-0.3837354099403615,-0.3888008986421099,9.94736145920113,0,0
1066,-0.5589804704730826,-1.1392030336037469,-1.342222371461024,-1.1492442661150442,-0.3837354099403615,-0.3888008986421099,-0.10052917088631763,1,1
1043,0.8909025623096917,1.2380795030031027,0.8418252643147895,0.5819261879613679,2.4073637451989316,-0.3888008986421099,-0.10052917088631763,0,1
2276,1.3869151787880087,0.1060401998569838,0.8418252643147895,-0.597552582947836,-0.3837354099403615,-0.3888008986421099,-0.10052917088631763,1,0
1829,-1.0549930869514001,0.9550696772165732,0.8418252643147895,1.038498615410092,1.4769973601525006,-0.3888008986421099,-0.10052917088631763,1,1
1747,-1.7799346033427872,0.9550696772165732,1.5698411429067274,1.3238563825655445,0.5466309751060695,-0.3888008986421099,-0.10052917088631763,0,1
2817,1.4250699954401869,-1.5354167897048887,-0.614206492869086,0.4297353788117932,-1.3141017949867926,-0.3888008986421099,-0.10052917088631763,1,0
3399,0.242270679222661,-1.252406963918359,-0.614206492869086,0.6770454436798521,0.5466309751060695,-0.3888008986421099,-0.10052917088631763,1,0
3575,-1.1694575369079347,0.5588559211154311,0.11380938572285176,1.3999517871403317,-1.3141017949867926,-0.3888008986421099,-0.10052917088631763,0,0
4523,1.2342959121792958,-0.912795172974523,-0.614206492869086,0.334616123093309,-0.3837354099403615,-0.3888008986421099,-0.10052917088631763,1,0
712,-0.6734449204296173,-0.9693971381318289,-1.342222371461024,-0.825838796672198,-0.3837354099403615,-0.3888008986421099,-0.10052917088631763,1,1
4193,-0.7879093703861523,-1.365610894232971,-1.342222371461024,1.5711664474336033,1.4769973601525006,-0.3888008986421099,-0.10052917088631763,0,0
3784,1.0435218289184045,-0.9693971381318289,0.11380938572285176,0.5819261879613679,-1.3141017949867926,2.572010516160091,-0.10052917088631763,1,0
1546,-1.8180894199949655,0.3324480604862078,1.5698411429067274,2.0467627260260244,0.5466309751060695,-0.3888008986421099,-0.10052917088631763,0,1
2667,1.0816766455705826,-0.5731833820306875,-0.614206492869086,1.019474764266395,-0.3837354099403615,2.572010516160091,-0.10052917088631763,1,0
2082,1.3487603621358308,-1.0826010684464409,0.8418252643147895,-0.08390860206802138,-0.3837354099403615,-0.3888008986421099,-0.10052917088631763,1,0
2731,1.2724507288314741,0.9550696772165732,-1.342222371461024,0.3155922719496122,0.5466309751060695,-0.3888008986421099,-0.10052917088631763,1,0
4704,1.0435218289184045,0.7852637817446552,-0.614206492869086,0.5438784856739742,-0.3837354099403615,-0.3888008986421099,-0.10052917088631763,0,0
1618,0.7001284790488002,1.4644873636323266,0.11380938572285176,0.6580215925361552,1.4769973601525006,-0.3888008986421099,-0.10052917088631763,1,1
1277,-0.5208256538209044,-1.025999103289135,-1.342222371461024,-1.2063158195461348,-0.3837354099403615,-0.3888008986421099,-0.10052917088631763,0,1
2278,0.6619736623966218,0.049438234699677806,-1.342222371461024,-0.9590057546780758,0.5466309751060695,-0.3888008986421099,-0.10052917088631763,1,0
721,-0.597135287125261,-1.309008929075665,-1.342222371461024,-1.2063158195461348,-0.3837354099403615,-0.3888008986421099,-0.10052917088631763,1,1
684,1.0816766455705826,1.4644873636323266,-0.614206492869086,-0.8448626478158948,1.4769973601525006,-0.3888008986421099,-0.10052917088631763,1,1
418,-1.7799346033427872,1.0116716423738792,1.5698411429067274,1.1716655734159698,0.5466309751060695,-0.3888008986421099,-0.10052917088631763,0,1
3350,1.3487603621358308,-0.2901735562441576,0.8418252643147895,0.6580215925361552,0.5466309751060695,-0.3888008986421099,-0.10052917088631763,1,0
3152,0.8145929290053351,1.0682736075311852,0.11380938572285176,-0.045860899780627705,-0.3837354099403615,-0.3888008986421099,-0.10052917088631763,0,0
446,-1.8562442366471437,1.2380795030031027,1.5698411429067274,1.5331187451462096,1.4769973601525006,-0.3888008986421099,-0.10052917088631763,1,1
660,0.7382832957009784,1.0682736075311852,0.8418252643147895,0.3536399742370058,2.4073637451989316,-0.3888008986421099,-0.10052917088631763,0,1
87,-1.5510057034297173,0.6720598514300432,0.8418252643147895,0.5629023368176711,-0.3837354099403615,-0.3888008986421099,-0.10052917088631763,1,1
3888,0.2041158625704827,-1.252406963918359,0.11380938572285176,0.6199738902487616,-0.3837354099403615,-0.3888008986421099,-0.10052917088631763,0,0
2172,0.242270679222661,-0.6863873123452996,-0.614206492869086,-1.1302204149713473,-0.3837354099403615,-0.3888008986421099,-0.10052917088631763,0,0
3341,1.0816766455705826,-1.309008929075665,0.11380938572285176,0.9243555085479109,-1.3141017949867926,-0.3888008986421099,-0.10052917088631763,0,0
1151,-0.5589804704730826,-1.4788148245475827,-1.342222371461024,-1.396554330983103,-0.3837354099403615,-0.3888008986421099,-0.10052917088631763,1,1
461,-0.5589804704730826,-1.309008929075665,-1.342222371461024,-1.282411224120922,-0.3837354099403615,-0.3888008986421099,-0.10052917088631763,0,1
951,-1.8562442366471437,1.0116716423738792,2.297857021498665,1.6472618520083906,1.4769973601525006,-0.3888008986421099,-0.10052917088631763,1,1
3452,0.547509212440087,1.2946814681604086,0.11380938572285176,0.25852071851852165,-0.3837354099403615,-0.3888008986421099,-0.10052917088631763,1,0
3902,0.5856640290922652,0.3324480604862078,0.8418252643147895,-0.9970534569654695,-0.3837354099403615,-0.3888008986421099,-0.10052917088631763,1,0
4734,-0.06296785399476497,-1.025999103289135,0.11380938572285176,-0.21707556007389922,-1.3141017949867926,2.572010516160091,9.94736145920113,0,0
1586,0.5856640290922652,1.1814775378457971,0.8418252643147895,0.5058307833865805,1.4769973601525006,-0.3888008986421099,-0.10052917088631763,0,1
4242,0.7001284790488002,-1.309008929075665,-0.614206492869086,-1.2253396706898316,-1.3141017949867926,2.572010516160091,-0.10052917088631763,0,0
2567,0.2041158625704827,0.7852637817446552,0.11380938572285176,1.3048325314218476,-0.3837354099403615,2.572010516160091,-0.10052917088631763,0,0
4239,0.0133417793095912,1.3512834333177146,-0.614206492869086,-0.00781319749323403,-1.3141017949867926,-0.3888008986421099,-0.10052917088631763,0,0
209,-0.5208256538209044,-1.252406963918359,-1.342222371461024,-1.4155781821267999,-0.3837354099403615,-0.3888008986421099,-0.10052917088631763,1,1
2122,0.6619736623966218,0.7286618165873492,0.11380938572285176,0.6009500391050647,-0.3837354099403615,-0.3888008986421099,-0.10052917088631763,1,0
3147,0.7001284790488002,0.1060401998569838,-0.614206492869086,-0.3692663692234739,-0.3837354099403615,-0.3888008986421099,-0.10052917088631763,0,0
1959,-0.6734449204296173,-0.8561932078172175,-1.342222371461024,-0.9780296058217727,-0.3837354099403615,-0.3888008986421099,-0.10052917088631763,1,1
3274,-0.33005157056001305,-1.1392030336037469,0.8418252643147895,-0.2741471135049897,0.5466309751060695,-0.3888008986421099,-0.10052917088631763,0,0
226,1.2342959121792958,1.4078853984750206,0.11380938572285176,1.0575224665537888,1.4769973601525006,-0.3888008986421099,-0.10052917088631763,1,1
3117,-0.06296785399476497,-0.12036766077224019,-0.614206492869086,0.220473016231128,-1.3141017949867926,-0.3888008986421099,-0.10052917088631763,0,0
4453,1.4632248120923652,-0.8561932078172175,-0.614206492869086,-0.9780296058217727,-1.3141017949867926,-0.3888008986421099,-0.10052917088631763,1,0
1142,-0.44451602051654776,-1.365610894232971,-1.342222371461024,-1.396554330983103,-0.3837354099403615,-0.3888008986421099,-0.10052917088631763,1,1
590,-0.7115997370817956,-1.025999103289135,-1.342222371461024,-0.9019342012469853,-0.3837354099403615,-0.3888008986421099,-0.10052917088631763,1,1
2491,0.43304476248355206,-0.45997945171607557,0.8418252643147895,1.1906894245596666,-1.3141017949867926,2.572010516160091,-0.10052917088631763,2,0
4832,1.539534445396722,0.1626421650142898,0.8418252643147895,-0.2741471135049897,-1.3141017949867926,-0.3888008986421099,-0.10052917088631763,1,0
1989,-0.25374193725565647,-0.6863873123452996,2.297857021498665,0.7721646993983362,1.4769973601525006,-0.3888008986421099,-0.10052917088631763,0,1
2311,1.119831462222761,-0.7995912426599115,0.11380938572285176,0.18242531394373432,-0.3837354099403615,-0.3888008986421099,-0.10052917088631763,1,0
54,-0.7115997370817956,-1.025999103289135,-1.342222371461024,-1.3394827775520126,-0.3837354099403615,-0.3888008986421099,-0.10052917088631763,1,1
3431,0.6238188457444436,-0.12036766077224019,-0.614206492869086,0.9624032108353046,0.5466309751060695,2.572010516160091,-0.10052917088631763,0,0
4906,-0.13927748729912157,0.2192441301715958,-0.614206492869086,-0.8638864989595917,0.5466309751060695,-0.3888008986421099,-0.10052917088631763,1,0
4058,0.547509212440087,-1.025999103289135,-0.614206492869086,0.44875922995549006,-1.3141017949867926,2.572010516160091,-0.10052917088631763,1,0
2259,1.5776892620489003,-0.8561932078172175,-0.614206492869086,-0.5024333272293517,0.5466309751060695,2.572010516160091,-0.10052917088631763,0,0
3536,1.4632248120923652,-1.252406963918359,-0.614206492869086,0.6009500391050647,-1.3141017949867926,2.572010516160091,-0.10052917088631763,0,0
4635,0.6619736623966218,0.2192441301715958,0.11380938572285176,0.9814270619790014,0.5466309751060695,-0.3888008986421099,-0.10052917088631763,1,0
2762,0.1659610459183044,0.7286618165873492,-0.614206492869086,-1.0921727126839538,-0.3837354099403615,-0.3888008986421099,-0.10052917088631763,0,0
4913,0.3185803125270176,-0.5165814168733815,0.8418252643147895,1.1716655734159698,1.4769973601525006,-0.3888008986421099,-0.10052917088631763,1,0
1846,-0.5589804704730826,-0.912795172974523,-1.342222371461024,-1.396554330983103,-0.3837354099403615,-0.3888008986421099,-0.10052917088631763,1,1
3672,0.47119957913573035,-0.12036766077224019,-0.614206492869086,0.4107115276680964,-0.3837354099403615,-0.3888008986421099,-0.10052917088631763,1,0
3554,-1.0168382702992218,-0.45997945171607557,1.5698411429067274,-0.3692663692234739,-1.3141017949867926,2.572010516160091,-0.10052917088631763,1,0
3507,-1.3983864368210046,-1.7052226851768066,0.11380938572285176,1.266784829134454,0.5466309751060695,2.572010516160091,-0.10052917088631763,0,0
4084,1.4632248120923652,0.6154578862727372,0.11380938572285176,-1.3394827775520126,2.4073637451989316,-0.3888008986421099,-0.10052917088631763,2,0
532,-0.7879093703861523,-1.025999103289135,-1.342222371461024,-1.3585066286957095,-0.3837354099403615,2.572010516160091,-0.10052917088631763,0,1
1430,1.119831462222761,1.0682736075311852,0.11380938572285176,1.0004509131226982,1.4769973601525006,-0.3888008986421099,-0.10052917088631763,0,1
4672,-0.10112267064694327,-0.45997945171607557,-0.614206492869086,-1.9292221630066144,-1.3141017949867926,2.572010516160091,-0.10052917088631763,0,0
1439,-1.8180894199949655,0.9550696772165732,2.297857021498665,1.5711664474336033,0.5466309751060695,-0.3888008986421099,-0.10052917088631763,1,1
996,-0.7497545537339739,-1.4788148245475827,-1.342222371461024,-1.1111965638276504,-0.3837354099403615,-0.3888008986421099,-0.10052917088631763,1,1
3451,1.1961410955271177,-0.7995912426599115,0.11380938572285176,0.5629023368176711,-1.3141017949867926,-0.3888008986421099,-0.10052917088631763,1,0
3816,0.6238188457444436,1.4644873636323266,0.8418252643147895,-0.045860899780627705,-0.3837354099403615,-0.3888008986421099,-0.10052917088631763,0,0
1356,0.9672121956140478,1.2946814681604086,0.8418252643147895,0.3536399742370058,1.4769973601525006,-0.3888008986421099,-0.10052917088631763,0,1
3036,-0.9023738203426869,0.5588559211154311,1.5698411429067274,-0.1029324532117182,1.4769973601525006,2.572010516160091,-0.10052917088631763,0,0
1029,1.1579862788749393,0.9550696772165732,0.11380938572285176,1.3809279359966349,1.4769973601525006,-0.3888008986421099,-0.10052917088631763,1,1
1152,0.8145929290053351,1.3512834333177146,0.11380938572285176,0.6009500391050647,1.4769973601525006,-0.3888008986421099,-0.10052917088631763,1,1
3048,-0.36820638721219134,-0.7429892775026056,0.8418252643147895,0.6199738902487616,-0.3837354099403615,-0.3888008986421099,-0.10052917088631763,1,0
1050,0.6238188457444436,0.9550696772165732,0.8418252643147895,0.5629023368176711,2.4073637451989316,-0.3888008986421099,-0.10052917088631763,0,1
4968,1.1579862788749393,1.3512834333177146,0.11380938572285176,-0.9019342012469853,-1.3141017949867926,-0.3888008986421099,-0.10052917088631763,0,0
3222,0.2041158625704827,-0.12036766077224019,0.8418252643147895,-0.38829022036717076,-0.3837354099403615,-0.3888008986421099,-0.10052917088631763,0,0
2639,0.43304476248355206,-0.6297853471879936,0.8418252643147895,0.5058307833865805,-0.3837354099403615,-0.3888008986421099,-0.10052917088631763,0,0
3836,-1.5128508867775392,-0.45997945171607557,-0.614206492869086,0.3916876765243995,0.5466309751060695,2.572010516160091,-0.10052917088631763,1,0
1890,-1.7799346033427872,1.2946814681604086,1.5698411429067274,1.4570233405714224,0.5466309751060695,-0.3888008986421099,-0.10052917088631763,1,1
553,0.9290573789618695,0.7286618165873492,0.8418252643147895,0.8672839551168204,1.4769973601525006,-0.3888008986421099,-0.10052917088631763,1,1
427,0.6238188457444436,1.1248755726884911,0.11380938572285176,1.1145940199848794,1.4769973601525006,-0.3888008986421099,-0.10052917088631763,0,1
796,-0.5589804704730826,-1.025999103289135,-1.342222371461024,-0.9970534569654695,-0.3837354099403615,-0.3888008986421099,-0.10052917088631763,1,1
763,-0.6352901037774392,-1.422212859390277,-1.342222371461024,-1.3585066286957095,-0.3837354099403615,-0.3888008986421099,-0.10052917088631763,0,1
2529,-1.2839219868644698,-0.6863873123452996,0.11380938572285176,-0.1409801554991119,1.4769973601525006,-0.3888008986421099,-0.10052917088631763,0,0
3787,-0.7879093703861523,-0.0637656956149342,-0.614206492869086,-1.624840544707465,-0.3837354099403615,-0.3888008986421099,-0.10052917088631763,1,0
146,-0.6352901037774392,-1.4788148245475827,-1.342222371461024,-0.9780296058217727,-0.3837354099403615,-0.3888008986421099,-0.10052917088631763,1,1
725,-0.48267083716872605,-0.912795172974523,-1.342222371461024,-1.073148861540257,-0.3837354099403615,-0.3888008986421099,-0.10052917088631763,0,1
4378,0.6619736623966218,-1.0826010684464409,-0.614206492869086,0.3726638253807027,-1.3141017949867926,-0.3888008986421099,-0.10052917088631763,1,0
4852,-1.0168382702992218,-0.7429892775026056,-0.614206492869086,-0.5024333272293517,-0.3837354099403615,-0.3888008986421099,-0.10052917088631763,0,0
689,-1.8562442366471437,0.5588559211154311,1.5698411429067274,1.038498615410092,0.5466309751060695,-0.3888008986421099,-0.10052917088631763,0,1
3091,-0.33005157056001305,-0.6297853471879936,0.8418252643147895,-1.3204589264083157,-0.3837354099403615,-0.3888008986421099,-0.10052917088631763,1,0
1768,0.7764381123531567,1.2946814681604086,0.11380938572285176,1.0955701688411825,1.4769973601525006,-0.3888008986421099,-0.10052917088631763,1,1
1623,1.0816766455705826,0.7286618165873492,0.8418252643147895,1.2287371268470604,1.4769973601525006,-0.3888008986421099,-0.10052917088631763,0,1
4153,-1.1694575369079347,-1.422212859390277,0.8418252643147895,0.2775445696622185,2.4073637451989316,-0.3888008986421099,-0.10052917088631763,0,0
673,-0.44451602051654776,-0.8561932078172175,-1.342222371461024,-0.9209580523906822,-0.3837354099403615,-0.3888008986421099,-0.10052917088631763,1,1
2935,0.7382832957009784,0.1626421650142898,0.11380938572285176,0.4297353788117932,-0.3837354099403615,-0.3888008986421099,-0.10052917088631763,1,0
3745,1.1961410955271177,0.3890500256435138,0.8418252643147895,1.038498615410092,-0.3837354099403615,-0.3888008986421099,-0.10052917088631763,0,0
4370,1.0053670122662262,1.4078853984750206,0.11380938572285176,0.9624032108353046,-1.3141017949867926,2.572010516160091,-0.10052917088631763,1,0
4577,1.5013796287445436,-0.6863873123452996,0.8418252643147895,-1.3204589264083157,-1.3141017949867926,-0.3888008986421099,-0.10052917088631763,0,0
1024,-0.597135287125261,-0.8561932078172175,-1.342222371461024,-0.825838796672198,-0.3837354099403615,-0.3888008986421099,-0.10052917088631763,1,1
1764,0.547509212440087,1.5776912939469385,0.8418252643147895,0.6009500391050647,1.4769973601525006,-0.3888008986421099,-0.10052917088631763,1,1
1727,-0.48267083716872605,-1.1958049987610528,-1.342222371461024,-1.2443635218335283,-0.3837354099403615,-0.3888008986421099,-0.10052917088631763,1,1
1040,0.9290573789618695,1.5776912939469385,0.11380938572285176,1.3428802337092414,2.4073637451989316,-0.3888008986421099,-0.10052917088631763,0,1
962,0.5856640290922652,0.6154578862727372,0.8418252643147895,1.2858086802781508,1.4769973601525006,2.572010516160091,-0.10052917088631763,0,1
1823,-0.5589804704730826,-1.4788148245475827,-1.342222371461024,-0.8638864989595917,-0.3837354099403615,-0.3888008986421099,-0.10052917088631763,0,1
2446,0.7382832957009784,0.6154578862727372,0.11380938572285176,0.5438784856739742,-1.3141017949867926,-0.3888008986421099,-0.10052917088631763,0,0
1424,-0.7115997370817956,-1.309008929075665,-1.342222371461024,-1.073148861540257,-0.3837354099403615,-0.3888008986421099,-0.10052917088631763,1,1
3654,-1.2839219868644698,1.2380795030031027,0.11380938572285176,-1.073148861540257,0.5466309751060695,-0.3888008986421099,-0.10052917088631763,0,0
2253,0.1659610459183044,1.4644873636323266,0.11380938572285176,-1.2443635218335283,-0.3837354099403615,-0.3888008986421099,-0.10052917088631763,0,0
2444,-0.13927748729912157,0.2758460953289018,0.11380938572285176,1.3048325314218476,-0.3837354099403615,-0.3888008986421099,-0.10052917088631763,0,0
2271,0.8527477456575133,1.0116716423738792,0.11380938572285176,-1.2633873729772251,-0.3837354099403615,-0.3888008986421099,-0.10052917088631763,1,0
1830,-1.8180894199949655,1.1814775378457971,1.5698411429067274,1.0575224665537888,0.5466309751060695,-0.3888008986421099,-0.10052917088631763,0,1
2179,-1.3983864368210046,0.5588559211154311,0.11380938572285176,0.08730605822525014,1.4769973601525006,-0.3888008986421099,-0.10052917088631763,2,0
3546,0.8527477456575133,-0.12036766077224019,1.5698411429067274,0.5438784856739742,0.5466309751060695,-0.3888008986421099,-0.10052917088631763,0,0
4983,-1.0549930869514001,-1.1958049987610528,-1.342222371461024,-0.46438562494195806,-0.3837354099403615,-0.3888008986421099,-0.10052917088631763,1,0
2760,1.1961410955271177,-0.17696962592954618,-0.614206492869086,-0.5595048806604422,-0.3837354099403615,-0.3888008986421099,-0.10052917088631763,0,0
3682,-1.4746960701253609,1.0682736075311852,1.5698411429067274,-0.9590057546780758,-0.3837354099403615,-0.3888008986421099,-0.10052917088631763,1,0
1542,0.1278062292661261,-1.4788148245475827,0.8418252643147895,0.334616123093309,0.5466309751060695,-0.3888008986421099,-0.10052917088631763,1,1
3954,0.7001284790488002,0.1626421650142898,0.11380938572285176,-0.17902785778650554,0.5466309751060695,-0.3888008986421099,-0.10052917088631763,1,0
4887,0.5856640290922652,-0.5165814168733815,0.11380938572285176,-0.5404810295167455,-0.3837354099403615,-0.3888008986421099,-0.10052917088631763,1,0
3601,0.3948899458313742,-1.7618246503341126,-0.614206492869086,-1.8341029072881303,2.4073637451989316,-0.3888008986421099,-0.10052917088631763,1,0
809,0.5093543957879086,1.5776912939469385,0.11380938572285176,1.856524214589056,1.4769973601525006,-0.3888008986421099,-0.10052917088631763,0,1
3019,0.2804254958748393,0.9550696772165732,-0.614206492869086,-0.9780296058217727,-1.3141017949867926,-0.3888008986421099,-0.10052917088631763,1,0
1703,-0.7115997370817956,-1.0826010684464409,-1.342222371461024,-1.168268117258741,-0.3837354099403615,-0.3888008986421099,-0.10052917088631763,0,1
3863,0.43304476248355206,0.9550696772165732,0.8418252643147895,-0.026837048636930864,-1.3141017949867926,-0.3888008986421099,-0.10052917088631763,1,0
4130,0.0896514126139478,-0.912795172974523,0.11380938572285176,1.0955701688411825,-0.3837354099403615,-0.3888008986421099,-0.10052917088631763,2,0
1596,-0.6734449204296173,-1.0826010684464409,-1.342222371461024,-0.9590057546780758,-0.3837354099403615,-0.3888008986421099,-0.10052917088631763,0,1
3848,1.4632248120923652,-0.6297853471879936,-0.614206492869086,1.3048325314218476,-1.3141017949867926,-0.3888008986421099,-0.10052917088631763,0,0
3998,0.7001284790488002,0.3890500256435138,-0.614206492869086,-0.1029324532117182,1.4769973601525006,-0.3888008986421099,-0.10052917088631763,0,0
1141,0.9290573789618695,0.6154578862727372,0.11380938572285176,0.8102124016857299,1.4769973601525006,2.572010516160091,-0.10052917088631763,1,1
2473,1.5013796287445436,-0.5165814168733815,-0.614206492869086,-1.3204589264083157,-0.3837354099403615,-0.3888008986421099,-0.10052917088631763,1,0
4027,1.2724507288314741,1.1814775378457971,0.11380938572285176,-0.3502425180797771,-0.3837354099403615,-0.3888008986421099,-0.10052917088631763,1,0
972,0.547509212440087,1.5776912939469385,0.8418252643147895,1.1716655734159698,1.4769973601525006,-0.3888008986421099,-0.10052917088631763,0,1
2828,0.5856640290922652,-0.7429892775026056,-0.614206492869086,0.3155922719496122,-1.3141017949867926,-0.3888008986421099,-0.10052917088631763,1,0
161,-1.8180894199949655,1.2946814681604086,2.297857021498665,1.8755480657327528,0.5466309751060695,-0.3888008986421099,-0.10052917088631763,1,1
722,-1.0168382702992218,0.8418657469019611,0.11380938572285176,-0.3502425180797771,-0.3837354099403615,-0.3888008986421099,-0.10052917088631763,1,1
967,-1.8562442366471437,0.7286618165873492,0.8418252643147895,1.495071042858816,0.5466309751060695,-0.3888008986421099,-0.10052917088631763,0,1
168,-1.0168382702992218,-1.025999103289135,0.8418252643147895,-1.3394827775520126,1.4769973601525006,-0.3888008986421099,-0.10052917088631763,1,1
4403,1.1961410955271177,-0.4033774865587696,0.11380938572285176,-0.3502425180797771,-0.3837354099403615,-0.3888008986421099,-0.10052917088631763,1,0
2248,0.7764381123531567,0.4456519908008198,0.11380938572285176,-0.16000400664280873,-1.3141017949867926,2.572010516160091,-0.10052917088631763,0,0
2965,-1.6654701533862522,0.6154578862727372,0.8418252643147895,-0.5214571783730486,2.4073637451989316,2.572010516160091,-0.10052917088631763,1,0
1268,-0.597135287125261,-1.0826010684464409,-1.342222371461024,-0.8448626478158948,-0.3837354099403615,-0.3888008986421099,-0.10052917088631763,1,1
4886,0.47119957913573035,0.1060401998569838,0.11380938572285176,0.8482601039731236,-1.3141017949867926,-0.3888008986421099,-0.10052917088631763,1,0
743,-0.5208256538209044,-1.309008929075665,-1.342222371461024,-0.9209580523906822,-0.3837354099403615,-0.3888008986421099,-0.10052917088631763,1,1
1948,0.547509212440087,0.6720598514300432,0.8418252643147895,1.038498615410092,1.4769973601525006,-0.3888008986421099,-0.10052917088631763,0,1
2340,-1.6654701533862522,-1.1958049987610528,0.8418252643147895,-0.5595048806604422,0.5466309751060695,-0.3888008986421099,-0.10052917088631763,0,0
702,1.1961410955271177,0.5588559211154311,0.11380938572285176,0.7721646993983362,1.4769973601525006,-0.3888008986421099,-0.10052917088631763,0,1
1711,-1.7799346033427872,1.4078853984750206,1.5698411429067274,0.9814270619790014,0.5466309751060695,-0.3888008986421099,-0.10052917088631763,2,1
802,-0.5589804704730826,-0.9693971381318289,-1.342222371461024,-0.9399819035343789,-0.3837354099403615,-0.3888008986421099,-0.10052917088631763,0,1
4285,-0.6352901037774392,-0.6297853471879936,-0.614206492869086,-0.33121866693608026,-1.3141017949867926,2.572010516160091,-0.10052917088631763,0,0
3287,1.1579862788749393,0.7852637817446552,0.8418252643147895,1.038498615410092,-0.3837354099403615,-0.3888008986421099,-0.10052917088631763,1,0
4697,1.0435218289184045,0.8984677120592672,-0.614206492869086,0.6199738902487616,-1.3141017949867926,-0.3888008986421099,-0.10052917088631763,0,0
3563,1.119831462222761,0.049438234699677806,-0.614206492869086,-0.5785287318041391,-0.3837354099403615,2.572010516160091,-0.10052917088631763,1,0
1871,0.8145929290053351,1.1814775378457971,0.8418252643147895,1.247760977990757,1.4769973601525006,-0.3888008986421099,-0.10052917088631763,0,1
2604,1.5776892620489003,0.3324480604862078,0.11380938572285176,-1.187291968402438,-0.3837354099403615,-0.3888008986421099,-0.10052917088631763,0,0
840,-0.7879093703861523,-1.0826010684464409,-1.342222371461024,-1.4536258844141936,-0.3837354099403615,-0.3888008986421099,-0.10052917088631763,1,1
1140,-0.597135287125261,-1.4788148245475827,-1.342222371461024,-1.3394827775520126,-0.3837354099403615,-0.3888008986421099,-0.10052917088631763,1,1
4953,-0.10112267064694327,-0.9693971381318289,0.11380938572285176,-0.21707556007389922,0.5466309751060695,-0.3888008986421099,-0.10052917088631763,1,0
3200,-1.5128508867775392,-1.1392030336037469,0.8418252643147895,-0.33121866693608026,2.4073637451989316,-0.3888008986421099,-0.10052917088631763,2,0
3025,-0.6352901037774392,1.3512834333177146,1.5698411429067274,-0.597552582947836,1.4769973601525006,2.572010516160091,-0.10052917088631763,0,0
312,-1.7799346033427872,1.2946814681604086,2.297857021498665,1.856524214589056,0.5466309751060695,-0.3888008986421099,-0.10052917088631763,0,1
2840,0.7382832957009784,-0.8561932078172175,-0.614206492869086,-0.2551232623612929,-1.3141017949867926,-0.3888008986421099,-0.10052917088631763,0,0
1985,-0.6734449204296173,-1.309008929075665,-1.342222371461024,-0.8068149455285011,-0.3837354099403615,-0.3888008986421099,-0.10052917088631763,1,1
2504,0.1278062292661261,1.5210893287896325,0.11380938572285176,0.9243555085479109,-1.3141017949867926,-0.3888008986421099,-0.10052917088631763,1,0
4418,0.9290573789618695,0.3324480604862078,0.8418252643147895,0.5438784856739742,-1.3141017949867926,2.572010516160091,-0.10052917088631763,1,0
1136,-1.7799346033427872,0.8418657469019611,1.5698411429067274,1.6853095542957843,0.5466309751060695,-0.3888008986421099,-0.10052917088631763,1,1
3901,1.0435218289184045,-0.9693971381318289,-0.614206492869086,-1.2443635218335283,-0.3837354099403615,2.572010516160091,-0.10052917088631763,1,0
2353,-0.13927748729912157,0.049438234699677806,-1.342222371461024,-1.9482460141503113,-0.3837354099403615,-0.3888008986421099,-0.10052917088631763,1,0
205,1.119831462222761,1.0116716423738792,0.8418252643147895,0.9814270619790014,2.4073637451989316,-0.3888008986421099,-0.10052917088631763,1,1
570,-1.2457671702122914,-1.4788148245475827,0.11380938572285176,0.220473016231128,0.5466309751060695,-0.3888008986421099,-0.10052917088631763,0,1
1789,-0.597135287125261,-1.365610894232971,-1.342222371461024,-1.073148861540257,-0.3837354099403615,-0.3888008986421099,-0.10052917088631763,2,1
233,-1.7799346033427872,0.6154578862727372,1.5698411429067274,0.7911885505420331,0.5466309751060695,-0.3888008986421099,-0.10052917088631763,1,1
254,1.119831462222761,1.4644873636323266,0.11380938572285176,0.8672839551168204,1.4769973601525006,-0.3888008986421099,-0.10052917088631763,1,1
1420,0.6619736623966218,0.8418657469019611,0.8418252643147895,0.8292362528294267,1.4769973601525006,-0.3888008986421099,-0.10052917088631763,1,1
4271,1.0435218289184045,-0.2901735562441576,-0.614206492869086,-0.6736479875226233,0.5466309751060695,-0.3888008986421099,-0.10052917088631763,0,0
151,-1.7799346033427872,1.0682736075311852,1.5698411429067274,1.4379994894277255,0.5466309751060695,-0.3888008986421099,-0.10052917088631763,1,1
309,-0.6352901037774392,-1.365610894232971,-1.342222371461024,-1.0921727126839538,-0.3837354099403615,-0.3888008986421099,-0.10052917088631763,0,1
1108,0.547509212440087,0.5588559211154311,0.8418252643147895,1.266784829134454,1.4769973601525006,-0.3888008986421099,-0.10052917088631763,1,1
1249,-0.6352901037774392,-1.025999103289135,-1.342222371461024,-1.2253396706898316,-0.3837354099403615,-0.3888008986421099,-0.10052917088631763,1,1
2228,0.1278062292661261,1.2946814681604086,0.11380938572285176,-0.5404810295167455,0.5466309751060695,-0.3888008986421099,-0.10052917088631763,1,0
4272,-0.21558712060347818,0.7852637817446552,0.8418252643147895,-0.6546241363789265,-0.3837354099403615,-0.3888008986421099,-0.10052917088631763,0,0
2119,1.3487603621358308,-1.1392030336037469,0.11380938572285176,-0.045860899780627705,-0.3837354099403615,-0.3888008986421099,-0.10052917088631763,1,0
2043,0.5093543957879086,1.1248755726884911,-0.614206492869086,-0.00781319749323403,0.5466309751060695,-0.3888008986421099,-0.10052917088631763,1,0
49,-0.6734449204296173,-1.025999103289135,-1.342222371461024,-1.0351011592528632,-0.3837354099403615,-0.3888008986421099,-0.10052917088631763,1,1
4026,-1.7417797866906088,-0.7995912426599115,-0.614206492869086,0.7341169971109426,-1.3141017949867926,-0.3888008986421099,-0.10052917088631763,1,0
395,-0.597135287125261,-0.912795172974523,-1.342222371461024,-1.3204589264083157,-0.3837354099403615,-0.3888008986421099,-0.10052917088631763,1,1
4728,0.7001284790488002,1.3512834333177146,0.11380938572285176,-1.282411224120922,-0.3837354099403615,2.572010516160091,9.94736145920113,1,0
1678,-0.7115997370817956,-1.025999103289135,-1.342222371461024,-1.0160773081091663,-0.3837354099403615,-0.3888008986421099,-0.10052917088631763,1,1
4085,0.0514965959617695,-0.5731833820306875,0.11380938572285176,0.46778308109918687,0.5466309751060695,2.572010516160091,-0.10052917088631763,1,0
1815,0.9672121956140478,1.1814775378457971,0.8418252643147895,1.038498615410092,1.4769973601525006,-0.3888008986421099,-0.10052917088631763,1,1
4228,0.35673512917919586,-0.2901735562441576,-0.614206492869086,-0.3692663692234739,-0.3837354099403615,-0.3888008986421099,-0.10052917088631763,0,0
4524,0.43304476248355206,0.4456519908008198,0.8418252643147895,0.23949686737482484,-0.3837354099403615,-0.3888008986421099,-0.10052917088631763,1,0
256,-0.5208256538209044,-1.5354167897048887,-1.342222371461024,-0.8829103501032884,-0.3837354099403615,-0.3888008986421099,-0.10052917088631763,0,1
3047,0.3185803125270176,0.5022539559581258,0.11380938572285176,-1.0351011592528632,0.5466309751060695,-0.3888008986421099,-0.10052917088631763,1,0
4398,1.539534445396722,-0.6297853471879936,0.11380938572285176,1.1906894245596666,-1.3141017949867926,2.572010516160091,-0.10052917088631763,0,0
1838,-1.8180894199949655,0.3890500256435138,1.5698411429067274,1.3809279359966349,0.5466309751060695,-0.3888008986421099,-0.10052917088631763,1,1
1177,-0.7497545537339739,-1.252406963918359,-1.342222371461024,-0.9780296058217727,-0.3837354099403615,2.572010516160091,-0.10052917088631763,1,1
1045,0.2041158625704827,1.2380795030031027,-0.614206492869086,-0.44536177379826125,-1.3141017949867926,-0.3888008986421099,-0.10052917088631763,0,1
1163,-0.8642190036905089,0.4456519908008198,1.5698411429067274,1.495071042858816,-1.3141017949867926,-0.3888008986421099,-0.10052917088631763,0,1
2067,0.8909025623096917,1.5210893287896325,0.8418252643147895,-1.1302204149713473,-0.3837354099403615,-0.3888008986421099,-0.10052917088631763,0,0
3422,-0.29189675390783476,-1.0826010684464409,0.11380938572285176,1.152641722272273,-0.3837354099403615,-0.3888008986421099,-0.10052917088631763,0,0
4416,0.2804254958748393,-0.9693971381318289,0.8418252643147895,0.23949686737482484,-1.3141017949867926,-0.3888008986421099,-0.10052917088631763,1,0
1935,0.7764381123531567,1.1814775378457971,0.11380938572285176,0.4297353788117932,1.4769973601525006,-0.3888008986421099,-0.10052917088631763,0,1
3905,0.9672121956140478,0.4456519908008198,-0.614206492869086,1.3428802337092414,-0.3837354099403615,-0.3888008986421099,-0.10052917088631763,1,0
981,-0.48267083716872605,-1.5354167897048887,-1.342222371461024,-1.187291968402438,-0.3837354099403615,-0.3888008986421099,-0.10052917088631763,1,1
2668,-0.17743230395129986,0.8418657469019611,-0.614206492869086,-0.9780296058217727,-1.3141017949867926,-0.3888008986421099,-0.10052917088631763,1,0
4859,0.2041158625704827,-0.34677552140146356,0.11380938572285176,-0.8638864989595917,-1.3141017949867926,-0.3888008986421099,-0.10052917088631763,0,0
767,0.6619736623966218,0.5022539559581258,0.8418252643147895,0.46778308109918687,1.4769973601525006,-0.3888008986421099,-0.10052917088631763,0,1
621,0.8527477456575133,0.1626421650142898,-0.614206492869086,1.247760977990757,-1.3141017949867926,-0.3888008986421099,-0.10052917088631763,0,1
4311,0.0896514126139478,0.3324480604862078,0.11380938572285176,-0.9590057546780758,-0.3837354099403615,2.572010516160091,-0.10052917088631763,0,0
1365,-0.6352901037774392,-1.1392030336037469,-1.342222371461024,-1.05412501039656,-0.3837354099403615,-0.3888008986421099,-0.10052917088631763,0,1
1016,-0.7115997370817956,-1.365610894232971,-1.342222371461024,-1.2253396706898316,-0.3837354099403615,-0.3888008986421099,-0.10052917088631763,1,1
597,1.0816766455705826,0.6720598514300432,0.8418252643147895,0.3726638253807027,1.4769973601525006,-0.3888008986421099,-0.10052917088631763,1,1
4264,-1.627315336734074,-0.2901735562441576,0.11380938572285176,1.1716655734159698,-0.3837354099403615,-0.3888008986421099,-0.10052917088631763,1,0
68,1.2342959121792958,1.4644873636323266,0.11380938572285176,1.1716655734159698,2.4073637451989316,-0.3888008986421099,-0.10052917088631763,0,1
3277,1.3487603621358308,-0.4033774865587696,0.11380938572285176,0.18242531394373432,0.5466309751060695,-0.3888008986421099,-0.10052917088631763,0,0
4472,0.3948899458313742,1.2380795030031027,-0.614206492869086,1.1716655734159698,-1.3141017949867926,-0.3888008986421099,-0.10052917088631763,1,0
2182,1.5776892620489003,0.5022539559581258,0.8418252643147895,-0.42633792265456444,-0.3837354099403615,2.572010516160091,-0.10052917088631763,0,0
2915,0.2804254958748393,0.2758460953289018,0.8418252643147895,0.7341169971109426,-1.3141017949867926,-0.3888008986421099,-0.10052917088631763,0,0
3838,0.7001284790488002,-0.4033774865587696,-0.614206492869086,0.334616123093309,-0.3837354099403615,-0.3888008986421099,-0.10052917088631763,1,0
4257,0.7764381123531567,-0.34677552140146356,0.11380938572285176,0.220473016231128,-1.3141017949867926,-0.3888008986421099,-0.10052917088631763,1,0
2971,0.6238188457444436,-0.5165814168733815,-0.614206492869086,0.5248546345302774,-1.3141017949867926,-0.3888008986421099,-0.10052917088631763,1,0
895,0.5856640290922652,1.1248755726884911,0.8418252643147895,1.2097132757033635,1.4769973601525006,-0.3888008986421099,-0.10052917088631763,0,1
713,1.0053670122662262,1.4644873636323266,0.8418252643147895,1.2858086802781508,1.4769973601525006,-0.3888008986421099,-0.10052917088631763,1,1
677,-1.7799346033427872,0.5588559211154311,1.5698411429067274,1.2858086802781508,0.5466309751060695,-0.3888008986421099,-0.10052917088631763,1,1
2757,1.119831462222761,-1.252406963918359,-0.614206492869086,1.266784829134454,-0.3837354099403615,-0.3888008986421099,-0.10052917088631763,0,0
1161,-0.8260641870383305,0.049438234699677806,0.11380938572285176,1.3999517871403317,-1.3141017949867926,-0.3888008986421099,-0.10052917088631763,0,1
439,0.7382832957009784,1.0116716423738792,0.11380938572285176,0.6580215925361552,1.4769973601525006,-0.3888008986421099,-0.10052917088631763,1,1
1449,-0.44451602051654776,-1.1392030336037469,-1.342222371461024,-1.3585066286957095,-0.3837354099403615,-0.3888008986421099,-0.10052917088631763,1,1
4202,-0.33005157056001305,-0.0637656956149342,-0.614206492869086,1.0004509131226982,-1.3141017949867926,2.572010516160091,-0.10052917088631763,1,0
3719,0.9290573789618695,-0.7995912426599115,0.11380938572285176,-1.2633873729772251,-0.3837354099403615,-0.3888008986421099,-0.10052917088631763,0,0
4148,0.9290573789618695,0.8984677120592672,0.11380938572285176,-1.0160773081091663,-1.3141017949867926,-0.3888008986421099,-0.10052917088631763,1,0
2486,1.4632248120923652,-1.025999103289135,-0.614206492869086,-0.9399819035343789,-1.3141017949867926,-0.3888008986421099,-0.10052917088631763,0,0
1590,-1.8180894199949655,0.5022539559581258,1.5698411429067274,2.0087150237386306,0.5466309751060695,-0.3888008986421099,-0.10052917088631763,0,1
2256,1.119831462222761,0.1060401998569838,0.11380938572285176,-0.23609941121759606,0.5466309751060695,-0.3888008986421099,-0.10052917088631763,0,0
4405,-0.13927748729912157,0.5022539559581258,0.11380938572285176,1.038498615410092,-1.3141017949867926,-0.3888008986421099,-0.10052917088631763,1,0
438,-0.5589804704730826,-1.0826010684464409,-1.342222371461024,-0.8068149455285011,-0.3837354099403615,-0.3888008986421099,-0.10052917088631763,1,1
2032,0.35673512917919586,-0.8561932078172175,-1.342222371461024,-0.8068149455285011,0.5466309751060695,-0.3888008986421099,-0.10052917088631763,1,0
396,-0.48267083716872605,-1.4788148245475827,-1.342222371461024,-1.4155781821267999,-0.3837354099403615,-0.3888008986421099,-0.10052917088631763,1,1
2910,0.7382832957009784,-0.6297853471879936,0.11380938572285176,0.3916876765243995,-0.3837354099403615,-0.3888008986421099,-0.10052917088631763,0,0
4952,-0.29189675390783476,-1.025999103289135,-0.614206492869086,0.9814270619790014,-1.3141017949867926,-0.3888008986421099,-0.10052917088631763,1,0
947,-0.7879093703861523,-1.4788148245475827,-1.342222371461024,-1.3585066286957095,-0.3837354099403615,-0.3888008986421099,-0.10052917088631763,1,1
329,-1.8180894199949655,0.7286618165873492,1.5698411429067274,1.2097132757033635,0.5466309751060695,-0.3888008986421099,-0.10052917088631763,1,1
3466,0.0514965959617695,0.6154578862727372,0.11380938572285176,0.6960692948235488,0.5466309751060695,-0.3888008986421099,-0.10052917088631763,2,0
3739,0.547509212440087,0.4456519908008198,-0.614206492869086,0.3155922719496122,-0.3837354099403615,-0.3888008986421099,-0.10052917088631763,0,0
3090,0.0514965959617695,-0.912795172974523,0.11380938572285176,0.3536399742370058,-0.3837354099403615,2.572010516160091,-0.10052917088631763,1,0
2574,0.35673512917919586,-0.0637656956149342,-0.614206492869086,-0.23609941121759606,-0.3837354099403615,2.572010516160091,-0.10052917088631763,0,0
2735,0.9290573789618695,-0.5165814168733815,0.8418252643147895,-0.48340947608565493,-0.3837354099403615,-0.3888008986421099,-0.10052917088631763,1,0
1541,-0.597135287125261,-1.422212859390277,-1.342222371461024,-1.0921727126839538,-0.3837354099403615,-0.3888008986421099,-0.10052917088631763,1,1
2255,1.2724507288314741,0.5588559211154311,-0.614206492869086,-0.3692663692234739,-0.3837354099403615,-0.3888008986421099,-0.10052917088631763,0,0
4444,0.1659610459183044,-0.8561932078172175,-0.614206492869086,-0.5404810295167455,-1.3141017949867926,-0.3888008986421099,-0.10052917088631763,1,0
3944,0.6238188457444436,-1.9882325109633363,-1.342222371461024,-0.597552582947836,0.5466309751060695,-0.3888008986421099,-0.10052917088631763,1,0
2866,0.0133417793095912,0.2192441301715958,0.8418252643147895,1.0955701688411825,-1.3141017949867926,2.572010516160091,-0.10052917088631763,1,0
1354,0.8145929290053351,1.4078853984750206,0.11380938572285176,0.7721646993983362,1.4769973601525006,-0.3888008986421099,-0.10052917088631763,0,1
459,-0.6352901037774392,-1.365610894232971,-1.342222371461024,-1.2633873729772251,-0.3837354099403615,-0.3888008986421099,-0.10052917088631763,0,1
4292,1.2342959121792958,0.8984677120592672,0.11380938572285176,0.04925835593785648,-1.3141017949867926,-0.3888008986421099,-0.10052917088631763,1,0
4603,1.4250699954401869,-0.45997945171607557,-0.614206492869086,0.7531408482546395,1.4769973601525006,2.572010516160091,-0.10052917088631763,1,0
3087,-0.0248130373425871,-0.912795172974523,0.11380938572285176,-1.7009359492822524,-0.3837354099403615,-0.3888008986421099,-0.10052917088631763,1,0
2937,1.5013796287445436,-0.4033774865587696,-0.614206492869086,0.3155922719496122,-1.3141017949867926,-0.3888008986421099,-0.10052917088631763,1,0
1002,-1.7799346033427872,0.7286618165873492,1.5698411429067274,1.2287371268470604,0.5466309751060695,-0.3888008986421099,-0.10052917088631763,0,1
3291,0.0133417793095912,0.1626421650142898,0.11380938572285176,0.5819261879613679,-1.3141017949867926,-0.3888008986421099,-0.10052917088631763,1,0
594,-0.7879093703861523,-1.025999103289135,-1.342222371461024,-1.3394827775520126,-0.3837354099403615,-0.3888008986421099,-0.10052917088631763,1,1
2272,0.1278062292661261,-0.9693971381318289,0.11380938572285176,0.5438784856739742,-0.3837354099403615,-0.3888008986421099,-0.10052917088631763,1,0
4481,-0.25374193725565647,0.7852637817446552,0.8418252643147895,0.18242531394373432,-1.3141017949867926,-0.3888008986421099,-0.10052917088631763,1,0
1756,0.2041158625704827,0.2192441301715958,-1.342222371461024,-0.8638864989595917,0.5466309751060695,-0.3888008986421099,-0.10052917088631763,1,1
1310,-0.06296785399476497,0.1626421650142898,0.8418252643147895,0.6389977413924584,-1.3141017949867926,-0.3888008986421099,-0.10052917088631763,0,1
1279,-0.7497545537339739,-0.912795172974523,-1.342222371461024,-1.0351011592528632,-0.3837354099403615,-0.3888008986421099,-0.10052917088631763,0,1
1731,-0.5208256538209044,-0.9693971381318289,-1.342222371461024,-1.168268117258741,-0.3837354099403615,-0.3888008986421099,-0.10052917088631763,1,1
1145,-0.5589804704730826,-1.5354167897048887,-1.342222371461024,-1.187291968402438,-0.3837354099403615,-0.3888008986421099,-0.10052917088631763,1,1
1363,-0.6734449204296173,-1.252406963918359,-1.342222371461024,-1.396554330983103,-0.3837354099403615,-0.3888008986421099,-0.10052917088631763,0,1
3865,0.3948899458313742,0.4456519908008198,0.11380938572285176,-0.3121948157923834,-0.3837354099403615,2.572010516160091,-0.10052917088631763,1,0
2046,-0.21558712060347818,-0.7429892775026056,-1.342222371461024,-0.5024333272293517,-0.3837354099403615,2.572010516160091,-0.10052917088631763,1,0
3625,0.2804254958748393,-0.34677552140146356,0.8418252643147895,0.6960692948235488,0.5466309751060695,-0.3888008986421099,-0.10052917088631763,1,0
2594,-0.0248130373425871,1.0116716423738792,-0.614206492869086,1.019474764266395,0.5466309751060695,-0.3888008986421099,-0.10052917088631763,1,0
4320,-0.25374193725565647,1.2946814681604086,0.11380938572285176,-0.026837048636930864,-0.3837354099403615,-0.3888008986421099,-0.10052917088631763,0,0
2655,0.5093543957879086,-1.365610894232971,0.8418252643147895,-1.6819120981385556,-0.3837354099403615,-0.3888008986421099,-0.10052917088631763,1,0
3887,0.547509212440087,-0.2901735562441576,-0.614206492869086,-0.7307195409537138,0.5466309751060695,-0.3888008986421099,-0.10052917088631763,0,0
917,-1.7799346033427872,0.5588559211154311,1.5698411429067274,1.9326196191638432,0.5466309751060695,2.572010516160091,-0.10052917088631763,1,1
1561,-1.8562442366471437,0.6154578862727372,1.5698411429067274,1.5901902985773002,0.5466309751060695,-0.3888008986421099,-0.10052917088631763,1,1
4095,-1.0549930869514001,0.4456519908008198,1.5698411429067274,0.9053316574042141,-0.3837354099403615,-0.3888008986421099,-0.10052917088631763,1,0
4182,-1.4746960701253609,1.1814775378457971,-0.614206492869086,-1.7580075027133428,0.5466309751060695,-0.3888008986421099,-0.10052917088631763,0,0
862,-0.5589804704730826,-1.365610894232971,-1.342222371461024,-1.1111965638276504,-0.3837354099403615,-0.3888008986421099,-0.10052917088631763,1,1
3467,1.0816766455705826,0.8418657469019611,-0.614206492869086,0.04925835593785648,0.5466309751060695,-0.3888008986421099,-0.10052917088631763,1,0
88,-0.5208256538209044,-1.5354167897048887,-1.342222371461024,-1.3394827775520126,-0.3837354099403615,-0.3888008986421099,-0.10052917088631763,1,1
3103,1.5013796287445436,-1.252406963918359,-0.614206492869086,0.4297353788117932,-1.3141017949867926,-0.3888008986421099,-0.10052917088631763,0,0
3605,0.47119957913573035,-0.45997945171607557,-0.614206492869086,-0.42633792265456444,-1.3141017949867926,-0.3888008986421099,-0.10052917088631763,1,0
2307,0.8527477456575133,1.4644873636323266,-1.342222371461024,0.5629023368176711,2.4073637451989316,2.572010516160091,-0.10052917088631763,1,0
3044,1.4250699954401869,-1.309008929075665,0.11380938572285176,-1.073148861540257,2.4073637451989316,2.572010516160091,-0.10052917088631763,1,0
448,-1.8180894199949655,0.6720598514300432,0.8418252643147895,1.8184765123016622,0.5466309751060695,-0.3888008986421099,-0.10052917088631763,1,1
608,-1.7799346033427872,0.8984677120592672,0.8418252643147895,0.9053316574042141,0.5466309751060695,-0.3888008986421099,-0.10052917088631763,0,1
2461,1.0816766455705826,-0.007163730457628193,0.11380938572285176,-0.6736479875226233,-1.3141017949867926,-0.3888008986421099,-0.10052917088631763,1,0
4046,1.2724507288314741,-0.007163730457628193,-0.614206492869086,0.20144916508743116,-0.3837354099403615,-0.3888008986421099,-0.10052917088631763,1,0
2911,0.0514965959617695,0.5022539559581258,1.5698411429067274,-1.510697437845284,1.4769973601525006,-0.3888008986421099,-0.10052917088631763,0,0
387,-1.8180894199949655,1.1814775378457971,1.5698411429067274,1.8184765123016622,0.5466309751060695,-0.3888008986421099,-0.10052917088631763,0,1
709,-1.7799346033427872,0.8418657469019611,1.5698411429067274,1.0004509131226982,0.5466309751060695,-0.3888008986421099,-0.10052917088631763,1,1
2409,-1.3602316201688263,0.8984677120592672,0.11380938572285176,0.20144916508743116,-0.3837354099403615,2.572010516160091,-0.10052917088631763,0,0
3559,0.9290573789618695,-0.2901735562441576,-0.614206492869086,0.20144916508743116,-1.3141017949867926,-0.3888008986421099,-0.10052917088631763,1,0
3726,1.0816766455705826,1.3512834333177146,0.11380938572285176,-1.073148861540257,-0.3837354099403615,-0.3888008986421099,-0.10052917088631763,0,0
2572,0.7764381123531567,0.5588559211154311,0.11380938572285176,-1.1302204149713473,-0.3837354099403615,-0.3888008986421099,-0.10052917088631763,0,0
1283,0.8909025623096917,0.5022539559581258,0.11380938572285176,0.29656842080591533,1.4769973601525006,2.572010516160091,-0.10052917088631763,1,1
4367,-0.7115997370817956,-0.45997945171607557,-0.614206492869086,-0.9590057546780758,-1.3141017949867926,-0.3888008986421099,-0.10052917088631763,1,0
2450,1.2724507288314741,-0.12036766077224019,-0.614206492869086,-1.3394827775520126,0.5466309751060695,-0.3888008986421099,-0.10052917088631763,0,0
2476,-0.9786834536470435,-1.7052226851768066,-1.342222371461024,-1.9672698652940082,0.5466309751060695,-0.3888008986421099,-0.10052917088631763,1,0
2698,0.7001284790488002,0.2192441301715958,-0.614206492869086,0.25852071851852165,-0.3837354099403615,-0.3888008986421099,-0.10052917088631763,1,0
705,0.6238188457444436,-1.025999103289135,0.8418252643147895,0.25852071851852165,-0.3837354099403615,-0.3888008986421099,-0.10052917088631763,1,1
4723,-0.29189675390783476,0.5588559211154311,-0.614206492869086,-1.3204589264083157,-1.3141017949867926,2.572010516160091,-0.10052917088631763,1,0
3666,1.2724507288314741,-1.0826010684464409,-0.614206492869086,-1.05412501039656,0.5466309751060695,2.572010516160091,-0.10052917088631763,2,0
3204,-0.36820638721219134,1.2946814681604086,-0.614206492869086,-0.3502425180797771,-1.3141017949867926,-0.3888008986421099,-0.10052917088631763,2,0
2443,1.3106055454836525,-0.17696962592954618,-0.614206492869086,-0.19805170893020238,-0.3837354099403615,-0.3888008986421099,-0.10052917088631763,0,0
1137,1.0816766455705826,1.0682736075311852,0.8418252643147895,1.1906894245596666,1.4769973601525006,-0.3888008986421099,-0.10052917088631763,1,1
978,-1.7799346033427872,0.8418657469019611,0.8418252643147895,1.9135957680201463,0.5466309751060695,-0.3888008986421099,-0.10052917088631763,1,1
2803,0.8527477456575133,0.7286618165873492,0.8418252643147895,0.7531408482546395,-0.3837354099403615,-0.3888008986421099,-0.10052917088631763,2,0
818,-1.7799346033427872,0.8418657469019611,1.5698411429067274,1.1716655734159698,0.5466309751060695,-0.3888008986421099,-0.10052917088631763,0,1
4139,0.0133417793095912,-1.6486207200195007,1.5698411429067274,-1.3394827775520126,-0.3837354099403615,-0.3888008986421099,-0.10052917088631763,1,0
2480,1.4632248120923652,0.8984677120592672,0.11380938572285176,-0.711695689810017,-1.3141017949867926,-0.3888008986421099,-0.10052917088631763,0,0
3170,0.547509212440087,0.5588559211154311,0.8418252643147895,1.609214149720997,-0.3837354099403615,-0.3888008986421099,-0.10052917088631763,0,0
4235,1.1961410955271177,-1.252406963918359,0.11380938572285176,-1.05412501039656,-1.3141017949867926,-0.3888008986421099,-0.10052917088631763,0,0
1465,-1.8180894199949655,1.1248755726884911,1.5698411429067274,1.4570233405714224,0.5466309751060695,-0.3888008986421099,-0.10052917088631763,0,1
310,-1.8180894199949655,1.2380795030031027,1.5698411429067274,1.5711664474336033,0.5466309751060695,-0.3888008986421099,-0.10052917088631763,0,1
568,-1.8180894199949655,1.4078853984750206,1.5698411429067274,1.5140948940025127,0.5466309751060695,-0.3888008986421099,-0.10052917088631763,0,1
2847,0.6238188457444436,-1.9316305458060303,-1.342222371461024,-1.4536258844141936,-0.3837354099403615,-0.3888008986421099,-0.10052917088631763,0,0
89,-0.7879093703861523,-0.8561932078172175,-1.342222371461024,-1.3775304798394061,-0.3837354099403615,-0.3888008986421099,-0.10052917088631763,1,1
326,-0.6352901037774392,-1.1392030336037469,-1.342222371461024,-1.282411224120922,-0.3837354099403615,-0.3888008986421099,-0.10052917088631763,1,1
816,0.8527477456575133,1.4078853984750206,0.11380938572285176,0.29656842080591533,1.4769973601525006,2.572010516160091,-0.10052917088631763,0,1
1971,-0.17743230395129986,0.2192441301715958,0.8418252643147895,-1.3394827775520126,2.4073637451989316,-0.3888008986421099,-0.10052917088631763,1,1
2749,-1.4365412534731827,0.1060401998569838,1.5698411429067274,-1.0351011592528632,0.5466309751060695,-0.3888008986421099,-0.10052917088631763,1,0
2612,1.539534445396722,-1.0826010684464409,-0.614206492869086,0.6009500391050647,-0.3837354099403615,-0.3888008986421099,-0.10052917088631763,0,0
891,-0.5589804704730826,-0.8561932078172175,-1.342222371461024,-1.3585066286957095,-0.3837354099403615,2.572010516160091,-0.10052917088631763,0,1
918,-0.7497545537339739,-0.9693971381318289,-1.342222371461024,-1.0921727126839538,-0.3837354099403615,-0.3888008986421099,-0.10052917088631763,1,1
4011,0.0133417793095912,-0.2901735562441576,-1.342222371461024,-0.42633792265456444,-1.3141017949867926,-0.3888008986421099,-0.10052917088631763,0,0
707,0.8145929290053351,1.1814775378457971,0.11380938572285176,0.44875922995549006,1.4769973601525006,-0.3888008986421099,-0.10052917088631763,1,1
1282,0.6619736623966218,0.8984677120592672,0.8418252643147895,1.2858086802781508,1.4769973601525006,-0.3888008986421099,-0.10052917088631763,2,1
2985,1.539534445396722,-1.252406963918359,0.11380938572285176,0.08730605822525014,-0.3837354099403615,-0.3888008986421099,-0.10052917088631763,1,0
611,-1.8562442366471437,1.2946814681604086,2.297857021498665,1.019474764266395,0.5466309751060695,-0.3888008986421099,-0.10052917088631763,0,1
475,1.119831462222761,1.5776912939469385,0.8418252643147895,0.7531408482546395,1.4769973601525006,-0.3888008986421099,-0.10052917088631763,1,1
170,-0.48267083716872605,-0.8561932078172175,-1.342222371461024,-0.8448626478158948,-0.3837354099403615,-0.3888008986421099,-0.10052917088631763,1,1
38,-0.48267083716872605,-1.252406963918359,-1.342222371461024,-1.4536258844141936,-0.3837354099403615,-0.3888008986421099,-0.10052917088631763,1,1
2615,1.1579862788749393,-0.6863873123452996,0.11380938572285176,0.4107115276680964,-1.3141017949867926,-0.3888008986421099,-0.10052917088631763,1,0
2309,0.1659610459183044,-1.0826010684464409,-0.614206492869086,-1.168268117258741,-0.3837354099403615,-0.3888008986421099,-0.10052917088631763,1,0
1743,-1.8180894199949655,0.9550696772165732,1.5698411429067274,1.0765463176974857,1.4769973601525006,-0.3888008986421099,-0.10052917088631763,0,1
4267,1.3106055454836525,-0.912795172974523,0.8418252643147895,-0.1029324532117182,-1.3141017949867926,2.572010516160091,-0.10052917088631763,0,0
747,-0.8260641870383305,-1.252406963918359,-1.342222371461024,-1.3394827775520126,-0.3837354099403615,-0.3888008986421099,-0.10052917088631763,1,1
1828,-1.8180894199949655,1.2946814681604086,0.8418252643147895,1.5901902985773002,0.5466309751060695,-0.3888008986421099,-0.10052917088631763,2,1
2883,1.3106055454836525,1.2380795030031027,0.8418252643147895,0.8672839551168204,-0.3837354099403615,-0.3888008986421099,-0.10052917088631763,0,0
1745,-0.6734449204296173,-1.365610894232971,-1.342222371461024,-0.7877910943848043,-0.3837354099403615,-0.3888008986421099,-0.10052917088631763,0,1
1528,-0.7497545537339739,-0.9693971381318289,-1.342222371461024,-1.3585066286957095,-0.3837354099403615,-0.3888008986421099,-0.10052917088631763,1,1
2701,0.242270679222661,-0.7429892775026056,-0.614206492869086,-0.5404810295167455,-0.3837354099403615,2.572010516160091,-0.10052917088631763,1,0
1563,-0.5208256538209044,-0.8561932078172175,-1.342222371461024,-1.0351011592528632,-0.3837354099403615,-0.3888008986421099,-0.10052917088631763,1,1
759,-0.7115997370817956,-1.025999103289135,-1.342222371461024,-1.4346020332704967,-0.3837354099403615,-0.3888008986421099,-0.10052917088631763,1,1
2802,-0.25374193725565647,-0.7995912426599115,-1.342222371461024,-0.40731407151086757,0.5466309751060695,-0.3888008986421099,-0.10052917088631763,0,0
2334,0.3185803125270176,1.2946814681604086,-0.614206492869086,-0.21707556007389922,-0.3837354099403615,-0.3888008986421099,-0.10052917088631763,0,0
53,-0.7497545537339739,-0.9693971381318289,-1.342222371461024,-1.3014350752646189,-0.3837354099403615,-0.3888008986421099,-0.10052917088631763,1,1
4091,-1.5510057034297173,-1.365610894232971,1.5698411429067274,1.2858086802781508,1.4769973601525006,-0.3888008986421099,-0.10052917088631763,1,0
295,-1.8180894199949655,1.1814775378457971,1.5698411429067274,0.9624032108353046,0.5466309751060695,-0.3888008986421099,-0.10052917088631763,0,1
392,-0.48267083716872605,-0.9693971381318289,-1.342222371461024,-1.0351011592528632,-0.3837354099403615,-0.3888008986421099,-0.10052917088631763,1,1
3773,0.0896514126139478,0.5022539559581258,-1.342222371461024,0.220473016231128,-0.3837354099403615,-0.3888008986421099,-0.10052917088631763,2,0
863,-0.6352901037774392,-1.422212859390277,-1.342222371461024,-0.9209580523906822,-0.3837354099403615,-0.3888008986421099,-0.10052917088631763,1,1
4630,1.2342959121792958,1.5776912939469385,-1.342222371461024,-1.6819120981385556,1.4769973601525006,-0.3888008986421099,-0.10052917088631763,2,0
1186,-0.5589804704730826,-1.309008929075665,-1.342222371461024,-1.282411224120922,-0.3837354099403615,-0.3888008986421099,-0.10052917088631763,1,1
3674,-0.25374193725565647,-1.1392030336037469,-0.614206492869086,-1.3394827775520126,-0.3837354099403615,-0.3888008986421099,-0.10052917088631763,1,0
11,-0.48267083716872605,-1.025999103289135,-1.342222371461024,-1.282411224120922,-0.3837354099403615,-0.3888008986421099,-0.10052917088631763,1,1
2629,0.242270679222661,-1.1392030336037469,0.11380938572285176,0.08730605822525014,-0.3837354099403615,-0.3888008986421099,-0.10052917088631763,1,0
3741,0.0514965959617695,-0.5165814168733815,0.8418252643147895,0.7721646993983362,-1.3141017949867926,-0.3888008986421099,-0.10052917088631763,0,0
4335,0.547509212440087,-0.007163730457628193,0.11380938572285176,-0.5214571783730486,0.5466309751060695,-0.3888008986421099,-0.10052917088631763,1,0
924,-0.5208256538209044,-1.252406963918359,-1.342222371461024,-0.8829103501032884,-0.3837354099403615,-0.3888008986421099,-0.10052917088631763,0,1
4738,-0.10112267064694327,0.7286618165873492,-0.614206492869086,-0.9590057546780758,-1.3141017949867926,-0.3888008986421099,9.94736145920113,0,0
2073,1.5013796287445436,0.6154578862727372,0.11380938572285176,-0.00781319749323403,-0.3837354099403615,-0.3888008986421099,-0.10052917088631763,1,0
1752,-1.7799346033427872,1.0116716423738792,2.297857021498665,0.8102124016857299,0.5466309751060695,-0.3888008986421099,-0.10052917088631763,0,1
2319,-0.10112267064694327,0.6720598514300432,-0.614206492869086,0.6580215925361552,-0.3837354099403615,-0.3888008986421099,-0.10052917088631763,1,0
4656,0.8527477456575133,0.7852637817446552,-0.614206492869086,-1.2633873729772251,-1.3141017949867926,-0.3888008986421099,-0.10052917088631763,0,0
3515,-0.21558712060347818,0.5588559211154311,-0.614206492869086,-0.19805170893020238,-0.3837354099403615,-0.3888008986421099,-0.10052917088631763,1,0
3613,0.5093543957879086,-0.5165814168733815,0.8418252643147895,0.4107115276680964,-0.3837354099403615,2.572010516160091,-0.10052917088631763,0,0
960,-1.8180894199949655,1.2380795030031027,2.297857021498665,1.495071042858816,0.5466309751060695,-0.3888008986421099,-0.10052917088631763,0,1
201,1.2342959121792958,0.5588559211154311,0.8418252643147895,1.0765463176974857,1.4769973601525006,-0.3888008986421099,-0.10052917088631763,1,1
3406,0.43304476248355206,1.3512834333177146,-0.614206492869086,0.14437761165634067,-0.3837354099403615,-0.3888008986421099,-0.10052917088631763,1,0
455,-1.8562442366471437,1.4078853984750206,2.297857021498665,0.9814270619790014,0.5466309751060695,2.572010516160091,-0.10052917088631763,0,1
3459,0.6238188457444436,-1.252406963918359,0.11380938572285176,0.25852071851852165,-0.3837354099403615,-0.3888008986421099,-0.10052917088631763,0,0
2435,0.2804254958748393,0.1626421650142898,-1.342222371461024,-0.9780296058217727,-0.3837354099403615,-0.3888008986421099,-0.10052917088631763,1,0
3260,0.1659610459183044,-0.7995912426599115,-0.614206492869086,-0.00781319749323403,-1.3141017949867926,-0.3888008986421099,-0.10052917088631763,0,0
3868,0.5093543957879086,0.2192441301715958,0.11380938572285176,-1.1492442661150442,-1.3141017949867926,2.572010516160091,-0.10052917088631763,1,0
3371,0.242270679222661,0.6154578862727372,-0.614206492869086,-0.2741471135049897,0.5466309751060695,-0.3888008986421099,-0.10052917088631763,1,0
4029,0.7764381123531567,-0.007163730457628193,-0.614206492869086,1.0004509131226982,0.5466309751060695,2.572010516160091,-0.10052917088631763,1,0
4864,1.5776892620489003,0.8418657469019611,0.11380938572285176,0.3916876765243995,-0.3837354099403615,-0.3888008986421099,-0.10052917088631763,0,0
514,-1.7799346033427872,0.9550696772165732,1.5698411429067274,1.723357256583178,0.5466309751060695,-0.3888008986421099,-0.10052917088631763,1,1
3597,-0.36820638721219134,-1.252406963918359,0.11380938572285176,-0.5595048806604422,-0.3837354099403615,-0.3888008986421099,-0.10052917088631763,1,0
48,-0.0248130373425871,-0.12036766077224019,-0.614206492869086,1.3428802337092414,2.4073637451989316,-0.3888008986421099,-0.10052917088631763,1,1
145,1.0053670122662262,1.5210893287896325,0.11380938572285176,1.2287371268470604,1.4769973601525006,-0.3888008986421099,-0.10052917088631763,1,1
4822,0.5093543957879086,0.8984677120592672,0.11380938572285176,1.2097132757033635,-0.3837354099403615,-0.3888008986421099,-0.10052917088631763,2,0
3233,1.2342959121792958,1.3512834333177146,-0.614206492869086,0.3916876765243995,0.5466309751060695,-0.3888008986421099,-0.10052917088631763,2,0
2157,0.8909025623096917,0.7852637817446552,-0.614206492869086,0.5438784856739742,-0.3837354099403615,-0.3888008986421099,-0.10052917088631763,1,0
2118,0.7764381123531567,-0.007163730457628193,0.8418252643147895,1.2858086802781508,-0.3837354099403615,2.572010516160091,-0.10052917088631763,1,0
4308,0.1278062292661261,1.4644873636323266,-0.614206492869086,-1.2253396706898316,1.4769973601525006,2.572010516160091,-0.10052917088631763,0,0
3319,-0.36820638721219134,0.7852637817446552,0.8418252643147895,0.8292362528294267,-0.3837354099403615,-0.3888008986421099,-0.10052917088631763,1,0
4781,1.1579862788749393,0.2758460953289018,0.11380938572285176,-0.6546241363789265,0.5466309751060695,-0.3888008986421099,-0.10052917088631763,0,0
1700,-0.5589804704730826,-1.4788148245475827,-1.342222371461024,-1.4536258844141936,-0.3837354099403615,-0.3888008986421099,-0.10052917088631763,0,1
591,-0.7497545537339739,-0.9693971381318289,-1.342222371461024,-1.0351011592528632,-0.3837354099403615,-0.3888008986421099,-0.10052917088631763,1,1
3358,0.5093543957879086,-0.17696962592954618,0.11380938572285176,-0.42633792265456444,-0.3837354099403615,2.572010516160091,-0.10052917088631763,0,0
1491,-0.7497545537339739,-0.9693971381318289,-1.342222371461024,-1.3775304798394061,-0.3837354099403615,-0.3888008986421099,-0.10052917088631763,1,1
4702,-1.1313027202557564,0.2192441301715958,-0.614206492869086,-0.9970534569654695,-1.3141017949867926,-0.3888008986421099,-0.10052917088631763,0,0
23,-1.8562442366471437,1.2946814681604086,1.5698411429067274,1.9326196191638432,0.5466309751060695,-0.3888008986421099,-0.10052917088631763,1,1
1535,-1.8180894199949655,1.2380795030031027,1.5698411429067274,1.7994526611579653,1.4769973601525006,-0.3888008986421099,-0.10052917088631763,1,1
3594,0.8909025623096917,0.2758460953289018,0.11380938572285176,-0.1029324532117182,-0.3837354099403615,-0.3888008986421099,-0.10052917088631763,1,0
540,-1.7799346033427872,1.2380795030031027,2.297857021498665,0.7911885505420331,0.5466309751060695,-0.3888008986421099,-0.10052917088631763,0,1
2148,0.2804254958748393,-0.45997945171607557,-0.614206492869086,0.3916876765243995,0.5466309751060695,-0.3888008986421099,-0.10052917088631763,1,0
4489,0.1659610459183044,1.4078853984750206,0.11380938572285176,1.2097132757033635,-0.3837354099403615,-0.3888008986421099,-0.10052917088631763,1,0
897,-0.5208256538209044,-0.912795172974523,-1.342222371461024,-1.3014350752646189,-0.3837354099403615,-0.3888008986421099,-0.10052917088631763,0,1
3212,0.0133417793095912,1.0116716423738792,0.11380938572285176,-0.5214571783730486,-0.3837354099403615,2.572010516160091,-0.10052917088631763,1,0
1632,-1.8180894199949655,0.7286618165873492,1.5698411429067274,1.5331187451462096,0.5466309751060695,-0.3888008986421099,-0.10052917088631763,0,1
3707,0.2804254958748393,-0.9693971381318289,0.11380938572285176,0.9053316574042141,-1.3141017949867926,-0.3888008986421099,-0.10052917088631763,1,0
4036,0.0514965959617695,-0.17696962592954618,-0.614206492869086,-1.073148861540257,-0.3837354099403615,-0.3888008986421099,-0.10052917088631763,0,0
772,-1.8180894199949655,0.7852637817446552,1.5698411429067274,2.0277388748823273,0.5466309751060695,-0.3888008986421099,-0.10052917088631763,0,1
3412,-0.21558712060347818,0.7286618165873492,0.8418252643147895,-0.3692663692234739,-0.3837354099403615,-0.3888008986421099,-0.10052917088631763,1,0
3392,1.539534445396722,-0.7429892775026056,0.11380938572285176,-1.0160773081091663,-1.3141017949867926,-0.3888008986421099,-0.10052917088631763,0,0
94,-0.44451602051654776,-0.9693971381318289,-1.342222371461024,-1.396554330983103,-0.3837354099403615,-0.3888008986421099,-0.10052917088631763,1,1
1784,-0.5589804704730826,-1.0826010684464409,-1.342222371461024,-1.2633873729772251,-0.3837354099403615,-0.3888008986421099,-0.10052917088631763,0,1
3172,-0.7497545537339739,0.1060401998569838,-0.614206492869086,-0.825838796672198,0.5466309751060695,-0.3888008986421099,-0.10052917088631763,0,0
1017,-0.6734449204296173,-0.9693971381318289,-1.342222371461024,-0.9019342012469853,-0.3837354099403615,-0.3888008986421099,-0.10052917088631763,1,1
3195,-0.0248130373425871,-0.4033774865587696,0.8418252643147895,-0.48340947608565493,-1.3141017949867926,-0.3888008986421099,-0.10052917088631763,2,0
599,-0.7879093703861523,-1.4788148245475827,-1.342222371461024,-0.8638864989595917,-0.3837354099403615,-0.3888008986421099,-0.10052917088631763,1,1
714,0.5856640290922652,1.1248755726884911,0.8418252643147895,0.5629023368176711,1.4769973601525006,-0.3888008986421099,-0.10052917088631763,1,1
3918,0.3948899458313742,1.5776912939469385,0.11380938572285176,-0.6736479875226233,-1.3141017949867926,-0.3888008986421099,-0.10052917088631763,1,0
3397,0.0133417793095912,1.0682736075311852,-0.614206492869086,0.3916876765243995,-1.3141017949867926,-0.3888008986421099,-0.10052917088631763,1,0
34,-0.48267083716872605,-0.9693971381318289,-1.342222371461024,-1.187291968402438,-0.3837354099403615,-0.3888008986421099,-0.10052917088631763,1,1
2103,-1.627315336734074,-1.0826010684464409,1.5698411429067274,0.3726638253807027,-0.3837354099403615,-0.3888008986421099,-0.10052917088631763,0,0
1859,-0.7497545537339739,-1.422212859390277,-1.342222371461024,-1.4155781821267999,-0.3837354099403615,-0.3888008986421099,-0.10052917088631763,0,1
2573,0.35673512917919586,-0.4033774865587696,0.8418252643147895,-0.8829103501032884,-1.3141017949867926,-0.3888008986421099,-0.10052917088631763,0,0
1102,-1.8562442366471437,1.4078853984750206,2.297857021498665,1.133617871128576,0.5466309751060695,-0.3888008986421099,-0.10052917088631763,1,1
4659,0.3948899458313742,-0.2901735562441576,0.11380938572285176,-1.282411224120922,-1.3141017949867926,-0.3888008986421099,-0.10052917088631763,0,0
569,-0.5208256538209044,-1.1958049987610528,-1.342222371461024,-1.3014350752646189,-0.3837354099403615,-0.3888008986421099,-0.10052917088631763,0,1
4035,-1.207612353560113,0.5022539559581258,0.8418252643147895,-1.2063158195461348,0.5466309751060695,-0.3888008986421099,-0.10052917088631763,0,0
2496,0.7001284790488002,0.6720598514300432,0.11380938572285176,0.6389977413924584,0.5466309751060695,-0.3888008986421099,-0.10052917088631763,0,0
2781,-0.8642190036905089,-1.1392030336037469,0.8418252643147895,0.7911885505420331,-0.3837354099403615,-0.3888008986421099,-0.10052917088631763,1,0
306,-0.48267083716872605,-1.422212859390277,-1.342222371461024,-1.282411224120922,-0.3837354099403615,-0.3888008986421099,-0.10052917088631763,0,1
1671,-0.5208256538209044,-0.8561932078172175,-1.342222371461024,-1.168268117258741,-0.3837354099403615,-0.3888008986421099,-0.10052917088631763,0,1
683,-1.7799346033427872,0.8418657469019611,2.297857021498665,1.4379994894277255,0.5466309751060695,-0.3888008986421099,-0.10052917088631763,1,1
488,-1.4746960701253609,1.5776912939469385,0.11380938572285176,-0.19805170893020238,0.5466309751060695,-0.3888008986421099,-0.10052917088631763,1,1
612,-0.7115997370817956,-1.0826010684464409,-1.342222371461024,-1.4346020332704967,-0.3837354099403615,-0.3888008986421099,-0.10052917088631763,0,1
386,0.6619736623966218,1.0116716423738792,0.8418252643147895,1.019474764266395,1.4769973601525006,-0.3888008986421099,-0.10052917088631763,1,1
1995,-0.5589804704730826,-1.025999103289135,-1.342222371461024,-0.8829103501032884,-0.3837354099403615,-0.3888008986421099,-0.10052917088631763,1,1
4126,-0.17743230395129986,1.3512834333177146,-0.614206492869086,-0.40731407151086757,-0.3837354099403615,2.572010516160091,-0.10052917088631763,2,0
1690,-0.7497545537339739,-1.1958049987610528,-1.342222371461024,-1.168268117258741,-0.3837354099403615,-0.3888008986421099,-0.10052917088631763,1,1
305,1.1961410955271177,0.8418657469019611,0.8418252643147895,1.0004509131226982,1.4769973601525006,-0.3888008986421099,-0.10052917088631763,0,1
4232,-1.7036249700384305,-0.007163730457628193,0.11380938572285176,-1.0351011592528632,1.4769973601525006,-0.3888008986421099,-0.10052917088631763,0,0
2692,0.3185803125270176,-1.365610894232971,-0.614206492869086,-0.19805170893020238,-0.3837354099403615,2.572010516160091,-0.10052917088631763,1,0
4307,0.3185803125270176,-1.252406963918359,-0.614206492869086,0.29656842080591533,-1.3141017949867926,-0.3888008986421099,-0.10052917088631763,0,0
3134,-0.8642190036905089,-0.17696962592954618,-0.614206492869086,-1.168268117258741,-1.3141017949867926,2.572010516160091,-0.10052917088631763,1,0
4376,0.547509212440087,1.1814775378457971,0.11380938572285176,-0.5404810295167455,-1.3141017949867926,-0.3888008986421099,-0.10052917088631763,1,0
4359,1.0435218289184045,0.5022539559581258,0.11380938572285176,-0.2551232623612929,0.5466309751060695,-0.3888008986421099,-0.10052917088631763,0,0
3229,-1.7036249700384305,0.4456519908008198,0.8418252643147895,0.011210653650462806,1.4769973601525006,-0.3888008986421099,-0.10052917088631763,0,0
2221,0.6619736623966218,-1.1958049987610528,0.11380938572285176,-1.2253396706898316,0.5466309751060695,-0.3888008986421099,-0.10052917088631763,0,0
1020,1.0816766455705826,1.2946814681604086,0.11380938572285176,0.7341169971109426,1.4769973601525006,-0.3888008986421099,-0.10052917088631763,1,1
2189,-1.5128508867775392,0.4456519908008198,-1.342222371461024,-1.7580075027133428,1.4769973601525006,-0.3888008986421099,-0.10052917088631763,1,0
648,-0.44451602051654776,-1.252406963918359,-1.342222371461024,-0.9780296058217727,-0.3837354099403615,-0.3888008986421099,-0.10052917088631763,0,1
2662,1.4632248120923652,-0.007163730457628193,-0.614206492869086,1.3238563825655445,-0.3837354099403615,-0.3888008986421099,-0.10052917088631763,1,0
2030,1.0053670122662262,0.2758460953289018,0.11380938572285176,1.133617871128576,0.5466309751060695,-0.3888008986421099,-0.10052917088631763,1,0
457,1.0816766455705826,1.1814775378457971,0.8418252643147895,0.3916876765243995,1.4769973601525006,-0.3888008986421099,-0.10052917088631763,0,1
2220,-1.1313027202557564,-0.9693971381318289,0.11380938572285176,0.10632990936894698,0.5466309751060695,-0.3888008986421099,-0.10052917088631763,0,0
1758,-0.8260641870383305,-1.1958049987610528,-1.342222371461024,-1.1111965638276504,-0.3837354099403615,-0.3888008986421099,-0.10052917088631763,1,1
1444,-1.7799346033427872,0.8984677120592672,2.297857021498665,1.95164347030754,0.5466309751060695,-0.3888008986421099,-0.10052917088631763,1,1
4890,-0.0248130373425871,-0.23357159108685158,0.11380938572285176,-0.9209580523906822,-0.3837354099403615,2.572010516160091,-0.10052917088631763,0,0
3792,0.43304476248355206,-0.17696962592954618,0.11380938572285176,-0.6736479875226233,-0.3837354099403615,2.572010516160091,-0.10052917088631763,1,0
4944,-0.10112267064694327,-0.4033774865587696,-0.614206492869086,0.08730605822525014,-0.3837354099403615,-0.3888008986421099,-0.10052917088631763,1,0
977,1.3106055454836525,1.2380795030031027,0.8418252643147895,1.9896911725949338,1.4769973601525006,-0.3888008986421099,-0.10052917088631763,1,1
1233,-1.8562442366471437,0.8984677120592672,2.297857021498665,1.1906894245596666,0.5466309751060695,-0.3888008986421099,-0.10052917088631763,0,1
3738,-1.5891605200818957,0.7852637817446552,-1.342222371461024,0.23949686737482484,-1.3141017949867926,-0.3888008986421099,-0.10052917088631763,0,0
3736,0.47119957913573035,0.6154578862727372,0.8418252643147895,1.1145940199848794,0.5466309751060695,-0.3888008986421099,-0.10052917088631763,2,0
812,-1.8562442366471437,1.4078853984750206,2.297857021498665,1.628238000864694,0.5466309751060695,-0.3888008986421099,-0.10052917088631763,0,1
4961,-0.29189675390783476,-1.309008929075665,-0.614206492869086,-0.42633792265456444,-0.3837354099403615,2.572010516160091,-0.10052917088631763,1,0
2133,0.7001284790488002,0.6154578862727372,-0.614206492869086,-0.3121948157923834,-1.3141017949867926,2.572010516160091,-0.10052917088631763,0,0
3354,0.0514965959617695,1.1248755726884911,0.11380938572285176,-0.12195630435541505,-1.3141017949867926,-0.3888008986421099,-0.10052917088631763,0,0
2006,-0.8260641870383305,1.2946814681604086,-0.614206492869086,0.06828220708155332,0.5466309751060695,-0.3888008986421099,-0.10052917088631763,1,0
4118,-0.5208256538209044,0.1060401998569838,0.11380938572285176,0.9053316574042141,2.4073637451989316,-0.3888008986421099,-0.10052917088631763,0,0
3398,0.7382832957009784,-1.309008929075665,0.11380938572285176,-0.3502425180797771,-0.3837354099403615,-0.3888008986421099,-0.10052917088631763,1,0
4717,0.8527477456575133,0.3890500256435138,0.11380938572285176,-0.6546241363789265,-0.3837354099403615,-0.3888008986421099,-0.10052917088631763,1,0
363,-0.6352901037774392,-1.025999103289135,-1.342222371461024,-1.0921727126839538,-0.3837354099403615,-0.3888008986421099,-0.10052917088631763,1,1
4684,-1.7417797866906088,-0.12036766077224019,0.11380938572285176,1.3999517871403317,0.5466309751060695,-0.3888008986421099,-0.10052917088631763,1,0
1767,-0.5208256538209044,-0.912795172974523,-1.342222371461024,-1.168268117258741,-0.3837354099403615,-0.3888008986421099,-0.10052917088631763,1,1
1904,1.0435218289184045,0.8418657469019611,0.11380938572285176,1.3428802337092414,1.4769973601525006,-0.3888008986421099,-0.10052917088631763,0,1
1551,-1.8562442366471437,0.8418657469019611,2.297857021498665,1.95164347030754,0.5466309751060695,-0.3888008986421099,-0.10052917088631763,0,1
211,-0.5589804704730826,-1.4788148245475827,-1.342222371461024,-0.8829103501032884,-0.3837354099403615,-0.3888008986421099,-0.10052917088631763,1,1
4296,-0.25374193725565647,-1.252406963918359,0.8418252643147895,0.9243555085479109,-0.3837354099403615,2.572010516160091,-0.10052917088631763,1,0
250,-1.7799346033427872,0.6720598514300432,1.5698411429067274,1.8184765123016622,0.5466309751060695,-0.3888008986421099,-0.10052917088631763,1,1
1321,-1.8180894199949655,0.7852637817446552,1.5698411429067274,1.970667321451237,0.5466309751060695,-0.3888008986421099,-0.10052917088631763,2,1
2463,0.2041158625704827,0.4456519908008198,-0.614206492869086,0.04925835593785648,-1.3141017949867926,-0.3888008986421099,-0.10052917088631763,1,0
554,0.8145929290053351,1.5776912939469385,0.8418252643147895,1.038498615410092,2.4073637451989316,-0.3888008986421099,-0.10052917088631763,1,1
4964,0.7382832957009784,0.9550696772165732,0.8418252643147895,-0.9590057546780758,-0.3837354099403615,-0.3888008986421099,-0.10052917088631763,0,0
32,-0.48267083716872605,-0.8561932078172175,-1.342222371461024,-1.3014350752646189,-0.3837354099403615,-0.3888008986421099,-0.10052917088631763,1,1
1750,-1.8562442366471437,1.0682736075311852,1.5698411429067274,0.7721646993983362,0.5466309751060695,-0.3888008986421099,-0.10052917088631763,2,1
3054,-0.13927748729912157,-0.007163730457628193,-0.614206492869086,-0.5785287318041391,-1.3141017949867926,-0.3888008986421099,-0.10052917088631763,1,0
2744,0.1659610459183044,-0.0637656956149342,0.8418252643147895,-1.0160773081091663,-1.3141017949867926,-0.3888008986421099,-0.10052917088631763,1,0
2077,-0.25374193725565647,-0.17696962592954618,-0.614206492869086,0.18242531394373432,-0.3837354099403615,-0.3888008986421099,-0.10052917088631763,1,0
1944,-1.8562442366471437,1.1814775378457971,1.5698411429067274,1.7804288100142684,0.5466309751060695,-0.3888008986421099,-0.10052917088631763,0,1
221,-1.8180894199949655,0.6720598514300432,1.5698411429067274,1.5901902985773002,0.5466309751060695,-0.3888008986421099,-0.10052917088631763,1,1
2158,0.35673512917919586,-1.025999103289135,-1.342222371461024,-1.168268117258741,-1.3141017949867926,-0.3888008986421099,-0.10052917088631763,1,0
667,-0.44451602051654776,-0.5731833820306875,1.5698411429067274,0.20144916508743116,-0.3837354099403615,-0.3888008986421099,-0.10052917088631763,1,1
1720,0.7382832957009784,1.3512834333177146,0.8418252643147895,0.8863078062605173,2.4073637451989316,-0.3888008986421099,-0.10052917088631763,1,1
915,1.1961410955271177,0.8418657469019611,0.8418252643147895,1.3809279359966349,2.4073637451989316,-0.3888008986421099,-0.10052917088631763,1,1
3353,1.3869151787880087,0.8984677120592672,0.11380938572285176,1.2858086802781508,-0.3837354099403615,-0.3888008986421099,-0.10052917088631763,0,0
4012,0.8527477456575133,0.3890500256435138,-0.614206492869086,0.2775445696622185,-0.3837354099403615,-0.3888008986421099,-0.10052917088631763,1,0
4248,1.0816766455705826,0.5588559211154311,0.11380938572285176,0.9433793596916078,0.5466309751060695,-0.3888008986421099,-0.10052917088631763,1,0
4321,-0.17743230395129986,-0.912795172974523,0.8418252643147895,-0.2741471135049897,-0.3837354099403615,-0.3888008986421099,-0.10052917088631763,0,0
3282,-0.36820638721219134,-0.5731833820306875,-0.614206492869086,-0.045860899780627705,-0.3837354099403615,2.572010516160091,-0.10052917088631763,0,0
3615,1.2724507288314741,-0.23357159108685158,-0.614206492869086,0.29656842080591533,-0.3837354099403615,2.572010516160091,-0.10052917088631763,0,0
4718,0.242270679222661,-0.6297853471879936,-1.342222371461024,-0.9399819035343789,-1.3141017949867926,-0.3888008986421099,-0.10052917088631763,1,0
1522,-0.7497545537339739,-1.422212859390277,-1.342222371461024,-1.187291968402438,-0.3837354099403615,2.572010516160091,-0.10052917088631763,1,1
2314,1.539534445396722,0.2758460953289018,-0.614206492869086,-1.3014350752646189,-1.3141017949867926,2.572010516160091,-0.10052917088631763,1,0
1154,-1.8180894199949655,0.8984677120592672,2.297857021498665,1.856524214589056,0.5466309751060695,-0.3888008986421099,-0.10052917088631763,0,1
4349,0.7764381123531567,1.1248755726884911,0.8418252643147895,0.7531408482546395,0.5466309751060695,-0.3888008986421099,-0.10052917088631763,0,0
525,0.6619736623966218,1.5210893287896325,0.8418252643147895,0.3536399742370058,1.4769973601525006,-0.3888008986421099,-0.10052917088631763,1,1
877,1.2724507288314741,1.2380795030031027,0.8418252643147895,1.038498615410092,1.4769973601525006,-0.3888008986421099,-0.10052917088631763,1,1
4542,0.6238188457444436,1.2380795030031027,-0.614206492869086,1.5901902985773002,2.4073637451989316,-0.3888008986421099,9.94736145920113,0,0
3796,-1.5510057034297173,0.8984677120592672,1.5698411429067274,0.44875922995549006,-0.3837354099403615,2.572010516160091,-0.10052917088631763,2,0
3011,0.1659610459183044,0.9550696772165732,-0.614206492869086,-0.9399819035343789,-0.3837354099403615,2.572010516160091,-0.10052917088631763,1,0
3006,-0.13927748729912157,0.1060401998569838,-0.614206492869086,-0.33121866693608026,0.5466309751060695,-0.3888008986421099,-0.10052917088631763,1,0
3079,1.3487603621358308,-0.7429892775026056,0.8418252643147895,-0.5785287318041391,-0.3837354099403615,-0.3888008986421099,-0.10052917088631763,0,0
2092,0.5856640290922652,-1.5920187548621947,-1.342222371461024,-0.16000400664280873,2.4073637451989316,-0.3888008986421099,-0.10052917088631763,0,0
2487,-0.33005157056001305,-1.252406963918359,0.11380938572285176,-0.2931709646486866,1.4769973601525006,2.572010516160091,-0.10052917088631763,0,0
4131,0.8909025623096917,-0.7995912426599115,-0.614206492869086,0.7721646993983362,0.5466309751060695,-0.3888008986421099,-0.10052917088631763,2,0
3989,0.547509212440087,-1.1958049987610528,-0.614206492869086,-1.073148861540257,-1.3141017949867926,2.572010516160091,-0.10052917088631763,1,0
2433,1.119831462222761,0.5588559211154311,1.5698411429067274,-0.5024333272293517,-0.3837354099403615,-0.3888008986421099,-0.10052917088631763,1,0
2257,1.4250699954401869,-0.17696962592954618,-0.614206492869086,0.4297353788117932,-1.3141017949867926,-0.3888008986421099,-0.10052917088631763,2,0
3293,-0.29189675390783476,-0.912795172974523,0.8418252643147895,-0.33121866693608026,-1.3141017949867926,-0.3888008986421099,-0.10052917088631763,2,0
2738,0.2041158625704827,-1.252406963918359,-0.614206492869086,0.8292362528294267,-0.3837354099403615,-0.3888008986421099,-0.10052917088631763,1,0
2695,1.539534445396722,-1.0826010684464409,0.11380938572285176,-0.19805170893020238,-1.3141017949867926,2.572010516160091,-0.10052917088631763,1,0
3641,0.2041158625704827,0.5588559211154311,0.8418252643147895,0.5058307833865805,-1.3141017949867926,-0.3888008986421099,-0.10052917088631763,0,0
2830,0.2041158625704827,-0.2901735562441576,0.8418252643147895,1.152641722272273,-0.3837354099403615,-0.3888008986421099,-0.10052917088631763,0,0
2184,-1.3602316201688263,-1.0826010684464409,0.11380938572285176,0.7911885505420331,-1.3141017949867926,-0.3888008986421099,-0.10052917088631763,0,0
2841,-0.597135287125261,1.2380795030031027,0.8418252643147895,0.46778308109918687,1.4769973601525006,-0.3888008986421099,-0.10052917088631763,0,0
3909,0.47119957913573035,-0.9693971381318289,0.11380938572285176,-0.825838796672198,-0.3837354099403615,-0.3888008986421099,-0.10052917088631763,1,0
2537,0.1278062292661261,-0.7429892775026056,0.8418252643147895,1.3048325314218476,-1.3141017949867926,-0.3888008986421099,-0.10052917088631763,1,0
1593,-0.6352901037774392,-0.8561932078172175,-1.342222371461024,-0.9209580523906822,-0.3837354099403615,-0.3888008986421099,-0.10052917088631763,0,1
825,-0.7879093703861523,-0.912795172974523,-1.342222371461024,-1.2253396706898316,-0.3837354099403615,-0.3888008986421099,-0.10052917088631763,1,1
4154,0.7764381123531567,-0.007163730457628193,0.11380938572285176,0.3155922719496122,-0.3837354099403615,-0.3888008986421099,-0.10052917088631763,0,0
4942,-0.597135287125261,-0.7429892775026056,-0.614206492869086,-0.8829103501032884,-1.3141017949867926,-0.3888008986421099,-0.10052917088631763,1,0
4544,0.7001284790488002,-1.1392030336037469,-1.342222371461024,0.5058307833865805,-0.3837354099403615,-0.3888008986421099,9.94736145920113,0,0
3509,0.3185803125270176,-0.8561932078172175,-0.614206492869086,-0.7877910943848043,-1.3141017949867926,2.572010516160091,-0.10052917088631763,0,0
4426,-0.7879093703861523,1.0116716423738792,-0.614206492869086,0.5058307833865805,2.4073637451989316,-0.3888008986421099,-0.10052917088631763,0,0
1726,-1.8180894199949655,0.7852637817446552,0.8418252643147895,0.9624032108353046,0.5466309751060695,-0.3888008986421099,-0.10052917088631763,1,1
1797,1.1579862788749393,1.0682736075311852,0.11380938572285176,0.6009500391050647,2.4073637451989316,-0.3888008986421099,-0.10052917088631763,1,1
691,-0.8260641870383305,-1.309008929075665,-1.342222371461024,-1.0921727126839538,-0.3837354099403615,-0.3888008986421099,-0.10052917088631763,0,1
4752,-1.6654701533862522,0.6154578862727372,0.8418252643147895,-0.9399819035343789,1.4769973601525006,2.572010516160091,-0.10052917088631763,0,0
1587,0.7001284790488002,0.7286618165873492,0.8418252643147895,0.6389977413924584,2.4073637451989316,-0.3888008986421099,-0.10052917088631763,0,1
1564,-0.5589804704730826,-1.1392030336037469,-1.342222371461024,-1.073148861540257,-0.3837354099403615,-0.3888008986421099,-0.10052917088631763,1,1
745,-0.7115997370817956,-1.1392030336037469,-1.342222371461024,-1.3014350752646189,-0.3837354099403615,-0.3888008986421099,-0.10052917088631763,1,1
2578,-0.25374193725565647,-1.365610894232971,0.8418252643147895,-1.2633873729772251,0.5466309751060695,-0.3888008986421099,-0.10052917088631763,1,0
4151,0.7382832957009784,0.2192441301715958,-1.342222371461024,0.25852071851852165,-0.3837354099403615,2.572010516160091,-0.10052917088631763,0,0
2415,0.6238188457444436,0.1060401998569838,-0.614206492869086,-0.8829103501032884,-0.3837354099403615,-0.3888008986421099,-0.10052917088631763,0,0
4357,1.3106055454836525,1.2380795030031027,0.8418252643147895,0.9624032108353046,-1.3141017949867926,-0.3888008986421099,-0.10052917088631763,2,0
1939,-0.8260641870383305,-1.025999103289135,-1.342222371461024,-0.9399819035343789,-0.3837354099403615,-0.3888008986421099,-0.10052917088631763,0,1
652,-1.8562442366471437,0.8984677120592672,1.5698411429067274,1.266784829134454,0.5466309751060695,-0.3888008986421099,-0.10052917088631763,0,1
2986,0.547509212440087,-0.5165814168733815,0.11380938572285176,0.7341169971109426,0.5466309751060695,2.572010516160091,-0.10052917088631763,0,0
974,-0.7879093703861523,-1.422212859390277,-1.342222371461024,-0.9970534569654695,-0.3837354099403615,-0.3888008986421099,-0.10052917088631763,0,1
1921,-0.7879093703861523,-1.309008929075665,-1.342222371461024,-1.0351011592528632,-0.3837354099403615,-0.3888008986421099,-0.10052917088631763,1,1
2237,-0.7115997370817956,-2.0448344761206423,-0.614206492869086,-0.6546241363789265,-0.3837354099403615,2.572010516160091,-0.10052917088631763,1,0
1609,-1.7799346033427872,0.8418657469019611,1.5698411429067274,1.4379994894277255,1.4769973601525006,-0.3888008986421099,-0.10052917088631763,1,1
121,-1.6654701533862522,-0.5731833820306875,0.11380938572285176,-0.8448626478158948,0.5466309751060695,2.572010516160091,-0.10052917088631763,1,1
4516,-0.17743230395129986,0.049438234699677806,0.11380938572285176,-1.05412501039656,-0.3837354099403615,-0.3888008986421099,-0.10052917088631763,1,0
4657,0.7764381123531567,-1.309008929075665,0.11380938572285176,0.3726638253807027,-1.3141017949867926,-0.3888008986421099,-0.10052917088631763,0,0
4580,0.35673512917919586,0.1060401998569838,-0.614206492869086,0.030234504794159643,-0.3837354099403615,-0.3888008986421099,-0.10052917088631763,0,0
717,-0.5589804704730826,-1.422212859390277,-1.342222371461024,-1.3585066286957095,-0.3837354099403615,-0.3888008986421099,-0.10052917088631763,1,1
2089,-0.0248130373425871,-1.1958049987610528,-1.342222371461024,-0.9590057546780758,-1.3141017949867926,-0.3888008986421099,-0.10052917088631763,0,0
4044,1.3487603621358308,-0.7995912426599115,0.11380938572285176,0.3726638253807027,-1.3141017949867926,-0.3888008986421099,-0.10052917088631763,0,0
3125,-0.36820638721219134,-1.9882325109633363,-0.614206492869086,-0.40731407151086757,-1.3141017949867926,-0.3888008986421099,-0.10052917088631763,1,0
4119,-0.21558712060347818,-0.9693971381318289,0.11380938572285176,0.7721646993983362,-1.3141017949867926,-0.3888008986421099,-0.10052917088631763,0,0
574,-0.8260641870383305,-1.422212859390277,-1.342222371461024,-1.0351011592528632,-0.3837354099403615,-0.3888008986421099,-0.10052917088631763,0,1
4427,1.1579862788749393,-0.34677552140146356,0.11380938572285176,-1.3204589264083157,-1.3141017949867926,-0.3888008986421099,-0.10052917088631763,0,0
1167,-0.597135287125261,-1.025999103289135,-1.342222371461024,-1.282411224120922,-0.3837354099403615,-0.3888008986421099,-0.10052917088631763,0,1
4175,-0.36820638721219134,-0.0637656956149342,-1.342222371461024,-1.187291968402438,-0.3837354099403615,2.572010516160091,-0.10052917088631763,1,0
2940,-0.13927748729912157,-0.45997945171607557,-1.342222371461024,0.3155922719496122,-0.3837354099403615,-0.3888008986421099,-0.10052917088631763,1,0
4634,-1.4746960701253609,0.2192441301715958,-1.342222371461024,-0.8448626478158948,-0.3837354099403615,-0.3888008986421099,-0.10052917088631763,2,0
2672,1.5013796287445436,0.4456519908008198,-0.614206492869086,-0.6356002852352296,-0.3837354099403615,-0.3888008986421099,-0.10052917088631763,1,0
3109,0.0896514126139478,1.4644873636323266,0.11380938572285176,-0.1409801554991119,-0.3837354099403615,-0.3888008986421099,-0.10052917088631763,0,0
971,-0.7497545537339739,-1.4788148245475827,-1.342222371461024,-1.05412501039656,-0.3837354099403615,-0.3888008986421099,-0.10052917088631763,1,1
3552,0.3185803125270176,-0.23357159108685158,-0.614206492869086,1.0575224665537888,-0.3837354099403615,-0.3888008986421099,-0.10052917088631763,1,0
3772,0.8527477456575133,1.0682736075311852,-0.614206492869086,0.8292362528294267,-0.3837354099403615,-0.3888008986421099,-0.10052917088631763,0,0
202,-0.7115997370817956,-1.252406963918359,-1.342222371461024,-1.282411224120922,-0.3837354099403615,-0.3888008986421099,-0.10052917088631763,1,1
1178,0.9290573789618695,0.5588559211154311,0.11380938572285176,0.8863078062605173,1.4769973601525006,-0.3888008986421099,-0.10052917088631763,1,1
788,-0.7115997370817956,-1.4788148245475827,-1.342222371461024,-0.8829103501032884,-0.3837354099403615,-0.3888008986421099,-0.10052917088631763,1,1
2383,0.0896514126139478,-0.6863873123452996,-0.614206492869086,1.0575224665537888,-0.3837354099403615,-0.3888008986421099,-0.10052917088631763,1,0
2078,0.6238188457444436,-0.5731833820306875,0.11380938572285176,0.6389977413924584,0.5466309751060695,-0.3888008986421099,-0.10052917088631763,1,0
3362,1.5776892620489003,-0.12036766077224019,0.8418252643147895,-0.1409801554991119,-0.3837354099403615,-0.3888008986421099,-0.10052917088631763,1,0
615,-1.8562442366471437,1.0116716423738792,2.297857021498665,1.7804288100142684,0.5466309751060695,-0.3888008986421099,-0.10052917088631763,0,1
2227,0.5093543957879086,-0.8561932078172175,-1.342222371461024,-0.3692663692234739,0.5466309751060695,-0.3888008986421099,-0.10052917088631763,1,0
3403,-0.10112267064694327,0.3890500256435138,-0.614206492869086,-0.7687672432411075,-1.3141017949867926,-0.3888008986421099,-0.10052917088631763,1,0
3889,1.539534445396722,-0.34677552140146356,-0.614206492869086,-0.06488475092432454,-0.3837354099403615,-0.3888008986421099,-0.10052917088631763,0,0
3034,-0.33005157056001305,1.2946814681604086,0.11380938572285176,-0.40731407151086757,-0.3837354099403615,-0.3888008986421099,-0.10052917088631763,0,0
1856,1.0435218289184045,0.8418657469019611,0.8418252643147895,0.8292362528294267,1.4769973601525006,2.572010516160091,-0.10052917088631763,0,1
2045,1.539534445396722,1.4078853984750206,-0.614206492869086,-0.12195630435541505,-0.3837354099403615,-0.3888008986421099,-0.10052917088631763,1,0
1079,-0.44451602051654776,-1.0826010684464409,-1.342222371461024,-1.4155781821267999,-0.3837354099403615,-0.3888008986421099,-0.10052917088631763,0,1
4632,1.3106055454836525,0.3890500256435138,0.8418252643147895,0.7721646993983362,-0.3837354099403615,2.572010516160091,-0.10052917088631763,2,0
2540,0.3948899458313742,0.1626421650142898,1.5698411429067274,1.3619040848529382,1.4769973601525006,-0.3888008986421099,-0.10052917088631763,1,0
580,-0.7115997370817956,-0.9693971381318289,-1.342222371461024,-0.825838796672198,-0.3837354099403615,-0.3888008986421099,-0.10052917088631763,2,1
708,0.8145929290053351,1.0682736075311852,0.8418252643147895,1.3048325314218476,1.4769973601525006,-0.3888008986421099,-0.10052917088631763,1,1
810,-1.7799346033427872,1.4078853984750206,2.297857021498665,2.0467627260260244,0.5466309751060695,-0.3888008986421099,-0.10052917088631763,0,1
2942,0.35673512917919586,-1.1392030336037469,-1.342222371461024,-1.9101983118629176,2.4073637451989316,-0.3888008986421099,-0.10052917088631763,1,0
903,-0.8260641870383305,-0.9693971381318289,-1.342222371461024,-0.9590057546780758,-0.3837354099403615,-0.3888008986421099,-0.10052917088631763,1,1
1820,-1.7799346033427872,0.5588559211154311,2.297857021498665,1.5711664474336033,0.5466309751060695,-0.3888008986421099,-0.10052917088631763,0,1
2345,1.3869151787880087,1.0116716423738792,0.8418252643147895,-0.21707556007389922,0.5466309751060695,-0.3888008986421099,-0.10052917088631763,1,0
2526,0.6619736623966218,0.1626421650142898,-0.614206492869086,1.3428802337092414,-0.3837354099403615,-0.3888008986421099,-0.10052917088631763,0,0
3691,0.7382832957009784,0.2192441301715958,-0.614206492869086,-0.026837048636930864,0.5466309751060695,-0.3888008986421099,-0.10052917088631763,0,0
872,1.119831462222761,1.2380795030031027,0.11380938572285176,1.0955701688411825,1.4769973601525006,-0.3888008986421099,-0.10052917088631763,1,1
3917,-1.2457671702122914,1.4078853984750206,-0.614206492869086,-0.8448626478158948,-0.3837354099403615,-0.3888008986421099,-0.10052917088631763,1,0
367,-1.8180894199949655,0.6154578862727372,1.5698411429067274,1.0575224665537888,0.5466309751060695,-0.3888008986421099,-0.10052917088631763,1,1
3056,0.35673512917919586,-0.23357159108685158,-0.614206492869086,-0.2551232623612929,-0.3837354099403615,-0.3888008986421099,-0.10052917088631763,1,0
4878,0.2804254958748393,-0.17696962592954618,0.11380938572285176,-0.9399819035343789,-0.3837354099403615,-0.3888008986421099,-0.10052917088631763,1,0
262,0.9290573789618695,1.4078853984750206,0.8418252643147895,1.152641722272273,1.4769973601525006,-0.3888008986421099,-0.10052917088631763,0,1
348,-1.7799346033427872,0.4456519908008198,1.5698411429067274,1.5140948940025127,0.5466309751060695,-0.3888008986421099,-0.10052917088631763,0,1
1183,1.2724507288314741,1.0116716423738792,0.11380938572285176,0.8102124016857299,1.4769973601525006,-0.3888008986421099,-0.10052917088631763,1,1
2715,0.242270679222661,-0.9693971381318289,0.11380938572285176,-0.6736479875226233,-0.3837354099403615,2.572010516160091,-0.10052917088631763,0,0
886,0.7764381123531567,0.8418657469019611,0.8418252643147895,1.019474764266395,1.4769973601525006,-0.3888008986421099,-0.10052917088631763,0,1
3808,0.2804254958748393,-1.9882325109633363,0.8418252643147895,-1.4155781821267999,-0.3837354099403615,2.572010516160091,-0.10052917088631763,0,0
3669,0.242270679222661,-0.45997945171607557,-0.614206492869086,1.152641722272273,-0.3837354099403615,-0.3888008986421099,-0.10052917088631763,2,0
3929,0.47119957913573035,1.0682736075311852,0.8418252643147895,-1.2063158195461348,-0.3837354099403615,2.572010516160091,-0.10052917088631763,0,0
2880,-0.10112267064694327,-0.007163730457628193,-0.614206492869086,-1.7580075027133428,-0.3837354099403615,-0.3888008986421099,-0.10052917088631763,0,0
1482,-1.5891605200818957,-0.4033774865587696,0.11380938572285176,1.4189756382840286,1.4769973601525006,-0.3888008986421099,-0.10052917088631763,0,1
1010,0.6619736623966218,0.8984677120592672,0.11380938572285176,0.6960692948235488,1.4769973601525006,-0.3888008986421099,-0.10052917088631763,1,1
4991,0.8909025623096917,-0.23357159108685158,-0.614206492869086,-0.9780296058217727,-0.3837354099403615,-0.3888008986421099,-0.10052917088631763,1,0
2262,0.9672121956140478,-1.025999103289135,0.11380938572285176,1.0765463176974857,1.4769973601525006,-0.3888008986421099,-0.10052917088631763,0,0
2464,0.8145929290053351,-0.8561932078172175,-0.614206492869086,0.9053316574042141,-0.3837354099403615,-0.3888008986421099,-0.10052917088631763,1,0
2576,1.1961410955271177,0.6154578862727372,0.8418252643147895,1.2287371268470604,0.5466309751060695,-0.3888008986421099,-0.10052917088631763,1,0
368,-0.6734449204296173,-0.912795172974523,-1.342222371461024,-1.3585066286957095,-0.3837354099403615,-0.3888008986421099,-0.10052917088631763,1,1
2412,0.1278062292661261,-0.5731833820306875,0.11380938572285176,-1.187291968402438,-0.3837354099403615,2.572010516160091,-0.10052917088631763,0,0
3961,-0.29189675390783476,-0.9693971381318289,-0.614206492869086,-0.2741471135049897,-1.3141017949867926,-0.3888008986421099,-0.10052917088631763,0,0
1332,-1.8562442366471437,0.7852637817446552,1.5698411429067274,1.7994526611579653,0.5466309751060695,-0.3888008986421099,-0.10052917088631763,1,1
2886,0.3948899458313742,0.6720598514300432,-0.614206492869086,0.6960692948235488,-1.3141017949867926,-0.3888008986421099,-0.10052917088631763,0,0
622,-1.8180894199949655,0.7852637817446552,1.5698411429067274,0.8482601039731236,0.5466309751060695,-0.3888008986421099,-0.10052917088631763,0,1
682,-0.6734449204296173,-1.309008929075665,-1.342222371461024,-1.4155781821267999,-0.3837354099403615,-0.3888008986421099,-0.10052917088631763,1,1
1625,1.1961410955271177,1.5776912939469385,0.11380938572285176,0.2775445696622185,1.4769973601525006,-0.3888008986421099,-0.10052917088631763,0,1
3831,0.9672121956140478,0.049438234699677806,0.8418252643147895,-1.2633873729772251,-0.3837354099403615,-0.3888008986421099,-0.10052917088631763,1,0
4356,0.7001284790488002,1.5210893287896325,-0.614206492869086,-0.7307195409537138,-1.3141017949867926,-0.3888008986421099,-0.10052917088631763,0,0
4216,-1.2457671702122914,-0.5731833820306875,1.5698411429067274,1.3048325314218476,1.4769973601525006,-0.3888008986421099,-0.10052917088631763,1,0
609,-0.48267083716872605,-1.309008929075665,-1.342222371461024,-1.3014350752646189,-0.3837354099403615,-0.3888008986421099,-0.10052917088631763,0,1
3038,0.0896514126139478,-0.45997945171607557,0.8418252643147895,0.3536399742370058,-1.3141017949867926,-0.3888008986421099,-0.10052917088631763,1,0
311,-1.8180894199949655,1.1814775378457971,2.297857021498665,1.95164347030754,0.5466309751060695,-0.3888008986421099,-0.10052917088631763,0,1
1349,1.1961410955271177,0.6154578862727372,0.8418252643147895,-1.3775304798394061,0.5466309751060695,2.572010516160091,-0.10052917088631763,0,1
4388,0.2804254958748393,1.1248755726884911,-0.614206492869086,0.3155922719496122,-0.3837354099403615,-0.3888008986421099,-0.10052917088631763,0,0
2839,0.6619736623966218,-0.45997945171607557,0.11380938572285176,0.8482601039731236,-0.3837354099403615,2.572010516160091,-0.10052917088631763,0,0
1544,0.7382832957009784,0.5022539559581258,0.8418252643147895,0.6580215925361552,1.4769973601525006,-0.3888008986421099,-0.10052917088631763,0,1
4790,1.5013796287445436,1.0682736075311852,0.11380938572285176,1.038498615410092,-0.3837354099403615,2.572010516160091,-0.10052917088631763,1,0
3743,0.43304476248355206,0.6720598514300432,-0.614206492869086,0.9624032108353046,-1.3141017949867926,-0.3888008986421099,-0.10052917088631763,0,0
2506,1.2342959121792958,0.9550696772165732,0.8418252643147895,0.8863078062605173,-0.3837354099403615,2.572010516160091,-0.10052917088631763,1,0
3869,-0.33005157056001305,-1.1958049987610528,0.11380938572285176,-1.3204589264083157,-0.3837354099403615,-0.3888008986421099,-0.10052917088631763,1,0
4616,1.5013796287445436,0.3324480604862078,0.11380938572285176,1.1145940199848794,-1.3141017949867926,-0.3888008986421099,-0.10052917088631763,0,0
3003,-0.5589804704730826,-0.5165814168733815,-0.614206492869086,-0.8829103501032884,-0.3837354099403615,-0.3888008986421099,-0.10052917088631763,0,0
1578,-0.8260641870383305,-1.025999103289135,-1.342222371461024,-0.8448626478158948,-0.3837354099403615,-0.3888008986421099,-0.10052917088631763,1,1
1833,0.9290573789618695,1.1248755726884911,0.11380938572285176,0.9433793596916078,1.4769973601525006,-0.3888008986421099,-0.10052917088631763,0,1
2180,1.1961410955271177,-1.422212859390277,0.11380938572285176,-1.7960552050007366,-0.3837354099403615,-0.3888008986421099,-0.10052917088631763,1,0
4437,0.9672121956140478,-0.8561932078172175,-0.614206492869086,-1.2443635218335283,-1.3141017949867926,-0.3888008986421099,-0.10052917088631763,0,0
3051,1.0435218289184045,0.5588559211154311,1.5698411429067274,-1.168268117258741,1.4769973601525006,-0.3888008986421099,-0.10052917088631763,1,0
4096,1.5776892620489003,1.1248755726884911,-0.614206492869086,0.334616123093309,-0.3837354099403615,-0.3888008986421099,-0.10052917088631763,1,0
3965,1.4250699954401869,0.1060401998569838,0.11380938572285176,0.25852071851852165,-0.3837354099403615,-0.3888008986421099,-0.10052917088631763,0,0
1549,1.2342959121792958,1.5210893287896325,0.11380938572285176,1.0765463176974857,2.4073637451989316,-0.3888008986421099,-0.10052917088631763,0,1
4590,1.5776892620489003,1.0682736075311852,-0.614206492869086,0.7341169971109426,-1.3141017949867926,-0.3888008986421099,-0.10052917088631763,2,0
556,-1.8180894199949655,1.0116716423738792,2.297857021498665,1.495071042858816,0.5466309751060695,-0.3888008986421099,-0.10052917088631763,1,1
2136,0.242270679222661,0.2758460953289018,-0.614206492869086,0.20144916508743116,-0.3837354099403615,2.572010516160091,-0.10052917088631763,0,0
3101,0.5856640290922652,0.8984677120592672,0.11380938572285176,-1.0351011592528632,-1.3141017949867926,-0.3888008986421099,-0.10052917088631763,1,0
3600,0.7001284790488002,0.4456519908008198,-1.342222371461024,0.3155922719496122,0.5466309751060695,2.572010516160091,-0.10052917088631763,1,0
3225,-0.36820638721219134,1.2380795030031027,-0.614206492869086,-0.7687672432411075,-0.3837354099403615,2.572010516160091,-0.10052917088631763,0,0
2691,0.6619736623966218,1.1814775378457971,-1.342222371461024,-1.986293716437705,1.4769973601525006,-0.3888008986421099,-0.10052917088631763,0,0
1134,1.2724507288314741,1.2380795030031027,0.8418252643147895,0.29656842080591533,2.4073637451989316,-0.3888008986421099,-0.10052917088631763,1,1
1721,1.2724507288314741,1.5776912939469385,0.11380938572285176,0.9243555085479109,2.4073637451989316,-0.3888008986421099,-0.10052917088631763,1,1
2368,0.242270679222661,-1.025999103289135,-0.614206492869086,-0.6926718386663201,-1.3141017949867926,-0.3888008986421099,-0.10052917088631763,0,0
3862,0.8145929290053351,0.6154578862727372,-1.342222371461024,-0.19805170893020238,-0.3837354099403615,-0.3888008986421099,-0.10052917088631763,1,0
4460,0.43304476248355206,0.5588559211154311,0.11380938572285176,1.3428802337092414,0.5466309751060695,-0.3888008986421099,-0.10052917088631763,0,0
1438,-0.6734449204296173,-1.0826010684464409,-1.342222371461024,-0.9019342012469853,-0.3837354099403615,-0.3888008986421099,-0.10052917088631763,2,1
4040,1.1961410955271177,0.049438234699677806,0.11380938572285176,-0.597552582947836,0.5466309751060695,-0.3888008986421099,-0.10052917088631763,0,0
1200,0.6619736623966218,0.1060401998569838,1.5698411429067274,-1.3014350752646189,-0.3837354099403615,-0.3888008986421099,-0.10052917088631763,0,1
3750,-0.10112267064694327,0.2758460953289018,-0.614206492869086,1.019474764266395,-0.3837354099403615,2.572010516160091,-0.10052917088631763,1,0
1705,-0.7497545537339739,-1.309008929075665,-1.342222371461024,-1.187291968402438,-0.3837354099403615,-0.3888008986421099,-0.10052917088631763,0,1
2959,-0.7497545537339739,0.2758460953289018,-1.342222371461024,-0.6165764340915327,-0.3837354099403615,-0.3888008986421099,-0.10052917088631763,2,0
587,-0.44451602051654776,-0.8561932078172175,-1.342222371461024,-0.9590057546780758,-0.3837354099403615,-0.3888008986421099,-0.10052917088631763,1,1
3503,0.8909025623096917,-0.6863873123452996,0.11380938572285176,-0.44536177379826125,-0.3837354099403615,-0.3888008986421099,-0.10052917088631763,0,0
3098,0.5856640290922652,-0.0637656956149342,-0.614206492869086,0.14437761165634067,-0.3837354099403615,-0.3888008986421099,-0.10052917088631763,1,0
3299,-0.29189675390783476,0.5588559211154311,-0.614206492869086,0.20144916508743116,-0.3837354099403615,-0.3888008986421099,-0.10052917088631763,2,0
1850,-0.48267083716872605,-1.0826010684464409,-1.342222371461024,-0.825838796672198,-0.3837354099403615,-0.3888008986421099,-0.10052917088631763,1,1
4219,1.1961410955271177,-0.23357159108685158,0.11380938572285176,1.0575224665537888,-1.3141017949867926,2.572010516160091,-0.10052917088631763,1,0
1117,-1.8562442366471437,0.7286618165873492,1.5698411429067274,1.0955701688411825,0.5466309751060695,-0.3888008986421099,-0.10052917088631763,0,1
4315,-0.8260641870383305,1.2380795030031027,-0.614206492869086,-1.7009359492822524,1.4769973601525006,2.572010516160091,-0.10052917088631763,0,0
805,0.8909025623096917,1.2946814681604086,0.8418252643147895,1.2097132757033635,1.4769973601525006,-0.3888008986421099,-0.10052917088631763,0,1
222,-0.7879093703861523,-1.252406963918359,-1.342222371461024,-1.282411224120922,-0.3837354099403615,-0.3888008986421099,-0.10052917088631763,1,1
1607,1.1961410955271177,-1.365610894232971,-0.614206492869086,-0.46438562494195806,1.4769973601525006,-0.3888008986421099,-0.10052917088631763,1,1
171,0.8909025623096917,1.5210893287896325,0.11380938572285176,1.0765463176974857,1.4769973601525006,-0.3888008986421099,-0.10052917088631763,1,1
573,0.6619736623966218,1.4078853984750206,0.8418252643147895,0.7721646993983362,2.4073637451989316,-0.3888008986421099,-0.10052917088631763,0,1
3578,-0.33005157056001305,0.6720598514300432,0.8418252643147895,-0.17902785778650554,-0.3837354099403615,-0.3888008986421099,-0.10052917088631763,0,0
2717,0.0896514126139478,0.8418657469019611,0.11380938572285176,0.46778308109918687,-0.3837354099403615,2.572010516160091,-0.10052917088631763,0,0
1291,-0.7115997370817956,-1.1958049987610528,-1.342222371461024,-1.2063158195461348,-0.3837354099403615,-0.3888008986421099,-0.10052917088631763,1,1
1562,-1.7799346033427872,0.8984677120592672,1.5698411429067274,1.6662857031520875,0.5466309751060695,-0.3888008986421099,-0.10052917088631763,1,1
737,0.8909025623096917,1.0682736075311852,0.11380938572285176,0.5058307833865805,1.4769973601525006,-0.3888008986421099,-0.10052917088631763,1,1
3812,1.4250699954401869,-0.6297853471879936,-0.614206492869086,-0.7307195409537138,-0.3837354099403615,-0.3888008986421099,-0.10052917088631763,0,0
4876,0.47119957913573035,-0.6863873123452996,0.11380938572285176,-0.8448626478158948,-0.3837354099403615,-0.3888008986421099,-0.10052917088631763,1,0
1807,-0.48267083716872605,-0.8561932078172175,-1.342222371461024,-1.1302204149713473,-0.3837354099403615,-0.3888008986421099,-0.10052917088631763,1,1
4129,-0.40636120386436964,-0.5731833820306875,1.5698411429067274,-0.597552582947836,1.4769973601525006,2.572010516160091,-0.10052917088631763,2,0
1166,-1.8180894199949655,1.3512834333177146,1.5698411429067274,1.9135957680201463,0.5466309751060695,-0.3888008986421099,-0.10052917088631763,1,1
3196,1.1961410955271177,0.5022539559581258,0.11380938572285176,0.4868069322428837,0.5466309751060695,-0.3888008986421099,-0.10052917088631763,2,0
118,-1.7799346033427872,0.6720598514300432,1.5698411429067274,0.9243555085479109,0.5466309751060695,-0.3888008986421099,-0.10052917088631763,1,1
1407,-1.627315336734074,-0.5731833820306875,0.11380938572285176,1.038498615410092,-0.3837354099403615,-0.3888008986421099,-0.10052917088631763,1,1
4707,0.9672121956140478,0.8418657469019611,-0.614206492869086,-0.8829103501032884,-0.3837354099403615,-0.3888008986421099,-0.10052917088631763,0,0
3643,1.4250699954401869,-1.309008929075665,0.11380938572285176,1.266784829134454,0.5466309751060695,-0.3888008986421099,-0.10052917088631763,0,0
4911,1.5776892620489003,0.3890500256435138,0.11380938572285176,-1.3204589264083157,-1.3141017949867926,-0.3888008986421099,-0.10052917088631763,1,0
355,-0.9405286369948652,0.8984677120592672,1.5698411429067274,0.3155922719496122,1.4769973601525006,-0.3888008986421099,-0.10052917088631763,1,1
2621,-0.10112267064694327,-0.007163730457628193,0.8418252643147895,0.5629023368176711,0.5466309751060695,-0.3888008986421099,-0.10052917088631763,1,0
1326,-0.597135287125261,-1.0826010684464409,-1.342222371461024,-1.3585066286957095,-0.3837354099403615,-0.3888008986421099,-0.10052917088631763,0,1
4390,1.0435218289184045,1.2946814681604086,0.11380938572285176,-0.597552582947836,-0.3837354099403615,-0.3888008986421099,-0.10052917088631763,0,0
4067,1.3869151787880087,-1.1958049987610528,0.8418252643147895,0.6770454436798521,-1.3141017949867926,-0.3888008986421099,-0.10052917088631763,1,0
3858,0.5093543957879086,-0.23357159108685158,0.11380938572285176,0.3536399742370058,0.5466309751060695,-0.3888008986421099,-0.10052917088631763,0,0
1400,-1.7799346033427872,0.7852637817446552,1.5698411429067274,1.837500363445359,0.5466309751060695,2.572010516160091,-0.10052917088631763,1,1
3624,-0.21558712060347818,1.1248755726884911,-0.614206492869086,-0.9970534569654695,-1.3141017949867926,2.572010516160091,-0.10052917088631763,0,0
2325,1.1961410955271177,0.6720598514300432,-1.342222371461024,0.9433793596916078,-0.3837354099403615,-0.3888008986421099,-0.10052917088631763,0,0
2899,0.6238188457444436,-1.7618246503341126,0.11380938572285176,0.9053316574042141,0.5466309751060695,-0.3888008986421099,-0.10052917088631763,1,0
227,-0.7879093703861523,-1.4788148245475827,-1.342222371461024,-0.8448626478158948,-0.3837354099403615,-0.3888008986421099,-0.10052917088631763,1,1
4986,-0.33005157056001305,0.5022539559581258,0.11380938572285176,0.5819261879613679,-0.3837354099403615,-0.3888008986421099,-0.10052917088631763,1,0
1567,-1.8180894199949655,1.3512834333177146,1.5698411429067274,1.3619040848529382,0.5466309751060695,-0.3888008986421099,-0.10052917088631763,1,1
4030,0.1278062292661261,0.5588559211154311,-0.614206492869086,1.1145940199848794,0.5466309751060695,-0.3888008986421099,-0.10052917088631763,1,0
4098,-0.13927748729912157,1.3512834333177146,-0.614206492869086,-1.05412501039656,-1.3141017949867926,-0.3888008986421099,-0.10052917088631763,0,0
3221,0.6238188457444436,-0.7429892775026056,-0.614206492869086,1.3619040848529382,-0.3837354099403615,-0.3888008986421099,-0.10052917088631763,0,0
2225,-1.2457671702122914,-1.7618246503341126,-0.614206492869086,-1.3204589264083157,2.4073637451989316,2.572010516160091,-0.10052917088631763,1,0
4352,0.9672121956140478,0.4456519908008198,0.11380938572285176,-0.8448626478158948,0.5466309751060695,-0.3888008986421099,-0.10052917088631763,0,0
2038,0.1278062292661261,-1.7618246503341126,-0.614206492869086,-1.2253396706898316,-0.3837354099403615,-0.3888008986421099,-0.10052917088631763,1,0
1511,1.119831462222761,1.5776912939469385,0.11380938572285176,0.4107115276680964,1.4769973601525006,-0.3888008986421099,-0.10052917088631763,0,1
4334,0.35673512917919586,-0.8561932078172175,0.8418252643147895,0.23949686737482484,0.5466309751060695,-0.3888008986421099,-0.10052917088631763,1,0
1143,1.1579862788749393,1.5776912939469385,0.8418252643147895,0.44875922995549006,2.4073637451989316,-0.3888008986421099,-0.10052917088631763,1,1
3813,0.2041158625704827,-0.5731833820306875,-0.614206492869086,-0.3692663692234739,-0.3837354099403615,-0.3888008986421099,-0.10052917088631763,0,0
3874,-1.3602316201688263,-0.45997945171607557,-0.614206492869086,-0.17902785778650554,-1.3141017949867926,-0.3888008986421099,-0.10052917088631763,1,0
771,-1.8180894199949655,0.6154578862727372,1.5698411429067274,1.856524214589056,0.5466309751060695,-0.3888008986421099,-0.10052917088631763,0,1
2673,0.3948899458313742,-1.1958049987610528,0.11380938572285176,-0.5024333272293517,0.5466309751060695,2.572010516160091,-0.10052917088631763,1,0
1770,-0.6734449204296173,-1.422212859390277,-1.342222371461024,-1.1111965638276504,-0.3837354099403615,2.572010516160091,-0.10052917088631763,1,1
480,-1.7799346033427872,1.3512834333177146,2.297857021498665,1.4189756382840286,1.4769973601525006,-0.3888008986421099,-0.10052917088631763,1,1
509,-0.7497545537339739,-0.9693971381318289,-1.342222371461024,-0.8448626478158948,-0.3837354099403615,-0.3888008986421099,-0.10052917088631763,1,1
1446,0.5856640290922652,0.8418657469019611,0.8418252643147895,0.9433793596916078,1.4769973601525006,-0.3888008986421099,-0.10052917088631763,1,1
3872,-0.0248130373425871,-1.252406963918359,0.11380938572285176,0.5248546345302774,-1.3141017949867926,-0.3888008986421099,-0.10052917088631763,1,0
1076,0.6238188457444436,0.9550696772165732,0.11380938572285176,1.2287371268470604,1.4769973601525006,-0.3888008986421099,-0.10052917088631763,0,1
3478,0.5093543957879086,0.1626421650142898,0.11380938572285176,1.3238563825655445,0.5466309751060695,-0.3888008986421099,-0.10052917088631763,1,0
3922,-1.207612353560113,-1.5354167897048887,-1.342222371461024,-0.8638864989595917,-0.3837354099403615,-0.3888008986421099,-0.10052917088631763,0,0
723,-0.5208256538209044,-1.422212859390277,-1.342222371461024,-1.3775304798394061,-0.3837354099403615,-0.3888008986421099,-0.10052917088631763,1,1
2813,-0.7879093703861523,-1.6486207200195007,-1.342222371461024,-0.9019342012469853,-1.3141017949867926,-0.3888008986421099,-0.10052917088631763,1,0
492,-0.7115997370817956,-1.1958049987610528,-1.342222371461024,-0.9780296058217727,-0.3837354099403615,-0.3888008986421099,-0.10052917088631763,0,1
372,-0.8260641870383305,-1.1958049987610528,-1.342222371461024,-1.282411224120922,-0.3837354099403615,-0.3888008986421099,-0.10052917088631763,1,1
3668,-0.0248130373425871,0.5588559211154311,-0.614206492869086,1.2287371268470604,-0.3837354099403615,-0.3888008986421099,-0.10052917088631763,2,0
2112,1.6158440787010784,1.1248755726884911,0.8418252643147895,-0.7877910943848043,-0.3837354099403615,2.572010516160091,-0.10052917088631763,1,0
3914,-1.4746960701253609,0.7852637817446552,0.11380938572285176,-0.19805170893020238,0.5466309751060695,-0.3888008986421099,-0.10052917088631763,1,0
4237,1.3487603621358308,0.8418657469019611,0.8418252643147895,-0.9209580523906822,-1.3141017949867926,-0.3888008986421099,-0.10052917088631763,0,0
1398,-0.5589804704730826,-1.0826010684464409,-1.342222371461024,-1.073148861540257,-0.3837354099403615,-0.3888008986421099,-0.10052917088631763,0,1
3729,-1.3983864368210046,-1.9882325109633363,0.11380938572285176,-1.396554330983103,0.5466309751060695,-0.3888008986421099,-0.10052917088631763,0,0
868,-0.597135287125261,-0.912795172974523,-1.342222371461024,-1.4155781821267999,-0.3837354099403615,-0.3888008986421099,-0.10052917088631763,1,1
2477,0.0133417793095912,0.2758460953289018,0.11380938572285176,-0.12195630435541505,-1.3141017949867926,2.572010516160091,-0.10052917088631763,1,0
3088,-1.5510057034297173,0.2192441301715958,0.11380938572285176,1.4760471917151192,1.4769973601525006,-0.3888008986421099,-0.10052917088631763,1,0
292,1.119831462222761,0.6720598514300432,0.8418252643147895,0.5438784856739742,1.4769973601525006,-0.3888008986421099,-0.10052917088631763,1,1
4959,0.1278062292661261,-0.12036766077224019,0.11380938572285176,0.7721646993983362,-0.3837354099403615,-0.3888008986421099,-0.10052917088631763,1,0
2485,1.3869151787880087,0.9550696772165732,0.11380938572285176,0.6960692948235488,-0.3837354099403615,-0.3888008986421099,-0.10052917088631763,0,0
3226,1.0053670122662262,0.1626421650142898,-0.614206492869086,-0.3502425180797771,-0.3837354099403615,-0.3888008986421099,-0.10052917088631763,0,0
380,0.7382832957009784,1.1814775378457971,0.11380938572285176,0.5438784856739742,1.4769973601525006,-0.3888008986421099,-0.10052917088631763,0,1
198,-1.8180894199949655,1.0682736075311852,1.5698411429067274,1.609214149720997,0.5466309751060695,-0.3888008986421099,-0.10052917088631763,1,1
3926,-1.6654701533862522,-0.23357159108685158,0.11380938572285176,1.3428802337092414,1.4769973601525006,2.572010516160091,-0.10052917088631763,0,0
1804,-0.5208256538209044,-1.365610894232971,-1.342222371461024,-0.9019342012469853,-0.3837354099403615,-0.3888008986421099,-0.10052917088631763,1,1
1271,-0.7497545537339739,-0.8561932078172175,-1.342222371461024,-1.3585066286957095,-0.3837354099403615,-0.3888008986421099,-0.10052917088631763,0,1
2321,1.3106055454836525,-0.23357159108685158,0.8418252643147895,0.6389977413924584,-1.3141017949867926,-0.3888008986421099,-0.10052917088631763,1,0
4502,-0.5589804704730826,-0.6863873123452996,-0.614206492869086,-1.2253396706898316,-0.3837354099403615,-0.3888008986421099,9.94736145920113,0,0
1676,-1.8562442366471437,1.1814775378457971,1.5698411429067274,1.0004509131226982,0.5466309751060695,-0.3888008986421099,-0.10052917088631763,0,1
1093,0.5856640290922652,1.5776912939469385,0.8418252643147895,0.5248546345302774,1.4769973601525006,-0.3888008986421099,-0.10052917088631763,1,1
1759,-0.48267083716872605,-1.1958049987610528,-1.342222371461024,-1.0160773081091663,-0.3837354099403615,-0.3888008986421099,-0.10052917088631763,1,1
1788,-0.48267083716872605,-0.8561932078172175,-1.342222371461024,-1.2253396706898316,-0.3837354099403615,-0.3888008986421099,-0.10052917088631763,0,1
3794,0.43304476248355206,1.0116716423738792,0.8418252643147895,0.5438784856739742,-1.3141017949867926,2.572010516160091,-0.10052917088631763,1,0
3815,0.1659610459183044,0.3324480604862078,0.11380938572285176,1.1145940199848794,-1.3141017949867926,-0.3888008986421099,-0.10052917088631763,1,0
342,-0.7879093703861523,-1.422212859390277,-1.342222371461024,-1.168268117258741,-0.3837354099403615,-0.3888008986421099,-0.10052917088631763,0,1
2059,0.2041158625704827,-0.34677552140146356,0.11380938572285176,0.6580215925361552,-1.3141017949867926,2.572010516160091,-0.10052917088631763,0,0
318,-0.7879093703861523,-1.4788148245475827,-1.342222371461024,-0.9399819035343789,-0.3837354099403615,-0.3888008986421099,-0.10052917088631763,1,1
3802,-0.29189675390783476,-0.6863873123452996,-1.342222371461024,-0.48340947608565493,-0.3837354099403615,2.572010516160091,-0.10052917088631763,0,0
218,1.2342959121792958,1.4644873636323266,0.8418252643147895,0.8102124016857299,1.4769973601525006,-0.3888008986421099,-0.10052917088631763,1,1
980,-1.7799346033427872,1.2946814681604086,1.5698411429067274,1.3048325314218476,0.5466309751060695,-0.3888008986421099,-0.10052917088631763,1,1
228,-0.5208256538209044,-1.025999103289135,-1.342222371461024,-1.0160773081091663,-0.3837354099403615,-0.3888008986421099,-0.10052917088631763,1,1
4974,0.3948899458313742,1.1248755726884911,-1.342222371461024,-0.3502425180797771,0.5466309751060695,-0.3888008986421099,-0.10052917088631763,0,0
4241,-0.21558712060347818,-1.5354167897048887,-1.342222371461024,-1.0921727126839538,-0.3837354099403615,-0.3888008986421099,-0.10052917088631763,1,0
420,0.9290573789618695,0.7286618165873492,0.11380938572285176,0.3916876765243995,1.4769973601525006,-0.3888008986421099,-0.10052917088631763,0,1
4669,-0.17743230395129986,1.0116716423738792,-0.614206492869086,0.14437761165634067,-0.3837354099403615,-0.3888008986421099,-0.10052917088631763,0,0
3053,1.5776892620489003,-1.1958049987610528,0.11380938572285176,0.5629023368176711,-0.3837354099403615,-0.3888008986421099,-0.10052917088631763,1,0
1416,-1.4365412534731827,1.0116716423738792,1.5698411429067274,-1.2253396706898316,-0.3837354099403615,-0.3888008986421099,-0.10052917088631763,1,1
1796,1.0435218289184045,1.3512834333177146,0.11380938572285176,0.2775445696622185,1.4769973601525006,-0.3888008986421099,-0.10052917088631763,1,1
3176,0.6619736623966218,1.3512834333177146,-0.614206492869086,0.9433793596916078,-0.3837354099403615,-0.3888008986421099,-0.10052917088631763,0,0
157,0.9672121956140478,1.5776912939469385,0.8418252643147895,0.7150931459672457,1.4769973601525006,-0.3888008986421099,-0.10052917088631763,1,1
2606,0.2041158625704827,1.2946814681604086,0.11380938572285176,-1.2443635218335283,-0.3837354099403615,-0.3888008986421099,-0.10052917088631763,0,0
1497,-1.8180894199949655,0.7286618165873492,2.297857021498665,1.0765463176974857,0.5466309751060695,-0.3888008986421099,-0.10052917088631763,1,1
4457,0.2041158625704827,-0.912795172974523,0.11380938572285176,0.4868069322428837,-0.3837354099403615,-0.3888008986421099,-0.10052917088631763,1,0
2810,-0.29189675390783476,1.0682736075311852,-0.614206492869086,0.18242531394373432,-1.3141017949867926,-0.3888008986421099,-0.10052917088631763,1,0
460,-0.6734449204296173,-1.365610894232971,-1.342222371461024,-1.2443635218335283,-0.3837354099403615,-0.3888008986421099,-0.10052917088631763,0,1
2068,1.3487603621358308,1.4644873636323266,-0.614206492869086,0.6770454436798521,-1.3141017949867926,-0.3888008986421099,-0.10052917088631763,1,0
2962,0.7764381123531567,-1.1958049987610528,0.11380938572285176,1.4379994894277255,-0.3837354099403615,-0.3888008986421099,-0.10052917088631763,0,0
4745,0.1278062292661261,-0.23357159108685158,0.11380938572285176,0.7911885505420331,-0.3837354099403615,-0.3888008986421099,-0.10052917088631763,1,0
2603,1.3487603621358308,1.4078853984750206,0.11380938572285176,0.46778308109918687,-0.3837354099403615,-0.3888008986421099,-0.10052917088631763,0,0
3973,0.5856640290922652,0.1626421650142898,-1.342222371461024,0.7721646993983362,1.4769973601525006,2.572010516160091,-0.10052917088631763,0,0
35,1.0053670122662262,0.8418657469019611,0.11380938572285176,0.8292362528294267,2.4073637451989316,-0.3888008986421099,-0.10052917088631763,1,1
3240,0.9672121956140478,-0.6297853471879936,0.8418252643147895,1.038498615410092,-1.3141017949867926,-0.3888008986421099,-0.10052917088631763,1,0
2391,-0.13927748729912157,-0.17696962592954618,-0.614206492869086,-1.168268117258741,0.5466309751060695,-0.3888008986421099,-0.10052917088631763,1,0
4245,-0.33005157056001305,-1.365610894232971,-0.614206492869086,-0.23609941121759606,-1.3141017949867926,-0.3888008986421099,-0.10052917088631763,0,0
4989,-0.29189675390783476,-0.12036766077224019,0.8418252643147895,-0.6926718386663201,-1.3141017949867926,-0.3888008986421099,-0.10052917088631763,1,0
2745,-0.29189675390783476,0.7852637817446552,-0.614206492869086,0.9624032108353046,-1.3141017949867926,-0.3888008986421099,-0.10052917088631763,1,0
3162,1.6158440787010784,-0.7429892775026056,0.11380938572285176,-0.5404810295167455,-0.3837354099403615,-0.3888008986421099,-0.10052917088631763,1,0
4556,1.6158440787010784,-0.7429892775026056,-0.614206492869086,-0.6546241363789265,-0.3837354099403615,-0.3888008986421099,9.94736145920113,1,0
3565,0.0133417793095912,-0.6863873123452996,-0.614206492869086,-1.7580075027133428,-0.3837354099403615,2.572010516160091,-0.10052917088631763,1,0
1878,-0.7115997370817956,-1.1958049987610528,-1.342222371461024,-1.2443635218335283,-0.3837354099403615,-0.3888008986421099,-0.10052917088631763,1,1
2445,1.2724507288314741,-0.912795172974523,0.11380938572285176,-0.8448626478158948,-0.3837354099403615,-0.3888008986421099,-0.10052917088631763,0,0
549,1.0435218289184045,0.5588559211154311,0.11380938572285176,1.2858086802781508,1.4769973601525006,-0.3888008986421099,-0.10052917088631763,1,1
4435,0.3185803125270176,-0.23357159108685158,0.11380938572285176,-0.9590057546780758,-0.3837354099403615,-0.3888008986421099,-0.10052917088631763,2,0
4829,-1.4746960701253609,0.4456519908008198,0.11380938572285176,0.8863078062605173,1.4769973601525006,-0.3888008986421099,-0.10052917088631763,1,0
3102,0.8527477456575133,-1.025999103289135,0.11380938572285176,1.0575224665537888,-0.3837354099403615,-0.3888008986421099,-0.10052917088631763,1,0
2769,0.8527477456575133,1.5210893287896325,-0.614206492869086,0.8672839551168204,-0.3837354099403615,2.572010516160091,-0.10052917088631763,0,0
2007,-0.13927748729912157,-1.9882325109633363,-1.342222371461024,-0.5024333272293517,-1.3141017949867926,-0.3888008986421099,-0.10052917088631763,1,0
4561,0.6619736623966218,-0.9693971381318289,-1.342222371461024,-0.3502425180797771,-1.3141017949867926,-0.3888008986421099,-0.10052917088631763,1,0
474,-0.597135287125261,-0.912795172974523,-1.342222371461024,-1.0160773081091663,-0.3837354099403615,-0.3888008986421099,-0.10052917088631763,1,1
4101,0.3185803125270176,0.049438234699677806,-0.614206492869086,0.7911885505420331,-0.3837354099403615,-0.3888008986421099,-0.10052917088631763,0,0
893,0.6238188457444436,1.5210893287896325,0.11380938572285176,1.3999517871403317,1.4769973601525006,-0.3888008986421099,-0.10052917088631763,1,1
687,-1.8180894199949655,1.3512834333177146,2.297857021498665,1.0004509131226982,0.5466309751060695,-0.3888008986421099,-0.10052917088631763,0,1
1184,-1.7799346033427872,0.2758460953289018,1.5698411429067274,1.1716655734159698,0.5466309751060695,-0.3888008986421099,-0.10052917088631763,1,1
1778,-0.7115997370817956,-0.912795172974523,-1.342222371461024,-1.05412501039656,-0.3837354099403615,-0.3888008986421099,-0.10052917088631763,0,1
3853,1.0053670122662262,0.049438234699677806,-0.614206492869086,-1.073148861540257,1.4769973601525006,2.572010516160091,-0.10052917088631763,2,0
2086,0.8909025623096917,-0.5731833820306875,-0.614206492869086,-1.9482460141503113,-0.3837354099403615,-0.3888008986421099,-0.10052917088631763,1,0
4700,0.0133417793095912,-0.6297853471879936,-0.614206492869086,0.04925835593785648,-1.3141017949867926,-0.3888008986421099,-0.10052917088631763,0,0
375,1.0816766455705826,0.6720598514300432,0.8418252643147895,0.9814270619790014,1.4769973601525006,-0.3888008986421099,-0.10052917088631763,0,1
875,-1.6654701533862522,0.049438234699677806,2.297857021498665,1.5140948940025127,1.4769973601525006,-0.3888008986421099,-0.10052917088631763,1,1
1523,-1.8180894199949655,0.5588559211154311,2.297857021498665,1.1906894245596666,0.5466309751060695,-0.3888008986421099,-0.10052917088631763,1,1
698,-1.7799346033427872,0.4456519908008198,1.5698411429067274,1.970667321451237,0.5466309751060695,-0.3888008986421099,-0.10052917088631763,1,1
3059,-0.13927748729912157,-0.7429892775026056,-0.614206492869086,-0.045860899780627705,-0.3837354099403615,-0.3888008986421099,-0.10052917088631763,1,0
2428,0.8909025623096917,1.1248755726884911,0.8418252643147895,1.0765463176974857,-0.3837354099403615,-0.3888008986421099,-0.10052917088631763,1,0
3475,0.547509212440087,-0.17696962592954618,-0.614206492869086,1.2858086802781508,0.5466309751060695,-0.3888008986421099,-0.10052917088631763,1,0
837,-0.5589804704730826,-0.912795172974523,-1.342222371461024,-1.3204589264083157,-0.3837354099403615,-0.3888008986421099,-0.10052917088631763,1,1
2087,-1.7417797866906088,0.8418657469019611,0.11380938572285176,0.7911885505420331,1.4769973601525006,-0.3888008986421099,-0.10052917088631763,1,0
388,-1.8180894199949655,1.4078853984750206,1.5698411429067274,0.8482601039731236,0.5466309751060695,-0.3888008986421099,-0.10052917088631763,0,1
1957,-0.6734449204296173,-1.365610894232971,-1.342222371461024,-0.9019342012469853,-0.3837354099403615,-0.3888008986421099,-0.10052917088631763,1,1
3300,0.8145929290053351,-1.0826010684464409,-1.342222371461024,0.2775445696622185,-1.3141017949867926,-0.3888008986421099,-0.10052917088631763,0,0
1928,-1.8562442366471437,1.2946814681604086,1.5698411429067274,1.3048325314218476,0.5466309751060695,-0.3888008986421099,-0.10052917088631763,1,1
3839,-1.207612353560113,-1.422212859390277,1.5698411429067274,-0.38829022036717076,0.5466309751060695,-0.3888008986421099,-0.10052917088631763,1,0
1120,-0.5208256538209044,-1.252406963918359,-1.342222371461024,-1.2253396706898316,-0.3837354099403615,-0.3888008986421099,-0.10052917088631763,0,1
299,-0.48267083716872605,-1.365610894232971,-1.342222371461024,-1.2633873729772251,-0.3837354099403615,-0.3888008986421099,-0.10052917088631763,0,1
2616,0.547509212440087,-0.5731833820306875,-0.614206492869086,1.2858086802781508,0.5466309751060695,-0.3888008986421099,-0.10052917088631763,1,0
4138,1.3869151787880087,0.8418657469019611,-0.614206492869086,0.5058307833865805,-0.3837354099403615,-0.3888008986421099,-0.10052917088631763,1,0
346,-1.8180894199949655,0.7852637817446552,1.5698411429067274,1.4379994894277255,0.5466309751060695,-0.3888008986421099,-0.10052917088631763,2,1
3855,-0.17743230395129986,-1.5354167897048887,0.11380938572285176,-0.42633792265456444,-0.3837354099403615,-0.3888008986421099,-0.10052917088631763,0,0
2317,0.0896514126139478,1.4644873636323266,-0.614206492869086,1.133617871128576,-1.3141017949867926,-0.3888008986421099,-0.10052917088631763,1,0
208,0.7764381123531567,0.8418657469019611,0.11380938572285176,0.4868069322428837,1.4769973601525006,-0.3888008986421099,-0.10052917088631763,1,1
44,-1.8180894199949655,0.4456519908008198,2.297857021498665,1.495071042858816,0.5466309751060695,-0.3888008986421099,-0.10052917088631763,1,1
3712,0.0514965959617695,-1.309008929075665,0.11380938572285176,-0.7307195409537138,-0.3837354099403615,-0.3888008986421099,-0.10052917088631763,1,0
2608,-0.29189675390783476,-0.4033774865587696,0.8418252643147895,0.7531408482546395,-0.3837354099403615,-0.3888008986421099,-0.10052917088631763,2,0
3764,0.7764381123531567,1.1248755726884911,-0.614206492869086,-0.6356002852352296,-0.3837354099403615,-0.3888008986421099,-0.10052917088631763,2,0
1972,-0.597135287125261,-1.422212859390277,-1.342222371461024,-1.2063158195461348,-0.3837354099403615,2.572010516160091,-0.10052917088631763,0,1
2800,1.1961410955271177,0.3890500256435138,0.11380938572285176,-1.3204589264083157,-1.3141017949867926,-0.3888008986421099,-0.10052917088631763,0,0
853,0.9290573789618695,0.9550696772165732,0.8418252643147895,0.2775445696622185,1.4769973601525006,-0.3888008986421099,-0.10052917088631763,2,1
3574,0.7001284790488002,-0.007163730457628193,0.11380938572285176,1.2097132757033635,-0.3837354099403615,-0.3888008986421099,-0.10052917088631763,0,0
4602,-1.4365412534731827,1.3512834333177146,-1.342222371461024,0.8863078062605173,-0.3837354099403615,-0.3888008986421099,-0.10052917088631763,1,0
4690,0.6238188457444436,0.2192441301715958,-0.614206492869086,0.4107115276680964,-1.3141017949867926,-0.3888008986421099,-0.10052917088631763,1,0
162,1.2342959121792958,1.4644873636323266,0.8418252643147895,0.7721646993983362,2.4073637451989316,-0.3888008986421099,-0.10052917088631763,1,1
39,-1.7799346033427872,0.9550696772165732,1.5698411429067274,1.970667321451237,0.5466309751060695,-0.3888008986421099,-0.10052917088631763,1,1
27,0.9290573789618695,0.8418657469019611,0.11380938572285176,0.6960692948235488,1.4769973601525006,-0.3888008986421099,-0.10052917088631763,1,1
1883,-1.8562442366471437,0.9550696772165732,1.5698411429067274,1.5140948940025127,0.5466309751060695,-0.3888008986421099,-0.10052917088631763,1,1
2550,0.2804254958748393,0.6154578862727372,0.11380938572285176,0.29656842080591533,-0.3837354099403615,-0.3888008986421099,-0.10052917088631763,1,0
548,-0.7879093703861523,-1.252406963918359,-1.342222371461024,-1.168268117258741,-0.3837354099403615,-0.3888008986421099,-0.10052917088631763,1,1
300,0.6238188457444436,0.6720598514300432,0.8418252643147895,0.8863078062605173,1.4769973601525006,-0.3888008986421099,-0.10052917088631763,0,1
1018,1.3106055454836525,0.8418657469019611,0.11380938572285176,0.5058307833865805,2.4073637451989316,-0.3888008986421099,-0.10052917088631763,1,1
1688,-0.6734449204296173,-1.4788148245475827,-1.342222371461024,-1.168268117258741,-0.3837354099403615,-0.3888008986421099,-0.10052917088631763,1,1
922,-0.6734449204296173,-1.365610894232971,-1.342222371461024,-1.2253396706898316,-0.3837354099403615,-0.3888008986421099,-0.10052917088631763,0,1
2465,0.7764381123531567,1.4078853984750206,0.11380938572285176,-1.1492442661150442,-0.3837354099403615,-0.3888008986421099,-0.10052917088631763,1,0
1312,-0.7115997370817956,-1.309008929075665,-1.342222371461024,-1.073148861540257,-0.3837354099403615,-0.3888008986421099,-0.10052917088631763,0,1
98,-1.8180894199949655,0.6720598514300432,1.5698411429067274,1.4570233405714224,0.5466309751060695,-0.3888008986421099,-0.10052917088631763,1,1
2944,0.3948899458313742,-1.1958049987610528,0.11380938572285176,0.4107115276680964,-1.3141017949867926,-0.3888008986421099,-0.10052917088631763,1,0
1423,-1.8180894199949655,0.5588559211154311,1.5698411429067274,1.266784829134454,0.5466309751060695,-0.3888008986421099,-0.10052917088631763,1,1
3255,-0.0248130373425871,-1.025999103289135,0.8418252643147895,0.25852071851852165,-0.3837354099403615,-0.3888008986421099,-0.10052917088631763,0,0
4338,0.7764381123531567,-0.7995912426599115,-0.614206492869086,-0.9209580523906822,-0.3837354099403615,-0.3888008986421099,-0.10052917088631763,1,0
4410,1.0816766455705826,-0.34677552140146356,0.11380938572285176,-0.21707556007389922,-1.3141017949867926,-0.3888008986421099,-0.10052917088631763,1,0
1069,0.6238188457444436,1.5776912939469385,0.8418252643147895,0.3916876765243995,1.4769973601525006,-0.3888008986421099,-0.10052917088631763,1,1
519,-0.5208256538209044,-1.025999103289135,-1.342222371461024,-0.9780296058217727,-0.3837354099403615,-0.3888008986421099,-0.10052917088631763,1,1
1211,-1.7799346033427872,0.6154578862727372,1.5698411429067274,1.247760977990757,0.5466309751060695,-0.3888008986421099,-0.10052917088631763,1,1
2238,0.6238188457444436,-0.007163730457628193,0.11380938572285176,-0.5024333272293517,-0.3837354099403615,-0.3888008986421099,-0.10052917088631763,1,0
4869,1.0816766455705826,-0.9693971381318289,-0.614206492869086,1.266784829134454,-1.3141017949867926,-0.3888008986421099,-0.10052917088631763,1,0
4812,0.0896514126139478,0.5022539559581258,0.11380938572285176,0.8102124016857299,-0.3837354099403615,2.572010516160091,-0.10052917088631763,0,0
513,-1.8562442366471437,1.3512834333177146,1.5698411429067274,1.0765463176974857,0.5466309751060695,-0.3888008986421099,-0.10052917088631763,1,1
3104,1.5776892620489003,0.1626421650142898,0.11380938572285176,0.10632990936894698,-1.3141017949867926,-0.3888008986421099,-0.10052917088631763,0,0
1656,-1.8562442366471437,1.0116716423738792,1.5698411429067274,1.019474764266395,0.5466309751060695,-0.3888008986421099,-0.10052917088631763,1,1
4646,1.0435218289184045,-0.7995912426599115,0.11380938572285176,1.3428802337092414,0.5466309751060695,-0.3888008986421099,-0.10052917088631763,0,0
463,0.8527477456575133,-1.0826010684464409,-0.614206492869086,1.0004509131226982,1.4769973601525006,-0.3888008986421099,-0.10052917088631763,2,1
483,0.7382832957009784,0.8418657469019611,0.11380938572285176,0.7531408482546395,2.4073637451989316,-0.3888008986421099,-0.10052917088631763,1,1
3825,0.3948899458313742,-0.9693971381318289,0.11380938572285176,0.23949686737482484,0.5466309751060695,-0.3888008986421099,-0.10052917088631763,2,0
3749,0.8527477456575133,-0.7995912426599115,0.8418252643147895,-1.4346020332704967,-0.3837354099403615,-0.3888008986421099,-0.10052917088631763,1,0
804,-1.8180894199949655,0.2758460953289018,1.5698411429067274,2.0467627260260244,0.5466309751060695,-0.3888008986421099,-0.10052917088631763,0,1
4073,1.4632248120923652,-1.309008929075665,0.11380938572285176,0.9433793596916078,-0.3837354099403615,2.572010516160091,-0.10052917088631763,0,0
956,-1.8180894199949655,1.0682736075311852,1.5698411429067274,1.133617871128576,1.4769973601525006,2.572010516160091,-0.10052917088631763,1,1
1870,-1.7799346033427872,0.2758460953289018,1.5698411429067274,0.8482601039731236,0.5466309751060695,-0.3888008986421099,-0.10052917088631763,0,1
1958,0.7001284790488002,0.6154578862727372,1.5698411429067274,1.723357256583178,2.4073637451989316,-0.3888008986421099,-0.10052917088631763,1,1
3174,1.3487603621358308,0.2758460953289018,0.8418252643147895,-1.8341029072881303,1.4769973601525006,-0.3888008986421099,-0.10052917088631763,0,0
4441,-0.8260641870383305,-0.4033774865587696,-0.614206492869086,-1.6438643958511618,-1.3141017949867926,2.572010516160091,-0.10052917088631763,1,0
3158,-0.25374193725565647,-0.5165814168733815,-0.614206492869086,-0.3692663692234739,-1.3141017949867926,-0.3888008986421099,-0.10052917088631763,0,0
2984,-0.25374193725565647,-1.0826010684464409,-0.614206492869086,-0.8829103501032884,-0.3837354099403615,-0.3888008986421099,-0.10052917088631763,1,0
379,-1.0168382702992218,-0.912795172974523,0.11380938572285176,0.6770454436798521,-1.3141017949867926,-0.3888008986421099,-0.10052917088631763,0,1
3599,0.7382832957009784,0.7852637817446552,0.8418252643147895,1.5140948940025127,0.5466309751060695,-0.3888008986421099,-0.10052917088631763,1,0
2907,-0.17743230395129986,-0.2901735562441576,0.11380938572285176,-0.6736479875226233,-1.3141017949867926,-0.3888008986421099,-0.10052917088631763,1,0
618,0.9672121956140478,1.2946814681604086,0.11380938572285176,0.9243555085479109,1.4769973601525006,-0.3888008986421099,-0.10052917088631763,0,1
4835,0.7001284790488002,-0.23357159108685158,0.11380938572285176,0.030234504794159643,-0.3837354099403615,2.572010516160091,-0.10052917088631763,1,0
4798,1.2724507288314741,-0.5165814168733815,0.11380938572285176,0.44875922995549006,-0.3837354099403615,2.572010516160091,-0.10052917088631763,1,0
4928,0.35673512917919586,-0.7995912426599115,-0.614206492869086,0.8292362528294267,-0.3837354099403615,-0.3888008986421099,-0.10052917088631763,0,0
2674,0.3948899458313742,-0.12036766077224019,0.8418252643147895,-0.6546241363789265,-1.3141017949867926,-0.3888008986421099,-0.10052917088631763,0,0
2983,0.242270679222661,-0.0637656956149342,-0.614206492869086,-0.40731407151086757,-1.3141017949867926,-0.3888008986421099,-0.10052917088631763,1,0
2906,0.43304476248355206,1.0116716423738792,-1.342222371461024,-0.9019342012469853,-1.3141017949867926,-0.3888008986421099,-0.10052917088631763,1,0
4998,0.7382832957009784,-0.7429892775026056,0.8418252643147895,-0.2551232623612929,1.4769973601525006,-0.3888008986421099,-0.10052917088631763,1,0
1379,0.8527477456575133,0.8418657469019611,0.8418252643147895,0.7150931459672457,2.4073637451989316,-0.3888008986421099,-0.10052917088631763,1,1
2964,0.547509212440087,0.8418657469019611,-0.614206492869086,0.6770454436798521,-0.3837354099403615,-0.3888008986421099,-0.10052917088631763,0,0
2384,-1.627315336734074,0.4456519908008198,0.8418252643147895,-0.9780296058217727,-1.3141017949867926,2.572010516160091,-0.10052917088631763,1,0
4713,1.4250699954401869,-0.007163730457628193,0.11380938572285176,0.6199738902487616,-1.3141017949867926,-0.3888008986421099,-0.10052917088631763,1,0
269,-0.7497545537339739,-0.912795172974523,-1.342222371461024,-0.8829103501032884,-0.3837354099403615,-0.3888008986421099,-0.10052917088631763,1,1
4873,1.539534445396722,-0.007163730457628193,-0.614206492869086,0.9433793596916078,-1.3141017949867926,-0.3888008986421099,-0.10052917088631763,1,0
3526,0.35673512917919586,0.6720598514300432,1.5698411429067274,0.9053316574042141,-1.3141017949867926,-0.3888008986421099,-0.10052917088631763,1,0
4442,-0.10112267064694327,-0.4033774865587696,0.11380938572285176,-0.6165764340915327,0.5466309751060695,-0.3888008986421099,-0.10052917088631763,1,0
1486,-1.7799346033427872,0.8984677120592672,2.297857021498665,0.9624032108353046,0.5466309751060695,-0.3888008986421099,-0.10052917088631763,1,1
3420,0.8145929290053351,-0.912795172974523,1.5698411429067274,0.04925835593785648,0.5466309751060695,2.572010516160091,-0.10052917088631763,0,0
4041,-0.9023738203426869,1.5210893287896325,0.11380938572285176,-0.3502425180797771,-0.3837354099403615,-0.3888008986421099,-0.10052917088631763,0,0
776,-0.7115997370817956,-0.8561932078172175,-1.342222371461024,-0.8448626478158948,-0.3837354099403615,-0.3888008986421099,-0.10052917088631763,1,1
4483,-0.25374193725565647,-0.2901735562441576,0.11380938572285176,0.4868069322428837,-0.3837354099403615,-0.3888008986421099,-0.10052917088631763,1,0
15,-0.8260641870383305,-0.912795172974523,-1.342222371461024,-1.2443635218335283,-0.3837354099403615,-0.3888008986421099,-0.10052917088631763,1,1
4487,0.7001284790488002,0.3890500256435138,-0.614206492869086,-0.7877910943848043,-0.3837354099403615,-0.3888008986421099,-0.10052917088631763,1,0
481,-0.7879093703861523,-1.309008929075665,-1.342222371461024,-0.9780296058217727,-0.3837354099403615,-0.3888008986421099,-0.10052917088631763,1,1
4092,-0.0248130373425871,0.2192441301715958,-0.614206492869086,-0.045860899780627705,-1.3141017949867926,-0.3888008986421099,-0.10052917088631763,1,0
2474,-0.36820638721219134,-1.0826010684464409,0.11380938572285176,1.3048325314218476,-0.3837354099403615,-0.3888008986421099,-0.10052917088631763,1,0
3671,-0.33005157056001305,1.1248755726884911,0.8418252643147895,-0.5024333272293517,-0.3837354099403615,-0.3888008986421099,-0.10052917088631763,1,0
3761,0.7001284790488002,-0.007163730457628193,0.8418252643147895,0.4868069322428837,-1.3141017949867926,-0.3888008986421099,-0.10052917088631763,2,0
2734,1.3869151787880087,1.2380795030031027,-0.614206492869086,1.0004509131226982,-0.3837354099403615,-0.3888008986421099,-0.10052917088631763,1,0
3717,-0.13927748729912157,-0.6297853471879936,0.11380938572285176,-0.9780296058217727,0.5466309751060695,2.572010516160091,-0.10052917088631763,0,0
71,0.6238188457444436,1.5210893287896325,-1.342222371461024,1.4189756382840286,-0.3837354099403615,-0.3888008986421099,-0.10052917088631763,0,1
2367,-1.3602316201688263,0.1060401998569838,-0.614206492869086,-0.06488475092432454,2.4073637451989316,-0.3888008986421099,-0.10052917088631763,0,0
10,-0.597135287125261,-1.0826010684464409,-1.342222371461024,-1.1492442661150442,-0.3837354099403615,-0.3888008986421099,-0.10052917088631763,1,1
1062,-0.9023738203426869,1.4078853984750206,1.5698411429067274,-0.8638864989595917,1.4769973601525006,2.572010516160091,-0.10052917088631763,1,1
3043,1.2724507288314741,-0.9693971381318289,0.11380938572285176,-0.44536177379826125,0.5466309751060695,-0.3888008986421099,-0.10052917088631763,1,0
4165,1.119831462222761,0.9550696772165732,0.11380938572285176,0.3155922719496122,0.5466309751060695,-0.3888008986421099,-0.10052917088631763,2,0
1679,0.6619736623966218,0.9550696772165732,0.8418252643147895,1.3999517871403317,1.4769973601525006,-0.3888008986421099,-0.10052917088631763,1,1
1388,-0.6734449204296173,-1.252406963918359,-1.342222371461024,-1.282411224120922,-0.3837354099403615,-0.3888008986421099,-0.10052917088631763,0,1
521,1.119831462222761,1.2380795030031027,0.11380938572285176,1.3619040848529382,1.4769973601525006,-0.3888008986421099,-0.10052917088631763,1,1
896,-1.8180894199949655,0.3890500256435138,1.5698411429067274,1.742381107726875,0.5466309751060695,-0.3888008986421099,-0.10052917088631763,0,1
1008,-0.8260641870383305,-1.1392030336037469,-1.342222371461024,-1.2443635218335283,-0.3837354099403615,2.572010516160091,-0.10052917088631763,0,1
1812,-0.48267083716872605,-1.252406963918359,-1.342222371461024,-0.9970534569654695,-0.3837354099403615,-0.3888008986421099,-0.10052917088631763,1,1
3834,0.8909025623096917,0.5022539559581258,0.8418252643147895,0.23949686737482484,-1.3141017949867926,-0.3888008986421099,-0.10052917088631763,1,0
3583,0.1659610459183044,1.0682736075311852,-0.614206492869086,-1.3204589264083157,-0.3837354099403615,-0.3888008986421099,-0.10052917088631763,0,0
4793,0.1659610459183044,-0.34677552140146356,-0.614206492869086,0.10632990936894698,-0.3837354099403615,-0.3888008986421099,-0.10052917088631763,1,0
4568,0.3185803125270176,0.5022539559581258,-1.342222371461024,-0.026837048636930864,-0.3837354099403615,-0.3888008986421099,-0.10052917088631763,0,0
3428,0.5856640290922652,-1.0826010684464409,-0.614206492869086,-0.3502425180797771,-1.3141017949867926,-0.3888008986421099,-0.10052917088631763,1,0
1553,-1.5510057034297173,-0.9693971381318289,1.5698411429067274,0.9053316574042141,1.4769973601525006,-0.3888008986421099,-0.10052917088631763,0,1
1718,-1.7799346033427872,1.3512834333177146,1.5698411429067274,2.0467627260260244,0.5466309751060695,-0.3888008986421099,-0.10052917088631763,1,1
1023,-0.8260641870383305,-1.365610894232971,-1.342222371461024,-1.0921727126839538,-0.3837354099403615,-0.3888008986421099,-0.10052917088631763,1,1
3698,-0.13927748729912157,1.0682736075311852,-0.614206492869086,0.8863078062605173,-0.3837354099403615,-0.3888008986421099,-0.10052917088631763,2,0
583,0.6238188457444436,0.8418657469019611,0.8418252643147895,0.7531408482546395,1.4769973601525006,-0.3888008986421099,-0.10052917088631763,0,1
665,-1.8180894199949655,0.2758460953289018,0.8418252643147895,1.3999517871403317,0.5466309751060695,-0.3888008986421099,-0.10052917088631763,1,1
4680,0.43304476248355206,1.4644873636323266,-0.614206492869086,0.220473016231128,-1.3141017949867926,-0.3888008986421099,-0.10052917088631763,1,0
4422,0.0514965959617695,1.4644873636323266,0.11380938572285176,-0.08390860206802138,-0.3837354099403615,-0.3888008986421099,-0.10052917088631763,1,0
1537,-1.8562442366471437,0.6720598514300432,2.297857021498665,1.0955701688411825,0.5466309751060695,-0.3888008986421099,-0.10052917088631763,1,1
3285,1.0435218289184045,-1.0826010684464409,0.11380938572285176,-0.40731407151086757,-1.3141017949867926,-0.3888008986421099,-0.10052917088631763,1,0
3870,0.6238188457444436,-0.12036766077224019,0.11380938572285176,1.0955701688411825,-1.3141017949867926,-0.3888008986421099,-0.10052917088631763,1,0
3510,0.9290573789618695,1.2946814681604086,-0.614206492869086,0.011210653650462806,-0.3837354099403615,-0.3888008986421099,-0.10052917088631763,0,0
1905,-1.8180894199949655,0.3324480604862078,0.8418252643147895,1.5711664474336033,0.5466309751060695,2.572010516160091,-0.10052917088631763,0,1
3443,1.5776892620489003,0.8418657469019611,0.11380938572285176,-0.23609941121759606,-1.3141017949867926,-0.3888008986421099,-0.10052917088631763,1,0
2021,0.8145929290053351,1.4078853984750206,0.8418252643147895,1.2097132757033635,-1.3141017949867926,-0.3888008986421099,-0.10052917088631763,0,0
2064,0.7382832957009784,0.3324480604862078,-0.614206492869086,1.266784829134454,-0.3837354099403615,-0.3888008986421099,-0.10052917088631763,0,0
2124,1.0053670122662262,0.9550696772165732,0.11380938572285176,-0.2931709646486866,-1.3141017949867926,2.572010516160091,-0.10052917088631763,1,0
453,-1.8180894199949655,0.8418657469019611,1.5698411429067274,1.5901902985773002,0.5466309751060695,-0.3888008986421099,-0.10052917088631763,0,1
2153,0.6238188457444436,1.1248755726884911,0.8418252643147895,-0.17902785778650554,-0.3837354099403615,-0.3888008986421099,-0.10052917088631763,1,0
192,1.3106055454836525,0.8418657469019611,0.11380938572285176,0.44875922995549006,2.4073637451989316,2.572010516160091,-0.10052917088631763,0,1
1931,0.9672121956140478,0.5022539559581258,0.8418252643147895,0.3155922719496122,1.4769973601525006,-0.3888008986421099,-0.10052917088631763,1,1
1775,-0.7879093703861523,-1.252406963918359,-1.342222371461024,-1.1492442661150442,-0.3837354099403615,-0.3888008986421099,-0.10052917088631763,1,1
672,-1.7799346033427872,1.2380795030031027,1.5698411429067274,1.1716655734159698,0.5466309751060695,-0.3888008986421099,-0.10052917088631763,1,1
2440,0.3185803125270176,-0.7995912426599115,-0.614206492869086,0.04925835593785648,-0.3837354099403615,-0.3888008986421099,-0.10052917088631763,0,0
850,-0.13927748729912157,1.2380795030031027,1.5698411429067274,1.742381107726875,-0.3837354099403615,-0.3888008986421099,-0.10052917088631763,0,1
3939,0.35673512917919586,1.2380795030031027,0.11380938572285176,-1.168268117258741,-1.3141017949867926,2.572010516160091,-0.10052917088631763,1,0
2730,0.547509212440087,-0.34677552140146356,0.11380938572285176,-0.00781319749323403,0.5466309751060695,-0.3888008986421099,-0.10052917088631763,0,0
4342,-0.40636120386436964,-1.252406963918359,0.11380938572285176,-0.825838796672198,-1.3141017949867926,-0.3888008986421099,-0.10052917088631763,1,0
113,-0.5589804704730826,-1.1392030336037469,-1.342222371461024,-0.8068149455285011,-0.3837354099403615,-0.3888008986421099,-0.10052917088631763,1,1
2062,0.9290573789618695,-0.4033774865587696,0.11380938572285176,-1.0351011592528632,-0.3837354099403615,-0.3888008986421099,-0.10052917088631763,2,0
4137,-1.4746960701253609,0.6154578862727372,-0.614206492869086,0.4297353788117932,0.5466309751060695,-0.3888008986421099,-0.10052917088631763,1,0
1038,-1.8562442366471437,1.4078853984750206,2.297857021498665,1.247760977990757,0.5466309751060695,-0.3888008986421099,-0.10052917088631763,0,1
2613,-1.6654701533862522,1.5776912939469385,0.8418252643147895,-0.5404810295167455,1.4769973601525006,-0.3888008986421099,-0.10052917088631763,0,0
3363,1.0816766455705826,-1.1958049987610528,0.11380938572285176,0.1634014628000375,-1.3141017949867926,2.572010516160091,-0.10052917088631763,1,0
36,-1.8180894199949655,1.2380795030031027,1.5698411429067274,1.0004509131226982,0.5466309751060695,-0.3888008986421099,-0.10052917088631763,1,1
1825,-0.5208256538209044,-1.1958049987610528,-1.342222371461024,-0.9590057546780758,-0.3837354099403615,-0.3888008986421099,-0.10052917088631763,0,1
2234,0.47119957913573035,0.9550696772165732,1.5698411429067274,0.220473016231128,-1.3141017949867926,-0.3888008986421099,-0.10052917088631763,1,0
3570,0.5856640290922652,0.6154578862727372,-1.342222371461024,-0.6736479875226233,-0.3837354099403615,-0.3888008986421099,-0.10052917088631763,0,0
3886,1.3106055454836525,-0.17696962592954618,0.11380938572285176,-1.0160773081091663,2.4073637451989316,2.572010516160091,-0.10052917088631763,0,0
4145,0.8909025623096917,1.3512834333177146,0.11380938572285176,0.18242531394373432,-0.3837354099403615,-0.3888008986421099,-0.10052917088631763,1,0
2300,-0.7497545537339739,-1.5920187548621947,-0.614206492869086,-1.2443635218335283,-0.3837354099403615,-0.3888008986421099,-0.10052917088631763,0,0
4000,-0.25374193725565647,1.2946814681604086,0.11380938572285176,1.0575224665537888,-0.3837354099403615,-0.3888008986421099,-0.10052917088631763,0,0
470,-0.6352901037774392,-1.1392030336037469,-1.342222371461024,-0.825838796672198,-0.3837354099403615,-0.3888008986421099,-0.10052917088631763,1,1
3753,-0.13927748729912157,-1.365610894232971,-0.614206492869086,-0.9590057546780758,-1.3141017949867926,-0.3888008986421099,-0.10052917088631763,1,0
1500,-0.5208256538209044,-1.365610894232971,-1.342222371461024,-1.4155781821267999,-0.3837354099403615,-0.3888008986421099,-0.10052917088631763,1,1
1841,-1.8180894199949655,1.4078853984750206,2.297857021498665,1.970667321451237,0.5466309751060695,-0.3888008986421099,-0.10052917088631763,1,1
3841,0.5093543957879086,-0.912795172974523,-0.614206492869086,-0.08390860206802138,-0.3837354099403615,-0.3888008986421099,-0.10052917088631763,0,0
4152,0.0133417793095912,0.7852637817446552,-0.614206492869086,-0.9780296058217727,-1.3141017949867926,-0.3888008986421099,-0.10052917088631763,0,0
4946,-0.17743230395129986,1.4644873636323266,-0.614206492869086,0.3155922719496122,0.5466309751060695,-0.3888008986421099,-0.10052917088631763,1,0
1499,-0.597135287125261,-1.309008929075665,-1.342222371461024,-0.9590057546780758,-0.3837354099403615,-0.3888008986421099,-0.10052917088631763,1,1
3469,1.6158440787010784,0.3890500256435138,0.8418252643147895,-0.9590057546780758,0.5466309751060695,-0.3888008986421099,-0.10052917088631763,0,0
4488,-1.0931479036035785,0.2758460953289018,-0.614206492869086,-0.9590057546780758,-0.3837354099403615,2.572010516160091,-0.10052917088631763,1,0
101,-0.7497545537339739,-1.1392030336037469,-1.342222371461024,-0.9209580523906822,-0.3837354099403615,-0.3888008986421099,-0.10052917088631763,0,1
1397,-1.4365412534731827,-0.12036766077224019,1.5698411429067274,1.495071042858816,1.4769973601525006,-0.3888008986421099,-0.10052917088631763,0,1
3592,1.6158440787010784,0.2192441301715958,0.8418252643147895,-0.026837048636930864,-0.3837354099403615,-0.3888008986421099,-0.10052917088631763,1,0
3675,0.5093543957879086,0.8418657469019611,0.8418252643147895,-0.5595048806604422,-0.3837354099403615,-0.3888008986421099,-0.10052917088631763,1,0
1286,-0.6352901037774392,-1.1392030336037469,-1.342222371461024,-1.4346020332704967,-0.3837354099403615,-0.3888008986421099,-0.10052917088631763,0,1
2950,-1.627315336734074,0.7852637817446552,-0.614206492869086,0.030234504794159643,0.5466309751060695,-0.3888008986421099,-0.10052917088631763,0,0
385,-0.8260641870383305,-1.365610894232971,-1.342222371461024,-0.8829103501032884,-0.3837354099403615,-0.3888008986421099,-0.10052917088631763,2,1
2736,0.3185803125270176,0.7852637817446552,0.8418252643147895,-0.33121866693608026,-0.3837354099403615,-0.3888008986421099,-0.10052917088631763,1,0
1651,0.7382832957009784,1.4644873636323266,0.11380938572285176,0.6770454436798521,2.4073637451989316,-0.3888008986421099,-0.10052917088631763,1,1
338,-0.5208256538209044,-1.1958049987610528,-1.342222371461024,-1.187291968402438,-0.3837354099403615,-0.3888008986421099,-0.10052917088631763,0,1
374,-0.8260641870383305,-0.8561932078172175,-1.342222371461024,-1.1492442661150442,-0.3837354099403615,-0.3888008986421099,-0.10052917088631763,0,1
4016,-1.6654701533862522,-0.23357159108685158,0.8418252643147895,0.9624032108353046,1.4769973601525006,-0.3888008986421099,-0.10052917088631763,1,0
2164,1.6158440787010784,-1.309008929075665,-0.614206492869086,-0.33121866693608026,-1.3141017949867926,-0.3888008986421099,-0.10052917088631763,1,0
3113,-1.2457671702122914,0.6154578862727372,-0.614206492869086,1.038498615410092,1.4769973601525006,2.572010516160091,-0.10052917088631763,0,0
59,-0.7497545537339739,-1.025999103289135,-1.342222371461024,-1.4155781821267999,-0.3837354099403615,-0.3888008986421099,-0.10052917088631763,1,1
1019,-0.8260641870383305,-1.422212859390277,-1.342222371461024,-1.2633873729772251,-0.3837354099403615,-0.3888008986421099,-0.10052917088631763,1,1
1876,0.547509212440087,0.6720598514300432,0.11380938572285176,1.019474764266395,1.4769973601525006,-0.3888008986421099,-0.10052917088631763,1,1
57,-1.7799346033427872,1.2380795030031027,2.297857021498665,1.0004509131226982,0.5466309751060695,-0.3888008986421099,-0.10052917088631763,1,1
3359,1.2724507288314741,-0.8561932078172175,0.11380938572285176,-1.0921727126839538,-0.3837354099403615,-0.3888008986421099,-0.10052917088631763,0,0
538,-0.48267083716872605,-1.5354167897048887,-1.342222371461024,-0.9209580523906822,-0.3837354099403615,2.572010516160091,-0.10052917088631763,0,1
4786,0.9672121956140478,0.6720598514300432,-0.614206492869086,0.8863078062605173,-1.3141017949867926,-0.3888008986421099,-0.10052917088631763,0,0
437,-1.7799346033427872,0.7286618165873492,1.5698411429067274,1.1145940199848794,0.5466309751060695,-0.3888008986421099,-0.10052917088631763,1,1
2893,0.0133417793095912,-0.912795172974523,-0.614206492869086,-0.9780296058217727,-1.3141017949867926,-0.3888008986421099,-0.10052917088631763,1,0
3540,-0.13927748729912157,0.2758460953289018,0.8418252643147895,1.2858086802781508,-0.3837354099403615,-0.3888008986421099,-0.10052917088631763,0,0
4195,0.0514965959617695,1.0116716423738792,-0.614206492869086,-1.073148861540257,-0.3837354099403615,-0.3888008986421099,-0.10052917088631763,0,0
2282,-1.5128508867775392,1.2380795030031027,-0.614206492869086,-0.2931709646486866,2.4073637451989316,2.572010516160091,-0.10052917088631763,1,0
2258,1.5776892620489003,0.1626421650142898,-0.614206492869086,0.23949686737482484,-0.3837354099403615,-0.3888008986421099,-0.10052917088631763,1,0
3602,0.547509212440087,0.3890500256435138,0.11380938572285176,-0.19805170893020238,0.5466309751060695,-0.3888008986421099,-0.10052917088631763,1,0
3766,1.3869151787880087,-0.8561932078172175,0.11380938572285176,0.9243555085479109,-1.3141017949867926,2.572010516160091,-0.10052917088631763,0,0
135,-0.8260641870383305,-1.252406963918359,-1.342222371461024,-1.3394827775520126,-0.3837354099403615,-0.3888008986421099,-0.10052917088631763,1,1
2582,0.2041158625704827,1.3512834333177146,0.8418252643147895,-0.9590057546780758,-0.3837354099403615,-0.3888008986421099,-0.10052917088631763,1,0
857,-1.8180894199949655,0.7286618165873492,1.5698411429067274,1.3428802337092414,0.5466309751060695,-0.3888008986421099,-0.10052917088631763,0,1
831,0.547509212440087,1.2946814681604086,0.11380938572285176,0.334616123093309,1.4769973601525006,-0.3888008986421099,-0.10052917088631763,1,1
696,-0.8642190036905089,1.5210893287896325,-0.614206492869086,0.6389977413924584,0.5466309751060695,-0.3888008986421099,-0.10052917088631763,0,1
356,-0.6352901037774392,-0.8561932078172175,-1.342222371461024,-1.2633873729772251,-0.3837354099403615,-0.3888008986421099,-0.10052917088631763,1,1
4762,0.0896514126139478,-0.9693971381318289,-0.614206492869086,-0.48340947608565493,-0.3837354099403615,2.572010516160091,-0.10052917088631763,1,0
4177,-0.17743230395129986,0.7852637817446552,-0.614206492869086,-0.9970534569654695,-0.3837354099403615,-0.3888008986421099,-0.10052917088631763,1,0
3175,0.5093543957879086,-0.45997945171607557,0.11380938572285176,-0.2551232623612929,-0.3837354099403615,-0.3888008986421099,-0.10052917088631763,0,0
3145,-0.29189675390783476,0.1626421650142898,0.8418252643147895,1.0004509131226982,-0.3837354099403615,-0.3888008986421099,-0.10052917088631763,0,0
2517,1.0053670122662262,0.8418657469019611,-0.614206492869086,1.3048325314218476,-0.3837354099403615,-0.3888008986421099,-0.10052917088631763,1,0
1021,0.6238188457444436,0.8418657469019611,0.8418252643147895,1.0575224665537888,1.4769973601525006,-0.3888008986421099,-0.10052917088631763,1,1
72,-1.8562442366471437,0.2758460953289018,0.8418252643147895,1.3809279359966349,0.5466309751060695,-0.3888008986421099,-0.10052917088631763,0,1
1469,0.7764381123531567,0.7852637817446552,0.8418252643147895,1.019474764266395,1.4769973601525006,-0.3888008986421099,-0.10052917088631763,0,1
2108,0.0514965959617695,0.8984677120592672,0.11380938572285176,-0.9019342012469853,-0.3837354099403615,2.572010516160091,-0.10052917088631763,1,0
3126,1.0053670122662262,0.3890500256435138,0.11380938572285176,0.3726638253807027,-0.3837354099403615,-0.3888008986421099,-0.10052917088631763,1,0
4679,-0.33005157056001305,0.2758460953289018,-1.342222371461024,0.9814270619790014,-1.3141017949867926,-0.3888008986421099,-0.10052917088631763,1,0
203,0.7001284790488002,1.5776912939469385,0.8418252643147895,0.3155922719496122,1.4769973601525006,-0.3888008986421099,-0.10052917088631763,1,1
4655,0.6619736623966218,0.3324480604862078,0.11380938572285176,-0.8448626478158948,1.4769973601525006,2.572010516160091,-0.10052917088631763,0,0
4134,-0.21558712060347818,0.4456519908008198,0.8418252643147895,0.6009500391050647,-0.3837354099403615,-0.3888008986421099,-0.10052917088631763,2,0
3876,-0.13927748729912157,0.6720598514300432,-0.614206492869086,-1.3394827775520126,-0.3837354099403615,-0.3888008986421099,-0.10052917088631763,1,0
489,-1.8180894199949655,0.6154578862727372,2.297857021498665,1.3999517871403317,0.5466309751060695,-0.3888008986421099,-0.10052917088631763,1,1
1860,-0.5589804704730826,-0.8561932078172175,-1.342222371461024,-1.396554330983103,-0.3837354099403615,-0.3888008986421099,-0.10052917088631763,0,1
4856,1.3106055454836525,-0.5731833820306875,0.11380938572285176,-0.12195630435541505,-0.3837354099403615,-0.3888008986421099,-0.10052917088631763,0,0
865,-1.8180894199949655,1.2380795030031027,1.5698411429067274,1.0955701688411825,0.5466309751060695,-0.3888008986421099,-0.10052917088631763,1,1
3946,1.5013796287445436,-1.0826010684464409,0.11380938572285176,0.8482601039731236,-0.3837354099403615,-0.3888008986421099,-0.10052917088631763,1,0
2280,1.4632248120923652,-1.5354167897048887,1.5698411429067274,0.5629023368176711,-1.3141017949867926,2.572010516160091,-0.10052917088631763,1,0
4283,1.1961410955271177,-0.9693971381318289,0.8418252643147895,-0.16000400664280873,0.5466309751060695,-0.3888008986421099,-0.10052917088631763,0,0
3085,-0.9023738203426869,-0.8561932078172175,0.11380938572285176,-0.9590057546780758,-0.3837354099403615,2.572010516160091,-0.10052917088631763,1,0
3765,0.8527477456575133,-0.23357159108685158,0.11380938572285176,-0.8638864989595917,-0.3837354099403615,-0.3888008986421099,-0.10052917088631763,0,0
2963,1.5776892620489003,0.6720598514300432,0.8418252643147895,-1.2253396706898316,-1.3141017949867926,-0.3888008986421099,-0.10052917088631763,0,0
4103,-1.627315336734074,-0.6297853471879936,-0.614206492869086,-1.073148861540257,2.4073637451989316,2.572010516160091,-0.10052917088631763,0,0
2949,0.9672121956140478,1.1814775378457971,0.11380938572285176,1.1145940199848794,-1.3141017949867926,-0.3888008986421099,-0.10052917088631763,0,0
2196,1.539534445396722,-0.7995912426599115,0.11380938572285176,-1.2633873729772251,-0.3837354099403615,-0.3888008986421099,-0.10052917088631763,1,0
1550,1.1579862788749393,1.5776912939469385,0.11380938572285176,1.0765463176974857,1.4769973601525006,-0.3888008986421099,-0.10052917088631763,0,1
3321,-1.3983864368210046,-0.12036766077224019,-0.614206492869086,-1.872150609575524,-1.3141017949867926,-0.3888008986421099,-0.10052917088631763,1,0
266,1.0053670122662262,1.1814775378457971,0.11380938572285176,0.9243555085479109,1.4769973601525006,-0.3888008986421099,-0.10052917088631763,0,1
1263,-1.7799346033427872,0.6720598514300432,1.5698411429067274,0.9433793596916078,0.5466309751060695,-0.3888008986421099,-0.10052917088631763,1,1
1702,-1.8562442366471437,0.2758460953289018,1.5698411429067274,1.5140948940025127,1.4769973601525006,-0.3888008986421099,-0.10052917088631763,0,1
1683,0.0514965959617695,1.5776912939469385,-0.614206492869086,-0.8829103501032884,0.5466309751060695,-0.3888008986421099,-0.10052917088631763,1,1
478,-1.8562442366471437,0.3890500256435138,1.5698411429067274,1.3809279359966349,0.5466309751060695,-0.3888008986421099,-0.10052917088631763,1,1
693,1.0053670122662262,0.7852637817446552,0.8418252643147895,1.247760977990757,1.4769973601525006,-0.3888008986421099,-0.10052917088631763,0,1
4323,1.4250699954401869,0.5022539559581258,0.11380938572285176,1.152641722272273,-0.3837354099403615,-0.3888008986421099,-0.10052917088631763,0,0
1343,-0.8260641870383305,-0.9693971381318289,-1.342222371461024,-1.3585066286957095,-0.3837354099403615,-0.3888008986421099,-0.10052917088631763,1,1
3138,0.547509212440087,-0.34677552140146356,-0.614206492869086,-0.9590057546780758,-1.3141017949867926,-0.3888008986421099,-0.10052917088631763,1,0
2791,0.0514965959617695,-1.422212859390277,-0.614206492869086,-1.1302204149713473,-1.3141017949867926,-0.3888008986421099,-0.10052917088631763,0,0
1794,-0.5589804704730826,-1.1958049987610528,-1.342222371461024,-1.1302204149713473,-0.3837354099403615,-0.3888008986421099,-0.10052917088631763,0,1
2920,-0.29189675390783476,0.3890500256435138,-0.614206492869086,-0.3121948157923834,-0.3837354099403615,-0.3888008986421099,-0.10052917088631763,2,0
1557,-0.5208256538209044,-1.252406963918359,-1.342222371461024,-0.9209580523906822,-0.3837354099403615,-0.3888008986421099,-0.10052917088631763,0,1
3663,-0.8260641870383305,-1.7052226851768066,-0.614206492869086,0.06828220708155332,1.4769973601525006,-0.3888008986421099,-0.10052917088631763,2,0
4615,1.0053670122662262,-0.9693971381318289,-0.614206492869086,-1.282411224120922,-0.3837354099403615,-0.3888008986421099,-0.10052917088631763,0,0
1559,-1.6654701533862522,-0.6297853471879936,1.5698411429067274,1.6853095542957843,1.4769973601525006,-0.3888008986421099,-0.10052917088631763,0,1
991,-1.8562442366471437,0.2758460953289018,1.5698411429067274,0.7911885505420331,0.5466309751060695,-0.3888008986421099,-0.10052917088631763,1,1
1900,-0.6734449204296173,-1.309008929075665,-1.342222371461024,-1.1302204149713473,-0.3837354099403615,-0.3888008986421099,-0.10052917088631763,0,1
2482,0.2041158625704827,1.3512834333177146,0.11380938572285176,-0.6736479875226233,-1.3141017949867926,-0.3888008986421099,-0.10052917088631763,0,0
2347,0.0514965959617695,-1.6486207200195007,-0.614206492869086,-0.5595048806604422,-0.3837354099403615,-0.3888008986421099,-0.10052917088631763,1,0
2532,-0.5208256538209044,-0.34677552140146356,-0.614206492869086,-0.7687672432411075,-1.3141017949867926,-0.3888008986421099,-0.10052917088631763,0,0
910,1.3106055454836525,1.0116716423738792,0.8418252643147895,0.8672839551168204,1.4769973601525006,-0.3888008986421099,-0.10052917088631763,1,1
1473,-0.5589804704730826,-1.365610894232971,-1.342222371461024,-0.8638864989595917,-0.3837354099403615,-0.3888008986421099,-0.10052917088631763,0,1
630,-0.44451602051654776,-1.025999103289135,-1.342222371461024,-1.1111965638276504,-0.3837354099403615,-0.3888008986421099,-0.10052917088631763,1,1
2799,-0.33005157056001305,1.5776912939469385,-0.614206492869086,-0.5024333272293517,-0.3837354099403615,-0.3888008986421099,-0.10052917088631763,0,0
2430,-0.40636120386436964,0.7852637817446552,0.11380938572285176,-0.6356002852352296,2.4073637451989316,-0.3888008986421099,-0.10052917088631763,1,0
3915,0.7001284790488002,0.6154578862727372,0.11380938572285176,0.8292362528294267,-1.3141017949867926,-0.3888008986421099,-0.10052917088631763,1,0
4610,1.539534445396722,0.3890500256435138,0.11380938572285176,-1.2253396706898316,-0.3837354099403615,-0.3888008986421099,-0.10052917088631763,1,0
2835,0.3185803125270176,-0.5165814168733815,1.5698411429067274,0.3916876765243995,2.4073637451989316,-0.3888008986421099,-0.10052917088631763,0,0
2252,0.1659610459183044,-1.9316305458060303,-0.614206492869086,1.038498615410092,-0.3837354099403615,-0.3888008986421099,-0.10052917088631763,0,0
1454,0.2041158625704827,0.6154578862727372,1.5698411429067274,0.7531408482546395,1.4769973601525006,-0.3888008986421099,-0.10052917088631763,1,1
1377,0.6238188457444436,1.5776912939469385,0.8418252643147895,0.3726638253807027,2.4073637451989316,-0.3888008986421099,-0.10052917088631763,1,1
654,-0.7879093703861523,-1.1958049987610528,-1.342222371461024,-1.3394827775520126,-0.3837354099403615,-0.3888008986421099,-0.10052917088631763,0,1
3068,1.1961410955271177,-0.6297853471879936,-0.614206492869086,-0.5214571783730486,0.5466309751060695,-0.3888008986421099,-0.10052917088631763,0,0
4678,0.0133417793095912,0.1626421650142898,0.11380938572285176,0.9624032108353046,-1.3141017949867926,-0.3888008986421099,-0.10052917088631763,1,0
3911,0.35673512917919586,-0.007163730457628193,0.11380938572285176,-0.825838796672198,-1.3141017949867926,-0.3888008986421099,-0.10052917088631763,1,0
405,0.7001284790488002,0.8418657469019611,0.8418252643147895,0.8102124016857299,1.4769973601525006,-0.3888008986421099,-0.10052917088631763,1,1
2946,0.547509212440087,1.4644873636323266,0.8418252643147895,-0.1029324532117182,0.5466309751060695,-0.3888008986421099,-0.10052917088631763,1,0
610,-1.8180894199949655,0.7286618165873492,2.297857021498665,1.4570233405714224,0.5466309751060695,-0.3888008986421099,-0.10052917088631763,0,1
1075,1.0816766455705826,0.6154578862727372,0.11380938572285176,1.2858086802781508,1.4769973601525006,-0.3888008986421099,-0.10052917088631763,0,1
1429,-1.8562442366471437,0.8418657469019611,1.5698411429067274,1.2097132757033635,0.5466309751060695,-0.3888008986421099,-0.10052917088631763,0,1
1027,-0.44451602051654776,-1.0826010684464409,-1.342222371461024,-1.396554330983103,-0.3837354099403615,-0.3888008986421099,-0.10052917088631763,1,1
1863,-1.8180894199949655,1.0116716423738792,2.297857021498665,1.266784829134454,0.5466309751060695,-0.3888008986421099,-0.10052917088631763,0,1
4638,0.1659610459183044,-0.45997945171607557,0.11380938572285176,-1.1492442661150442,-1.3141017949867926,-0.3888008986421099,-0.10052917088631763,1,0
1722,-1.207612353560113,-1.4788148245475827,-1.342222371461024,0.7531408482546395,-0.3837354099403615,-0.3888008986421099,-0.10052917088631763,1,1
4106,0.547509212440087,-0.17696962592954618,0.11380938572285176,-1.0160773081091663,-1.3141017949867926,-0.3888008986421099,-0.10052917088631763,0,0
3330,1.2724507288314741,1.0116716423738792,0.11380938572285176,-0.5404810295167455,-0.3837354099403615,-0.3888008986421099,-0.10052917088631763,1,0
1611,1.1961410955271177,1.4078853984750206,0.11380938572285176,1.1716655734159698,1.4769973601525006,-0.3888008986421099,-0.10052917088631763,1,1
3695,1.3487603621358308,-0.5731833820306875,-0.614206492869086,0.5438784856739742,2.4073637451989316,-0.3888008986421099,-0.10052917088631763,0,0
2868,-0.5208256538209044,-0.23357159108685158,-0.614206492869086,-1.187291968402438,-0.3837354099403615,-0.3888008986421099,-0.10052917088631763,1,0
1384,-0.5589804704730826,-1.4788148245475827,-1.342222371461024,-1.0921727126839538,-0.3837354099403615,-0.3888008986421099,-0.10052917088631763,1,1
2425,-0.10112267064694327,0.8984677120592672,0.11380938572285176,0.9433793596916078,-0.3837354099403615,-0.3888008986421099,-0.10052917088631763,1,0
276,0.8909025623096917,1.2946814681604086,0.8418252643147895,0.6770454436798521,2.4073637451989316,-0.3888008986421099,-0.10052917088631763,1,1
1779,1.0435218289184045,1.0116716423738792,-1.342222371461024,-0.6546241363789265,-1.3141017949867926,-0.3888008986421099,-0.10052917088631763,0,1
1433,1.2724507288314741,1.5210893287896325,0.8418252643147895,1.1906894245596666,1.4769973601525006,2.572010516160091,-0.10052917088631763,0,1
1094,1.1961410955271177,1.0682736075311852,0.8418252643147895,1.0955701688411825,1.4769973601525006,-0.3888008986421099,-0.10052917088631763,1,1
4408,0.5856640290922652,-1.1392030336037469,0.11380938572285176,0.23949686737482484,-0.3837354099403615,-0.3888008986421099,-0.10052917088631763,1,0
3346,-1.5510057034297173,0.3324480604862078,1.5698411429067274,1.5521425962899065,0.5466309751060695,-0.3888008986421099,-0.10052917088631763,0,0
4994,1.3106055454836525,-0.5731833820306875,0.11380938572285176,1.2097132757033635,-1.3141017949867926,-0.3888008986421099,-0.10052917088631763,1,0
466,-0.7879093703861523,-1.025999103289135,-1.342222371461024,-0.9590057546780758,-0.3837354099403615,-0.3888008986421099,-0.10052917088631763,0,1
486,-0.9786834536470435,1.2946814681604086,0.8418252643147895,-0.5785287318041391,-1.3141017949867926,-0.3888008986421099,-0.10052917088631763,1,1
1265,1.0816766455705826,1.4644873636323266,0.11380938572285176,1.2858086802781508,1.4769973601525006,-0.3888008986421099,-0.10052917088631763,1,1
4209,1.4632248120923652,0.6720598514300432,0.11380938572285176,1.3238563825655445,0.5466309751060695,2.572010516160091,-0.10052917088631763,0,0
2150,0.3948899458313742,-1.4788148245475827,0.11380938572285176,-1.1302204149713473,-0.3837354099403615,-0.3888008986421099,-0.10052917088631763,1,0
4517,1.1961410955271177,-1.309008929075665,0.8418252643147895,-0.711695689810017,2.4073637451989316,-0.3888008986421099,-0.10052917088631763,1,0
2175,1.1579862788749393,0.5022539559581258,0.8418252643147895,-0.17902785778650554,1.4769973601525006,-0.3888008986421099,-0.10052917088631763,0,0
626,0.7764381123531567,1.4644873636323266,0.8418252643147895,1.152641722272273,2.4073637451989316,-0.3888008986421099,-0.10052917088631763,1,1
2194,1.6158440787010784,-0.34677552140146356,0.11380938572285176,-0.42633792265456444,-0.3837354099403615,-0.3888008986421099,-0.10052917088631763,1,0
3288,1.119831462222761,1.1814775378457971,-0.614206492869086,-0.46438562494195806,-0.3837354099403615,-0.3888008986421099,-0.10052917088631763,1,0
1892,-0.7879093703861523,-1.309008929075665,-1.342222371461024,-1.2253396706898316,-0.3837354099403615,-0.3888008986421099,-0.10052917088631763,1,1
3004,0.6619736623966218,-0.34677552140146356,0.8418252643147895,-0.48340947608565493,-1.3141017949867926,-0.3888008986421099,-0.10052917088631763,1,0
3453,0.7382832957009784,0.4456519908008198,-0.614206492869086,0.08730605822525014,-0.3837354099403615,-0.3888008986421099,-0.10052917088631763,1,0
2109,0.6238188457444436,0.2192441301715958,0.8418252643147895,-1.872150609575524,0.5466309751060695,-0.3888008986421099,-0.10052917088631763,1,0
2783,0.547509212440087,0.6720598514300432,0.11380938572285176,-0.3121948157923834,-0.3837354099403615,-0.3888008986421099,-0.10052917088631763,1,0
4847,-0.0248130373425871,-0.8561932078172175,0.11380938572285176,-1.168268117258741,-0.3837354099403615,-0.3888008986421099,-0.10052917088631763,1,0
4322,1.539534445396722,-0.5165814168733815,-0.614206492869086,-1.2443635218335283,-0.3837354099403615,-0.3888008986421099,-0.10052917088631763,0,0
1643,-1.7799346033427872,0.3324480604862078,1.5698411429067274,0.8482601039731236,0.5466309751060695,-0.3888008986421099,-0.10052917088631763,1,1
2403,1.3487603621358308,0.6720598514300432,0.8418252643147895,-1.282411224120922,-0.3837354099403615,-0.3888008986421099,-0.10052917088631763,0,0
4563,-0.0248130373425871,0.2192441301715958,-0.614206492869086,-0.1409801554991119,-0.3837354099403615,-0.3888008986421099,-0.10052917088631763,0,0
2723,-1.5510057034297173,-0.912795172974523,0.8418252643147895,0.29656842080591533,0.5466309751060695,2.572010516160091,-0.10052917088631763,0,0
4196,0.5856640290922652,0.5588559211154311,-0.614206492869086,-1.3204589264083157,-0.3837354099403615,-0.3888008986421099,-0.10052917088631763,0,0
4309,0.47119957913573035,0.8418657469019611,0.8418252643147895,0.6960692948235488,-0.3837354099403615,-0.3888008986421099,-0.10052917088631763,0,0
369,0.9290573789618695,0.7852637817446552,0.8418252643147895,0.7721646993983362,1.4769973601525006,-0.3888008986421099,-0.10052917088631763,1,1
1733,1.0053670122662262,1.4078853984750206,0.8418252643147895,1.019474764266395,1.4769973601525006,-0.3888008986421099,-0.10052917088631763,1,1
3121,0.9672121956140478,-0.7429892775026056,0.8418252643147895,-0.8068149455285011,0.5466309751060695,-0.3888008986421099,-0.10052917088631763,1,0
4282,-0.10112267064694327,1.4078853984750206,0.11380938572285176,-1.2633873729772251,-0.3837354099403615,-0.3888008986421099,-0.10052917088631763,0,0
2797,0.242270679222661,-0.2901735562441576,0.8418252643147895,-0.08390860206802138,-1.3141017949867926,2.572010516160091,-0.10052917088631763,0,0
1879,-0.6734449204296173,-1.309008929075665,-1.342222371461024,-1.1111965638276504,-0.3837354099403615,-0.3888008986421099,-0.10052917088631763,1,1
1723,0.8909025623096917,1.1814775378457971,0.8418252643147895,1.1906894245596666,2.4073637451989316,-0.3888008986421099,-0.10052917088631763,1,1
4644,0.5856640290922652,1.4644873636323266,0.11380938572285176,-0.8068149455285011,-0.3837354099403615,-0.3888008986421099,-0.10052917088631763,0,0
927,0.7764381123531567,0.8418657469019611,0.11380938572285176,0.6389977413924584,1.4769973601525006,-0.3888008986421099,-0.10052917088631763,0,1
930,0.9672121956140478,0.5588559211154311,0.11380938572285176,0.7721646993983362,1.4769973601525006,-0.3888008986421099,-0.10052917088631763,0,1
1172,-1.7799346033427872,1.0682736075311852,1.5698411429067274,1.8945719168764497,0.5466309751060695,-0.3888008986421099,-0.10052917088631763,1,1
3805,0.6238188457444436,-0.8561932078172175,0.11380938572285176,-0.5785287318041391,-0.3837354099403615,-0.3888008986421099,-0.10052917088631763,2,0
56,-0.7879093703861523,-1.4788148245475827,-1.342222371461024,-1.187291968402438,-0.3837354099403615,-0.3888008986421099,-0.10052917088631763,1,1
2569,-1.3983864368210046,1.0116716423738792,0.11380938572285176,1.3048325314218476,2.4073637451989316,-0.3888008986421099,-0.10052917088631763,2,0
22,-0.7497545537339739,-0.9693971381318289,-1.342222371461024,-1.05412501039656,-0.3837354099403615,-0.3888008986421099,-0.10052917088631763,1,1
1192,-1.8562442366471437,0.2758460953289018,1.5698411429067274,1.019474764266395,1.4769973601525006,-0.3888008986421099,-0.10052917088631763,0,1
4601,0.5093543957879086,-0.23357159108685158,0.11380938572285176,0.4868069322428837,-1.3141017949867926,-0.3888008986421099,-0.10052917088631763,1,0
490,0.7001284790488002,0.8984677120592672,0.11380938572285176,0.06828220708155332,0.5466309751060695,-0.3888008986421099,-0.10052917088631763,0,1
1694,-0.597135287125261,-1.0826010684464409,-1.342222371461024,-1.3394827775520126,-0.3837354099403615,2.572010516160091,-0.10052917088631763,1,1
3519,-1.627315336734074,0.2192441301715958,0.8418252643147895,1.4189756382840286,0.5466309751060695,-0.3888008986421099,-0.10052917088631763,1,0
4896,0.3948899458313742,-0.6297853471879936,-0.614206492869086,1.1145940199848794,1.4769973601525006,-0.3888008986421099,-0.10052917088631763,0,0
2466,-1.6654701533862522,-1.1392030336037469,0.11380938572285176,0.2775445696622185,2.4073637451989316,-0.3888008986421099,-0.10052917088631763,1,0
4255,-0.13927748729912157,-0.6863873123452996,-0.614206492869086,0.12535376051264382,-1.3141017949867926,-0.3888008986421099,-0.10052917088631763,1,0
2060,0.3948899458313742,-1.025999103289135,-0.614206492869086,0.9243555085479109,-1.3141017949867926,-0.3888008986421099,-0.10052917088631763,0,0
2671,0.6619736623966218,0.049438234699677806,0.11380938572285176,1.3619040848529382,-1.3141017949867926,-0.3888008986421099,-0.10052917088631763,1,0
1157,-0.6734449204296173,-1.1958049987610528,-1.342222371461024,-0.8829103501032884,-0.3837354099403615,-0.3888008986421099,-0.10052917088631763,0,1
4383,-0.0248130373425871,-0.45997945171607557,-1.342222371461024,0.06828220708155332,-0.3837354099403615,-0.3888008986421099,-0.10052917088631763,1,0
636,-0.7115997370817956,-0.8561932078172175,-1.342222371461024,-1.4346020332704967,-0.3837354099403615,-0.3888008986421099,-0.10052917088631763,1,1
158,-1.7799346033427872,1.1248755726884911,1.5698411429067274,1.95164347030754,0.5466309751060695,-0.3888008986421099,-0.10052917088631763,1,1
3337,0.8527477456575133,-1.7618246503341126,1.5698411429067274,-0.33121866693608026,0.5466309751060695,-0.3888008986421099,-0.10052917088631763,0,0
391,0.7764381123531567,1.5776912939469385,0.11380938572285176,0.9624032108353046,1.4769973601525006,-0.3888008986421099,-0.10052917088631763,1,1
2987,-0.25374193725565647,0.1626421650142898,0.11380938572285176,-0.9209580523906822,-0.3837354099403615,-0.3888008986421099,-0.10052917088631763,0,0
4627,-0.33005157056001305,0.3890500256435138,0.11380938572285176,-0.8448626478158948,-0.3837354099403615,-0.3888008986421099,-0.10052917088631763,2,0
2872,0.7382832957009784,-1.309008929075665,0.11380938572285176,0.2775445696622185,-1.3141017949867926,-0.3888008986421099,-0.10052917088631763,0,0
4947,1.119831462222761,0.1060401998569838,0.11380938572285176,0.08730605822525014,-0.3837354099403615,-0.3888008986421099,-0.10052917088631763,1,0
1652,-1.7799346033427872,0.7286618165873492,2.297857021498665,0.7911885505420331,0.5466309751060695,-0.3888008986421099,-0.10052917088631763,1,1
4816,1.3106055454836525,-0.912795172974523,0.11380938572285176,-0.6165764340915327,-0.3837354099403615,-0.3888008986421099,-0.10052917088631763,0,0
2654,-0.7497545537339739,-0.23357159108685158,0.8418252643147895,0.1634014628000375,2.4073637451989316,-0.3888008986421099,-0.10052917088631763,1,0
4583,1.2724507288314741,-1.1958049987610528,-1.342222371461024,0.1634014628000375,-1.3141017949867926,-0.3888008986421099,-0.10052917088631763,0,0
2386,1.2342959121792958,-0.2901735562441576,-0.614206492869086,-0.44536177379826125,-1.3141017949867926,-0.3888008986421099,-0.10052917088631763,1,0
848,0.8145929290053351,1.2380795030031027,0.8418252643147895,0.46778308109918687,2.4073637451989316,-0.3888008986421099,-0.10052917088631763,0,1
1060,0.47119957913573035,1.1814775378457971,-1.342222371461024,2.0467627260260244,-0.3837354099403615,-0.3888008986421099,-0.10052917088631763,1,1
1362,0.6619736623966218,0.9550696772165732,0.8418252643147895,1.3238563825655445,1.4769973601525006,-0.3888008986421099,-0.10052917088631763,0,1
2146,1.5013796287445436,-0.23357159108685158,-0.614206492869086,-0.6736479875226233,-0.3837354099403615,-0.3888008986421099,-0.10052917088631763,1,0
2726,0.3948899458313742,-0.6863873123452996,-1.342222371461024,-0.19805170893020238,2.4073637451989316,-0.3888008986421099,-0.10052917088631763,1,0
301,-0.48267083716872605,-0.9693971381318289,-1.342222371461024,-0.9780296058217727,-0.3837354099403615,-0.3888008986421099,-0.10052917088631763,0,1
4281,0.9290573789618695,1.1248755726884911,0.8418252643147895,0.9433793596916078,-0.3837354099403615,-0.3888008986421099,-0.10052917088631763,0,0
3890,0.7001284790488002,-1.1392030336037469,-0.614206492869086,0.8672839551168204,-0.3837354099403615,-0.3888008986421099,-0.10052917088631763,0,0
4620,0.43304476248355206,-0.45997945171607557,0.11380938572285176,-0.045860899780627705,-0.3837354099403615,-0.3888008986421099,-0.10052917088631763,0,0
122,-0.6734449204296173,-1.4788148245475827,-1.342222371461024,-1.282411224120922,-0.3837354099403615,-0.3888008986421099,-0.10052917088631763,1,1
3095,0.6238188457444436,-0.5165814168733815,-0.614206492869086,0.5438784856739742,-0.3837354099403615,-0.3888008986421099,-0.10052917088631763,1,0
1757,-1.8180894199949655,0.8418657469019611,2.297857021498665,0.8482601039731236,0.5466309751060695,-0.3888008986421099,-0.10052917088631763,1,1
1666,-1.6654701533862522,-0.9693971381318289,1.5698411429067274,-0.5214571783730486,1.4769973601525006,-0.3888008986421099,-0.10052917088631763,0,1
291,-0.6734449204296173,-1.4788148245475827,-1.342222371461024,-1.4155781821267999,-0.3837354099403615,-0.3888008986421099,-0.10052917088631763,1,1
2553,-1.0549930869514001,-1.9882325109633363,1.5698411429067274,1.4379994894277255,-0.3837354099403615,-0.3888008986421099,-0.10052917088631763,1,0
2305,-0.25374193725565647,-1.0826010684464409,-0.614206492869086,-0.026837048636930864,-1.3141017949867926,-0.3888008986421099,-0.10052917088631763,1,0
4429,-0.13927748729912157,-1.309008929075665,-1.342222371461024,-0.9019342012469853,-1.3141017949867926,2.572010516160091,-0.10052917088631763,0,0
2966,0.8909025623096917,-0.2901735562441576,0.11380938572285176,0.25852071851852165,-0.3837354099403615,-0.3888008986421099,-0.10052917088631763,1,0
2376,0.547509212440087,-1.1958049987610528,-0.614206492869086,-0.8068149455285011,-0.3837354099403615,-0.3888008986421099,-0.10052917088631763,0,0
3434,1.1579862788749393,0.8984677120592672,-0.614206492869086,0.220473016231128,-1.3141017949867926,2.572010516160091,-0.10052917088631763,1,0
4015,0.8909025623096917,0.3324480604862078,0.11380938572285176,-0.825838796672198,-0.3837354099403615,-0.3888008986421099,-0.10052917088631763,1,0
3941,0.0133417793095912,-0.0637656956149342,-0.614206492869086,0.04925835593785648,-0.3837354099403615,-0.3888008986421099,-0.10052917088631763,1,0
4608,1.119831462222761,-1.7052226851768066,0.8418252643147895,0.9433793596916078,1.4769973601525006,-0.3888008986421099,-0.10052917088631763,1,0
4393,-0.33005157056001305,-0.9693971381318289,-1.342222371461024,-0.5595048806604422,-0.3837354099403615,-0.3888008986421099,-0.10052917088631763,0,0
2,0.8527477456575133,0.7852637817446552,0.8418252643147895,1.133617871128576,2.4073637451989316,-0.3888008986421099,-0.10052917088631763,0,1
147,0.7001284790488002,1.1248755726884911,0.11380938572285176,0.6960692948235488,1.4769973601525006,-0.3888008986421099,-0.10052917088631763,1,1
47,-0.6734449204296173,-0.9693971381318289,-1.342222371461024,-1.05412501039656,-0.3837354099403615,-0.3888008986421099,-0.10052917088631763,1,1
1615,-0.5589804704730826,-1.025999103289135,-1.342222371461024,-1.3775304798394061,-0.3837354099403615,-0.3888008986421099,-0.10052917088631763,1,1
4651,0.9290573789618695,-0.17696962592954618,0.8418252643147895,0.3155922719496122,-0.3837354099403615,-0.3888008986421099,-0.10052917088631763,0,0
3984,0.0514965959617695,-0.8561932078172175,0.8418252643147895,1.038498615410092,-1.3141017949867926,-0.3888008986421099,-0.10052917088631763,1,0
731,-0.5589804704730826,-1.422212859390277,-1.342222371461024,-1.4155781821267999,-0.3837354099403615,-0.3888008986421099,-0.10052917088631763,0,1
1938,-0.8260641870383305,-1.1392030336037469,-1.342222371461024,-1.1302204149713473,-0.3837354099403615,-0.3888008986421099,-0.10052917088631763,0,1
1001,1.119831462222761,1.5776912939469385,0.11380938572285176,1.0575224665537888,1.4769973601525006,2.572010516160091,9.94736145920113,0,1
4421,0.7382832957009784,0.3324480604862078,0.11380938572285176,0.18242531394373432,-0.3837354099403615,-0.3888008986421099,-0.10052917088631763,1,0
370,-1.8180894199949655,0.5588559211154311,1.5698411429067274,1.2097132757033635,0.5466309751060695,-0.3888008986421099,-0.10052917088631763,1,1
2080,1.0053670122662262,-0.45997945171607557,0.11380938572285176,1.2287371268470604,0.5466309751060695,-0.3888008986421099,-0.10052917088631763,1,0
4213,-1.5128508867775392,-0.6863873123452996,-0.614206492869086,-1.187291968402438,0.5466309751060695,-0.3888008986421099,-0.10052917088631763,1,0
4224,-1.5891605200818957,-1.1958049987610528,-0.614206492869086,1.133617871128576,2.4073637451989316,-0.3888008986421099,-0.10052917088631763,1,0
1032,-1.7799346033427872,1.1814775378457971,0.11380938572285176,1.7614049588705718,-0.3837354099403615,-0.3888008986421099,-0.10052917088631763,1,1
2605,1.0435218289184045,0.3324480604862078,0.11380938572285176,0.9243555085479109,-0.3837354099403615,-0.3888008986421099,-0.10052917088631763,0,0
4381,0.1278062292661261,-0.23357159108685158,-0.614206492869086,0.9814270619790014,-1.3141017949867926,-0.3888008986421099,-0.10052917088631763,1,0
3703,0.1659610459183044,1.4078853984750206,0.8418252643147895,-0.42633792265456444,-1.3141017949867926,-0.3888008986421099,-0.10052917088631763,2,0
4462,-0.21558712060347818,-0.5165814168733815,-0.614206492869086,0.4297353788117932,-0.3837354099403615,-0.3888008986421099,-0.10052917088631763,0,0
4506,0.7382832957009784,0.3890500256435138,-0.614206492869086,-0.8638864989595917,-0.3837354099403615,-0.3888008986421099,9.94736145920113,0,0
2507,-1.5510057034297173,0.2192441301715958,0.11380938572285176,-0.597552582947836,1.4769973601525006,-0.3888008986421099,-0.10052917088631763,1,0
3144,0.8909025623096917,-0.17696962592954618,0.8418252643147895,-1.3014350752646189,-1.3141017949867926,-0.3888008986421099,-0.10052917088631763,0,0
502,0.3185803125270176,-0.8561932078172175,0.8418252643147895,-0.7877910943848043,1.4769973601525006,-0.3888008986421099,-0.10052917088631763,2,1
4174,0.6238188457444436,-1.1392030336037469,-0.614206492869086,-0.6165764340915327,-0.3837354099403615,-0.3888008986421099,-0.10052917088631763,1,0
504,-0.5589804704730826,-1.1958049987610528,-1.342222371461024,-0.9019342012469853,-0.3837354099403615,-0.3888008986421099,-0.10052917088631763,0,1
603,-1.8180894199949655,0.6720598514300432,2.297857021498665,0.9053316574042141,0.5466309751060695,-0.3888008986421099,-0.10052917088631763,1,1
473,1.1961410955271177,0.7286618165873492,0.8418252643147895,1.2097132757033635,1.4769973601525006,-0.3888008986421099,-0.10052917088631763,1,1
2890,1.4632248120923652,-0.17696962592954618,-0.614206492869086,0.220473016231128,-1.3141017949867926,2.572010516160091,-0.10052917088631763,1,0
1604,-0.5208256538209044,-1.1958049987610528,-1.342222371461024,-1.0921727126839538,-0.3837354099403615,-0.3888008986421099,-0.10052917088631763,1,1
1517,-0.6734449204296173,-1.252406963918359,-1.342222371461024,-1.4346020332704967,-0.3837354099403615,-0.3888008986421099,-0.10052917088631763,1,1
3790,1.5776892620489003,-0.5731833820306875,0.11380938572285176,-1.187291968402438,-1.3141017949867926,2.572010516160091,-0.10052917088631763,1,0
2233,-0.06296785399476497,-0.5731833820306875,-0.614206492869086,-0.9209580523906822,-1.3141017949867926,-0.3888008986421099,-0.10052917088631763,1,0
1821,-0.5589804704730826,-1.1392030336037469,-1.342222371461024,-1.2633873729772251,-0.3837354099403615,-0.3888008986421099,-0.10052917088631763,0,1
2387,1.0053670122662262,-1.1958049987610528,1.5698411429067274,-1.168268117258741,-1.3141017949867926,2.572010516160091,-0.10052917088631763,1,0
99,-1.7799346033427872,1.4078853984750206,1.5698411429067274,1.5521425962899065,0.5466309751060695,-0.3888008986421099,-0.10052917088631763,1,1
2768,-0.6734449204296173,-1.422212859390277,0.8418252643147895,-1.7960552050007366,-0.3837354099403615,-0.3888008986421099,-0.10052917088631763,0,0
546,0.7764381123531567,1.5776912939469385,0.8418252643147895,0.6389977413924584,1.4769973601525006,-0.3888008986421099,-0.10052917088631763,0,1
2633,0.3948899458313742,-0.17696962592954618,0.11380938572285176,0.4297353788117932,-1.3141017949867926,-0.3888008986421099,-0.10052917088631763,1,0
1978,-0.597135287125261,-1.309008929075665,-1.342222371461024,-0.9399819035343789,-0.3837354099403615,-0.3888008986421099,-0.10052917088631763,0,1
2137,0.6238188457444436,0.5588559211154311,0.11380938572285176,-1.1492442661150442,-1.3141017949867926,-0.3888008986421099,-0.10052917088631763,0,0
141,-1.8562442366471437,1.3512834333177146,1.5698411429067274,0.8102124016857299,0.5466309751060695,-0.3888008986421099,-0.10052917088631763,1,1
3314,-0.17743230395129986,0.049438234699677806,0.11380938572285176,0.46778308109918687,-0.3837354099403615,-0.3888008986421099,-0.10052917088631763,0,0
929,0.7382832957009784,1.0682736075311852,0.8418252643147895,1.1145940199848794,2.4073637451989316,-0.3888008986421099,-0.10052917088631763,0,1
1267,-0.48267083716872605,-1.0826010684464409,-1.342222371461024,-1.0160773081091663,-0.3837354099403615,-0.3888008986421099,-0.10052917088631763,1,1
4866,1.0435218289184045,0.3890500256435138,-0.614206492869086,0.2775445696622185,-1.3141017949867926,-0.3888008986421099,-0.10052917088631763,0,0
1510,-0.5208256538209044,-1.1392030336037469,-1.342222371461024,-1.4155781821267999,-0.3837354099403615,-0.3888008986421099,-0.10052917088631763,0,1
2479,-0.36820638721219134,0.6720598514300432,0.11380938572285176,0.4868069322428837,-0.3837354099403615,-0.3888008986421099,-0.10052917088631763,0,0
1396,-0.48267083716872605,-1.1958049987610528,-1.342222371461024,-0.8829103501032884,-0.3837354099403615,-0.3888008986421099,-0.10052917088631763,0,1
1436,-0.5589804704730826,-1.5354167897048887,-1.342222371461024,-1.073148861540257,-0.3837354099403615,-0.3888008986421099,-0.10052917088631763,0,1
3211,0.47119957913573035,0.8984677120592672,-0.614206492869086,-0.6926718386663201,1.4769973601525006,-0.3888008986421099,-0.10052917088631763,1,0
2452,0.7382832957009784,-0.0637656956149342,0.11380938572285176,0.3916876765243995,-0.3837354099403615,-0.3888008986421099,-0.10052917088631763,2,0
3012,1.1961410955271177,0.049438234699677806,-0.614206492869086,0.14437761165634067,-1.3141017949867926,-0.3888008986421099,-0.10052917088631763,1,0
3567,0.43304476248355206,-0.23357159108685158,-0.614206492869086,-0.9780296058217727,-0.3837354099403615,2.572010516160091,-0.10052917088631763,1,0
3957,-0.5208256538209044,-0.9693971381318289,-0.614206492869086,-0.6165764340915327,-0.3837354099403615,2.572010516160091,-0.10052917088631763,1,0
184,-1.7799346033427872,0.4456519908008198,1.5698411429067274,1.5711664474336033,0.5466309751060695,-0.3888008986421099,-0.10052917088631763,0,1
4862,-0.21558712060347818,1.0682736075311852,0.8418252643147895,-0.17902785778650554,-1.3141017949867926,-0.3888008986421099,-0.10052917088631763,1,0
3331,0.9290573789618695,1.5210893287896325,-0.614206492869086,-0.1409801554991119,-1.3141017949867926,-0.3888008986421099,-0.10052917088631763,2,0
1508,-0.5589804704730826,-1.365610894232971,-1.342222371461024,-1.0160773081091663,-0.3837354099403615,-0.3888008986421099,-0.10052917088631763,0,1
1936,-0.7115997370817956,-1.5354167897048887,-1.342222371461024,-1.187291968402438,-0.3837354099403615,-0.3888008986421099,-0.10052917088631763,0,1
4995,1.3869151787880087,-0.7429892775026056,0.8418252643147895,0.9053316574042141,-0.3837354099403615,-0.3888008986421099,-0.10052917088631763,1,0
1924,0.0514965959617695,1.5776912939469385,-1.342222371461024,-0.9019342012469853,1.4769973601525006,-0.3888008986421099,-0.10052917088631763,1,1
3189,1.4250699954401869,0.7852637817446552,0.8418252643147895,-1.1302204149713473,-0.3837354099403615,-0.3888008986421099,-0.10052917088631763,0,0
3539,-0.13927748729912157,-0.007163730457628193,-0.614206492869086,-1.0351011592528632,0.5466309751060695,-0.3888008986421099,-0.10052917088631763,0,0
859,0.6238188457444436,1.5776912939469385,0.11380938572285176,0.9624032108353046,1.4769973601525006,-0.3888008986421099,-0.10052917088631763,1,1
3309,-0.597135287125261,0.1060401998569838,1.5698411429067274,0.29656842080591533,2.4073637451989316,-0.3888008986421099,-0.10052917088631763,0,0
2105,-1.5510057034297173,0.049438234699677806,0.8418252643147895,1.0575224665537888,0.5466309751060695,-0.3888008986421099,-0.10052917088631763,0,0
4493,1.0816766455705826,-0.23357159108685158,0.11380938572285176,-0.6165764340915327,-1.3141017949867926,-0.3888008986421099,-0.10052917088631763,1,0
880,0.9290573789618695,1.4078853984750206,0.8418252643147895,1.152641722272273,1.4769973601525006,-0.3888008986421099,-0.10052917088631763,0,1
3000,0.9672121956140478,0.2758460953289018,-0.614206492869086,0.4868069322428837,-0.3837354099403615,-0.3888008986421099,-0.10052917088631763,0,0
3256,-0.36820638721219134,-0.8561932078172175,0.8418252643147895,0.46778308109918687,-0.3837354099403615,-0.3888008986421099,-0.10052917088631763,0,0
1054,-1.8562442366471437,0.3324480604862078,1.5698411429067274,0.7911885505420331,0.5466309751060695,-0.3888008986421099,-0.10052917088631763,1,1
4682,0.2804254958748393,0.9550696772165732,0.11380938572285176,0.7150931459672457,-0.3837354099403615,-0.3888008986421099,-0.10052917088631763,1,0
2106,0.5093543957879086,-0.8561932078172175,-0.614206492869086,0.12535376051264382,-1.3141017949867926,-0.3888008986421099,-0.10052917088631763,0,0
2424,1.0816766455705826,-0.7995912426599115,-0.614206492869086,-0.9780296058217727,-1.3141017949867926,-0.3888008986421099,-0.10052917088631763,1,0
1945,0.7001284790488002,0.9550696772165732,0.8418252643147895,0.6770454436798521,1.4769973601525006,-0.3888008986421099,-0.10052917088631763,2,1
3489,0.6238188457444436,-0.5731833820306875,0.11380938572285176,1.3238563825655445,-1.3141017949867926,-0.3888008986421099,-0.10052917088631763,1,0
2416,1.3106055454836525,1.4078853984750206,0.11380938572285176,0.6770454436798521,1.4769973601525006,2.572010516160091,-0.10052917088631763,0,0
676,-0.5589804704730826,-0.8561932078172175,-1.342222371461024,-1.4346020332704967,-0.3837354099403615,-0.3888008986421099,-0.10052917088631763,1,1
2952,0.8527477456575133,-0.9693971381318289,-1.342222371461024,0.18242531394373432,-0.3837354099403615,-0.3888008986421099,-0.10052917088631763,0,0
3106,-1.2839219868644698,-0.12036766077224019,0.8418252643147895,-1.05412501039656,2.4073637451989316,2.572010516160091,-0.10052917088631763,0,0
302,-1.7417797866906088,1.5776912939469385,-0.614206492869086,1.4379994894277255,0.5466309751060695,-0.3888008986421099,-0.10052917088631763,0,1
882,1.1961410955271177,1.5776912939469385,0.8418252643147895,0.9624032108353046,1.4769973601525006,-0.3888008986421099,-0.10052917088631763,0,1
3618,-1.322076803516648,-0.45997945171607557,0.8418252643147895,-0.9970534569654695,1.4769973601525006,-0.3888008986421099,-0.10052917088631763,0,0
2316,0.7764381123531567,0.2192441301715958,0.8418252643147895,-0.6546241363789265,0.5466309751060695,2.572010516160091,-0.10052917088631763,1,0
780,-1.7799346033427872,1.0116716423738792,2.297857021498665,0.8482601039731236,0.5466309751060695,-0.3888008986421099,-0.10052917088631763,0,1
3550,1.0816766455705826,-1.1958049987610528,0.11380938572285176,-0.9590057546780758,-0.3837354099403615,-0.3888008986421099,-0.10052917088631763,1,0
3361,-0.21558712060347818,-0.5165814168733815,0.11380938572285176,0.5629023368176711,-0.3837354099403615,-0.3888008986421099,-0.10052917088631763,1,0
4642,0.1659610459183044,-1.0826010684464409,0.8418252643147895,-0.6356002852352296,-0.3837354099403615,-0.3888008986421099,-0.10052917088631763,1,0
4290,0.8527477456575133,-1.7618246503341126,-0.614206492869086,-0.2741471135049897,0.5466309751060695,-0.3888008986421099,-0.10052917088631763,2,0
4276,1.1579862788749393,-0.7995912426599115,0.8418252643147895,1.2097132757033635,-0.3837354099403615,2.572010516160091,-0.10052917088631763,0,0
879,-0.7497545537339739,-1.422212859390277,-1.342222371461024,-1.1302204149713473,-0.3837354099403615,-0.3888008986421099,-0.10052917088631763,1,1
1047,1.0816766455705826,1.5776912939469385,0.11380938572285176,0.9053316574042141,2.4073637451989316,-0.3888008986421099,-0.10052917088631763,0,1
3642,-1.5510057034297173,0.6720598514300432,0.8418252643147895,0.25852071851852165,0.5466309751060695,-0.3888008986421099,-0.10052917088631763,0,0
1687,-1.3602316201688263,0.7852637817446552,0.11380938572285176,1.723357256583178,-0.3837354099403615,-0.3888008986421099,-0.10052917088631763,1,1
2472,-0.17743230395129986,-0.17696962592954618,0.11380938572285176,0.25852071851852165,-1.3141017949867926,-0.3888008986421099,-0.10052917088631763,1,0
4621,1.0435218289184045,-0.6863873123452996,0.11380938572285176,1.038498615410092,-0.3837354099403615,-0.3888008986421099,-0.10052917088631763,0,0
2823,0.9290573789618695,1.5210893287896325,0.8418252643147895,0.9433793596916078,-0.3837354099403615,2.572010516160091,-0.10052917088631763,1,0
104,-1.8562442366471437,1.2380795030031027,2.297857021498665,1.2287371268470604,0.5466309751060695,-0.3888008986421099,-0.10052917088631763,0,1
469,1.2342959121792958,1.1248755726884911,0.8418252643147895,0.8102124016857299,1.4769973601525006,-0.3888008986421099,-0.10052917088631763,1,1
3829,0.0133417793095912,0.3890500256435138,0.8418252643147895,1.133617871128576,-1.3141017949867926,-0.3888008986421099,-0.10052917088631763,2,0
1692,-0.7115997370817956,-0.912795172974523,-1.342222371461024,-0.8068149455285011,-0.3837354099403615,-0.3888008986421099,-0.10052917088631763,1,1
632,-0.9023738203426869,-0.2901735562441576,0.11380938572285176,-1.168268117258741,-1.3141017949867926,-0.3888008986421099,-0.10052917088631763,1,1
1506,-0.7879093703861523,-1.4788148245475827,-1.342222371461024,-0.8638864989595917,-0.3837354099403615,-0.3888008986421099,-0.10052917088631763,0,1
2548,1.3869151787880087,1.0682736075311852,0.8418252643147895,0.9814270619790014,-0.3837354099403615,-0.3888008986421099,-0.10052917088631763,1,0
2299,0.0896514126139478,-0.45997945171607557,-1.342222371461024,-1.2443635218335283,1.4769973601525006,-0.3888008986421099,-0.10052917088631763,0,0
2589,-0.21558712060347818,0.6720598514300432,-1.342222371461024,0.44875922995549006,-0.3837354099403615,-0.3888008986421099,-0.10052917088631763,1,0
3360,0.7764381123531567,1.3512834333177146,0.11380938572285176,-1.7389836515696462,-1.3141017949867926,-0.3888008986421099,-0.10052917088631763,2,0
2522,0.8527477456575133,1.3512834333177146,0.11380938572285176,1.247760977990757,-0.3837354099403615,-0.3888008986421099,-0.10052917088631763,0,0
4712,0.5856640290922652,-1.252406963918359,0.11380938572285176,0.4107115276680964,0.5466309751060695,2.572010516160091,-0.10052917088631763,1,0
3289,-0.13927748729912157,-1.252406963918359,0.11380938572285176,0.4107115276680964,-0.3837354099403615,-0.3888008986421099,-0.10052917088631763,1,0
3005,-0.597135287125261,0.9550696772165732,1.5698411429067274,-0.2741471135049897,1.4769973601525006,2.572010516160091,-0.10052917088631763,1,0
4191,0.7001284790488002,-1.0826010684464409,1.5698411429067274,1.495071042858816,-0.3837354099403615,-0.3888008986421099,-0.10052917088631763,0,0
2982,1.3487603621358308,-1.365610894232971,-0.614206492869086,-1.05412501039656,-0.3837354099403615,-0.3888008986421099,-0.10052917088631763,1,0
1693,-0.48267083716872605,-1.422212859390277,-1.342222371461024,-0.9970534569654695,-0.3837354099403615,-0.3888008986421099,-0.10052917088631763,1,1
1606,-0.5589804704730826,-1.025999103289135,-1.342222371461024,-0.9399819035343789,-0.3837354099403615,-0.3888008986421099,-0.10052917088631763,1,1
2818,1.5776892620489003,1.5776912939469385,0.11380938572285176,0.3916876765243995,-1.3141017949867926,2.572010516160091,-0.10052917088631763,1,0
4135,1.6158440787010784,1.4078853984750206,-0.614206492869086,0.25852071851852165,-0.3837354099403615,2.572010516160091,-0.10052917088631763,1,0
1956,-1.8562442366471437,0.5022539559581258,1.5698411429067274,1.038498615410092,0.5466309751060695,-0.3888008986421099,-0.10052917088631763,1,1
3055,0.242270679222661,-1.7052226851768066,0.8418252643147895,1.5331187451462096,1.4769973601525006,-0.3888008986421099,-0.10052917088631763,1,0
1447,-0.7879093703861523,-0.8561932078172175,-1.342222371461024,-0.8638864989595917,-0.3837354099403615,-0.3888008986421099,-0.10052917088631763,1,1
3634,1.1579862788749393,-0.7995912426599115,0.11380938572285176,-1.05412501039656,0.5466309751060695,-0.3888008986421099,-0.10052917088631763,0,0
778,-1.7799346033427872,1.1814775378457971,1.5698411429067274,1.742381107726875,0.5466309751060695,-0.3888008986421099,-0.10052917088631763,0,1
4303,0.3185803125270176,1.5776912939469385,0.8418252643147895,-1.0921727126839538,-1.3141017949867926,-0.3888008986421099,-0.10052917088631763,1,0
1737,-1.7799346033427872,1.3512834333177146,2.297857021498665,0.7911885505420331,0.5466309751060695,-0.3888008986421099,-0.10052917088631763,1,1
2145,1.4632248120923652,-0.6863873123452996,0.11380938572285176,-0.33121866693608026,-0.3837354099403615,-0.3888008986421099,-0.10052917088631763,0,0
1937,-1.7799346033427872,1.4078853984750206,1.5698411429067274,2.0467627260260244,0.5466309751060695,-0.3888008986421099,-0.10052917088631763,0,1
4477,1.0816766455705826,-0.6863873123452996,0.8418252643147895,-1.3014350752646189,-1.3141017949867926,2.572010516160091,-0.10052917088631763,1,0
3348,-0.48267083716872605,-1.8750285806487244,0.11380938572285176,1.3809279359966349,-0.3837354099403615,-0.3888008986421099,-0.10052917088631763,0,0
3050,0.9672121956140478,0.3890500256435138,0.11380938572285176,-1.1302204149713473,-0.3837354099403615,-0.3888008986421099,-0.10052917088631763,1,0
3985,0.0514965959617695,1.1814775378457971,-0.614206492869086,1.1906894245596666,-0.3837354099403615,2.572010516160091,-0.10052917088631763,1,0
4187,0.43304476248355206,-0.17696962592954618,0.8418252643147895,-0.8068149455285011,-0.3837354099403615,-0.3888008986421099,-0.10052917088631763,0,0
3249,0.7001284790488002,-0.5731833820306875,-0.614206492869086,-0.9970534569654695,-1.3141017949867926,2.572010516160091,-0.10052917088631763,0,0
183,1.1961410955271177,1.5210893287896325,0.8418252643147895,1.038498615410092,1.4769973601525006,-0.3888008986421099,-0.10052917088631763,0,1
2930,-0.9786834536470435,0.5022539559581258,-1.342222371461024,0.8863078062605173,-0.3837354099403615,-0.3888008986421099,-0.10052917088631763,1,0
3396,-0.9023738203426869,-0.5731833820306875,-0.614206492869086,-1.5867928424200715,-1.3141017949867926,-0.3888008986421099,-0.10052917088631763,1,0
4742,0.1278062292661261,-1.252406963918359,0.11380938572285176,1.3048325314218476,-0.3837354099403615,2.572010516160091,-0.10052917088631763,0,0
1336,1.119831462222761,1.0116716423738792,-0.614206492869086,1.9896911725949338,1.4769973601525006,-0.3888008986421099,-0.10052917088631763,1,1
4065,0.1278062292661261,-0.45997945171607557,0.11380938572285176,-0.026837048636930864,-0.3837354099403615,-0.3888008986421099,-0.10052917088631763,1,0
4884,0.7764381123531567,1.2946814681604086,-0.614206492869086,0.8863078062605173,0.5466309751060695,-0.3888008986421099,-0.10052917088631763,1,0
3099,-0.5208256538209044,-1.8184266154914184,-0.614206492869086,-1.5677689912763746,2.4073637451989316,-0.3888008986421099,-0.10052917088631763,1,0
3045,0.5093543957879086,1.0116716423738792,-0.614206492869086,1.133617871128576,-1.3141017949867926,2.572010516160091,-0.10052917088631763,1,0
3925,1.0816766455705826,0.6154578862727372,0.8418252643147895,0.10632990936894698,-1.3141017949867926,2.572010516160091,-0.10052917088631763,0,0
4045,1.3869151787880087,0.2192441301715958,0.11380938572285176,0.5438784856739742,-0.3837354099403615,2.572010516160091,-0.10052917088631763,2,0
2787,1.1579862788749393,-1.1392030336037469,0.11380938572285176,-0.6926718386663201,-1.3141017949867926,-0.3888008986421099,-0.10052917088631763,1,0
2494,-0.6734449204296173,1.5210893287896325,0.11380938572285176,0.220473016231128,2.4073637451989316,2.572010516160091,-0.10052917088631763,0,0
1077,-1.8562442366471437,0.3890500256435138,1.5698411429067274,1.3999517871403317,0.5466309751060695,-0.3888008986421099,-0.10052917088631763,0,1
2341,-0.36820638721219134,-0.9693971381318289,-0.614206492869086,0.4868069322428837,-1.3141017949867926,-0.3888008986421099,-0.10052917088631763,1,0
4581,0.7764381123531567,1.4644873636323266,0.11380938572285176,-0.8638864989595917,-0.3837354099403615,-0.3888008986421099,-0.10052917088631763,0,0
1514,1.0053670122662262,1.1814775378457971,0.11380938572285176,0.9053316574042141,1.4769973601525006,-0.3888008986421099,-0.10052917088631763,0,1
1448,-1.7799346033427872,0.9550696772165732,1.5698411429067274,0.9053316574042141,0.5466309751060695,-0.3888008986421099,-0.10052917088631763,1,1
4482,0.6619736623966218,-0.4033774865587696,0.11380938572285176,-1.0351011592528632,-1.3141017949867926,-0.3888008986421099,-0.10052917088631763,1,0
4443,0.242270679222661,-1.1392030336037469,-0.614206492869086,0.3916876765243995,-0.3837354099403615,-0.3888008986421099,-0.10052917088631763,1,0
2264,1.2724507288314741,1.4078853984750206,-0.614206492869086,-0.6736479875226233,-1.3141017949867926,-0.3888008986421099,-0.10052917088631763,1,0
662,-0.7115997370817956,-1.4788148245475827,-1.342222371461024,-1.2633873729772251,-0.3837354099403615,-0.3888008986421099,-0.10052917088631763,0,1
1842,1.0053670122662262,1.5776912939469385,0.8418252643147895,0.7531408482546395,1.4769973601525006,-0.3888008986421099,-0.10052917088631763,1,1
3711,-0.9023738203426869,-1.4788148245475827,-1.342222371461024,-0.6356002852352296,-1.3141017949867926,2.572010516160091,-0.10052917088631763,1,0
2283,1.3869151787880087,-1.1958049987610528,-0.614206492869086,-0.8068149455285011,-1.3141017949867926,-0.3888008986421099,-0.10052917088631763,1,0
2003,-0.48267083716872605,-0.17696962592954618,0.8418252643147895,-0.17902785778650554,-0.3837354099403615,-0.3888008986421099,-0.10052917088631763,1,0
4747,1.3487603621358308,1.1248755726884911,-0.614206492869086,0.8672839551168204,-1.3141017949867926,-0.3888008986421099,-0.10052917088631763,0,0
668,1.2724507288314741,1.4078853984750206,0.11380938572285176,1.3619040848529382,2.4073637451989316,-0.3888008986421099,-0.10052917088631763,1,1
2519,0.2041158625704827,1.4644873636323266,0.11380938572285176,-0.5214571783730486,-1.3141017949867926,-0.3888008986421099,-0.10052917088631763,0,0
3522,0.8145929290053351,-0.2901735562441576,0.11380938572285176,1.2287371268470604,-0.3837354099403615,-0.3888008986421099,-0.10052917088631763,1,0
2521,0.8909025623096917,0.2192441301715958,0.11380938572285176,-0.48340947608565493,-0.3837354099403615,-0.3888008986421099,-0.10052917088631763,0,0
1323,0.7764381123531567,0.7852637817446552,0.11380938572285176,0.8863078062605173,1.4769973601525006,-0.3888008986421099,-0.10052917088631763,0,1
2085,0.2041158625704827,-0.7429892775026056,0.8418252643147895,0.4107115276680964,-0.3837354099403615,-0.3888008986421099,-0.10052917088631763,1,0
718,-1.7799346033427872,0.3324480604862078,1.5698411429067274,0.7721646993983362,0.5466309751060695,-0.3888008986421099,-0.10052917088631763,1,1
2260,0.7382832957009784,1.5210893287896325,0.11380938572285176,-0.9399819035343789,-0.3837354099403615,2.572010516160091,-0.10052917088631763,0,0
1629,-0.6734449204296173,-1.025999103289135,-1.342222371461024,-0.8829103501032884,-0.3837354099403615,-0.3888008986421099,-0.10052917088631763,0,1
1459,-0.6734449204296173,-1.252406963918359,-1.342222371461024,-1.2633873729772251,-0.3837354099403615,-0.3888008986421099,-0.10052917088631763,1,1
2170,-0.0248130373425871,0.5022539559581258,-0.614206492869086,-1.1492442661150442,-1.3141017949867926,-0.3888008986421099,-0.10052917088631763,0,0
2661,0.3185803125270176,-1.4788148245475827,0.11380938572285176,0.030234504794159643,0.5466309751060695,-0.3888008986421099,-0.10052917088631763,1,0
3438,1.3106055454836525,0.5588559211154311,-0.614206492869086,-0.33121866693608026,-0.3837354099403615,-0.3888008986421099,-0.10052917088631763,1,0
4794,-0.06296785399476497,-1.1392030336037469,0.11380938572285176,-0.8448626478158948,-1.3141017949867926,-0.3888008986421099,-0.10052917088631763,1,0
3461,0.2041158625704827,-0.7429892775026056,-0.614206492869086,-0.9019342012469853,-0.3837354099403615,2.572010516160091,-0.10052917088631763,0,0
3447,0.35673512917919586,-1.5920187548621947,0.8418252643147895,0.18242531394373432,0.5466309751060695,-0.3888008986421099,-0.10052917088631763,1,0
2025,-1.2839219868644698,0.5588559211154311,0.8418252643147895,-0.44536177379826125,2.4073637451989316,-0.3888008986421099,-0.10052917088631763,0,0
644,-0.7879093703861523,-1.422212859390277,-1.342222371461024,-1.0351011592528632,-0.3837354099403615,-0.3888008986421099,-0.10052917088631763,1,1
4485,-1.5510057034297173,-1.8184266154914184,0.11380938572285176,1.5901902985773002,-0.3837354099403615,-0.3888008986421099,-0.10052917088631763,1,0
3555,1.1579862788749393,0.8984677120592672,-0.614206492869086,-0.9399819035343789,-0.3837354099403615,-0.3888008986421099,-0.10052917088631763,1,0
3449,1.2342959121792958,1.5210893287896325,0.11380938572285176,-0.23609941121759606,-1.3141017949867926,-0.3888008986421099,-0.10052917088631763,1,0
1334,-1.7799346033427872,0.9550696772165732,2.297857021498665,1.038498615410092,0.5466309751060695,-0.3888008986421099,-0.10052917088631763,1,1
2369,0.547509212440087,0.8984677120592672,-1.342222371461024,0.8482601039731236,-0.3837354099403615,-0.3888008986421099,-0.10052917088631763,0,0
1925,0.9290573789618695,0.7852637817446552,0.8418252643147895,1.038498615410092,1.4769973601525006,-0.3888008986421099,-0.10052917088631763,1,1
2867,0.2804254958748393,1.5210893287896325,0.11380938572285176,-0.045860899780627705,0.5466309751060695,-0.3888008986421099,-0.10052917088631763,1,0
2837,-0.13927748729912157,-0.45997945171607557,-0.614206492869086,0.9053316574042141,-0.3837354099403615,-0.3888008986421099,-0.10052917088631763,0,0
4124,0.2804254958748393,-0.8561932078172175,-0.614206492869086,-1.2443635218335283,0.5466309751060695,2.572010516160091,-0.10052917088631763,2,0
3180,0.0514965959617695,1.0682736075311852,0.11380938572285176,-1.1492442661150442,-0.3837354099403615,2.572010516160091,-0.10052917088631763,0,0
2863,-1.2839219868644698,-0.4033774865587696,1.5698411429067274,-0.16000400664280873,-0.3837354099403615,-0.3888008986421099,-0.10052917088631763,1,0
1669,0.9290573789618695,1.2380795030031027,0.8418252643147895,0.5629023368176711,1.4769973601525006,2.572010516160091,-0.10052917088631763,0,1
2422,0.43304476248355206,0.2192441301715958,0.8418252643147895,1.0004509131226982,2.4073637451989316,-0.3888008986421099,-0.10052917088631763,1,0
642,0.6238188457444436,1.4078853984750206,0.11380938572285176,0.4868069322428837,1.4769973601525006,-0.3888008986421099,-0.10052917088631763,1,1
1772,-1.8562442366471437,0.7852637817446552,1.5698411429067274,0.8102124016857299,0.5466309751060695,-0.3888008986421099,-0.10052917088631763,1,1
744,-1.7799346033427872,1.0116716423738792,1.5698411429067274,1.8755480657327528,0.5466309751060695,-0.3888008986421099,-0.10052917088631763,1,1
7,-1.8180894199949655,0.2758460953289018,1.5698411429067274,0.8482601039731236,0.5466309751060695,-0.3888008986421099,-0.10052917088631763,1,1
3751,1.3487603621358308,-0.5165814168733815,0.11380938572285176,0.5819261879613679,-1.3141017949867926,-0.3888008986421099,-0.10052917088631763,1,0
1776,-1.8562442366471437,1.1814775378457971,1.5698411429067274,1.3428802337092414,1.4769973601525006,-0.3888008986421099,-0.10052917088631763,1,1
3701,0.0133417793095912,0.4456519908008198,-0.614206492869086,-0.40731407151086757,0.5466309751060695,-0.3888008986421099,-0.10052917088631763,2,0
4548,0.8145929290053351,-0.4033774865587696,0.8418252643147895,0.4868069322428837,-0.3837354099403615,-0.3888008986421099,9.94736145920113,0,0
2658,-0.10112267064694327,0.2192441301715958,0.11380938572285176,0.5819261879613679,0.5466309751060695,-0.3888008986421099,-0.10052917088631763,1,0
3963,0.242270679222661,-1.252406963918359,1.5698411429067274,0.9814270619790014,2.4073637451989316,-0.3888008986421099,-0.10052917088631763,0,0
4413,-0.10112267064694327,1.1814775378457971,0.11380938572285176,0.6960692948235488,0.5466309751060695,-0.3888008986421099,-0.10052917088631763,1,0
4365,0.9290573789618695,-1.309008929075665,0.8418252643147895,-0.33121866693608026,-0.3837354099403615,-0.3888008986421099,-0.10052917088631763,1,0
354,-0.5589804704730826,-0.8561932078172175,-1.342222371461024,-1.282411224120922,-0.3837354099403615,-0.3888008986421099,-0.10052917088631763,1,1
255,0.0896514126139478,1.1248755726884911,-1.342222371461024,1.0575224665537888,1.4769973601525006,-0.3888008986421099,-0.10052917088631763,1,1
65,-1.7799346033427872,1.2380795030031027,1.5698411429067274,1.5901902985773002,0.5466309751060695,-0.3888008986421099,-0.10052917088631763,0,1
3367,0.35673512917919586,-0.6863873123452996,-0.614206492869086,-0.8638864989595917,-0.3837354099403615,-0.3888008986421099,-0.10052917088631763,1,0
3273,-0.25374193725565647,-1.6486207200195007,-0.614206492869086,0.030234504794159643,0.5466309751060695,-0.3888008986421099,-0.10052917088631763,0,0
2681,0.0896514126139478,-0.5731833820306875,0.11380938572285176,-1.282411224120922,-1.3141017949867926,2.572010516160091,-0.10052917088631763,0,0
3405,0.6238188457444436,1.0682736075311852,-1.342222371461024,1.1716655734159698,-0.3837354099403615,-0.3888008986421099,-0.10052917088631763,1,0
4988,0.0514965959617695,-0.5731833820306875,-0.614206492869086,0.3155922719496122,-0.3837354099403615,-0.3888008986421099,-0.10052917088631763,1,0
140,0.5856640290922652,0.8418657469019611,0.8418252643147895,1.038498615410092,1.4769973601525006,-0.3888008986421099,-0.10052917088631763,1,1
954,-0.6352901037774392,-0.0637656956149342,0.11380938572285176,1.8755480657327528,1.4769973601525006,-0.3888008986421099,-0.10052917088631763,1,1
937,-1.8180894199949655,1.2946814681604086,2.297857021498665,1.8755480657327528,0.5466309751060695,-0.3888008986421099,-0.10052917088631763,1,1
4540,1.0435218289184045,-1.1958049987610528,-0.614206492869086,1.1145940199848794,0.5466309751060695,-0.3888008986421099,9.94736145920113,0,0
2598,-0.06296785399476497,1.1248755726884911,0.11380938572285176,-0.5785287318041391,-1.3141017949867926,-0.3888008986421099,-0.10052917088631763,0,0
2352,0.8909025623096917,0.7286618165873492,-0.614206492869086,1.152641722272273,-0.3837354099403615,2.572010516160091,-0.10052917088631763,1,0
3089,0.6238188457444436,-0.2901735562441576,-0.614206492869086,1.3428802337092414,-0.3837354099403615,2.572010516160091,-0.10052917088631763,1,0
801,1.2724507288314741,1.4078853984750206,0.11380938572285176,0.9243555085479109,2.4073637451989316,-0.3888008986421099,-0.10052917088631763,1,1
1106,-0.7879093703861523,-1.309008929075665,-1.342222371461024,-1.3775304798394061,-0.3837354099403615,-0.3888008986421099,-0.10052917088631763,1,1
4346,0.8145929290053351,-1.309008929075665,0.8418252643147895,0.14437761165634067,-0.3837354099403615,-0.3888008986421099,-0.10052917088631763,0,0
1600,-0.6352901037774392,-1.1958049987610528,-1.342222371461024,-1.1111965638276504,-0.3837354099403615,-0.3888008986421099,-0.10052917088631763,1,1
4503,0.547509212440087,-1.309008929075665,-0.614206492869086,0.011210653650462806,-0.3837354099403615,-0.3888008986421099,9.94736145920113,0,0
2139,0.35673512917919586,-1.252406963918359,0.11380938572285176,-0.8638864989595917,-1.3141017949867926,-0.3888008986421099,-0.10052917088631763,0,0
3284,-0.13927748729912157,-0.6297853471879936,-0.614206492869086,-0.38829022036717076,-1.3141017949867926,-0.3888008986421099,-0.10052917088631763,1,0
4750,0.5093543957879086,1.4644873636323266,0.8418252643147895,0.20144916508743116,-0.3837354099403615,-0.3888008986421099,-0.10052917088631763,0,0
1864,-1.8180894199949655,0.5022539559581258,2.297857021498665,0.7911885505420331,1.4769973601525006,-0.3888008986421099,-0.10052917088631763,0,1
3856,0.47119957913573035,-0.912795172974523,0.8418252643147895,0.10632990936894698,-0.3837354099403615,-0.3888008986421099,-0.10052917088631763,0,0
1116,-0.597135287125261,-1.4788148245475827,-1.342222371461024,-1.3585066286957095,-0.3837354099403615,-0.3888008986421099,-0.10052917088631763,0,1
3935,-1.3602316201688263,-1.1958049987610528,0.11380938572285176,-1.3585066286957095,-1.3141017949867926,-0.3888008986421099,-0.10052917088631763,0,0
4415,0.1659610459183044,-0.0637656956149342,-0.614206492869086,-0.48340947608565493,-0.3837354099403615,2.572010516160091,-0.10052917088631763,1,0
3793,0.3948899458313742,1.5776912939469385,0.8418252643147895,0.011210653650462806,-1.3141017949867926,-0.3888008986421099,-0.10052917088631763,1,0
2378,0.1278062292661261,-0.9693971381318289,0.8418252643147895,1.2097132757033635,-1.3141017949867926,-0.3888008986421099,-0.10052917088631763,0,0
153,-0.7879093703861523,-1.1392030336037469,-1.342222371461024,-1.1302204149713473,-0.3837354099403615,-0.3888008986421099,-0.10052917088631763,1,1
4233,0.9290573789618695,1.1248755726884911,-0.614206492869086,-0.2931709646486866,-0.3837354099403615,2.572010516160091,-0.10052917088631763,0,0
3852,-1.207612353560113,1.0116716423738792,0.11380938572285176,1.2097132757033635,1.4769973601525006,-0.3888008986421099,-0.10052917088631763,0,0
2919,0.35673512917919586,0.5588559211154311,0.11380938572285176,-0.597552582947836,-1.3141017949867926,-0.3888008986421099,-0.10052917088631763,0,0
2284,1.0053670122662262,0.3890500256435138,0.11380938572285176,1.0765463176974857,-0.3837354099403615,-0.3888008986421099,-0.10052917088631763,0,0
3513,-0.21558712060347818,1.1248755726884911,-0.614206492869086,0.220473016231128,-0.3837354099403615,-0.3888008986421099,-0.10052917088631763,1,0
719,1.2724507288314741,1.5776912939469385,0.8418252643147895,0.7911885505420331,2.4073637451989316,-0.3888008986421099,-0.10052917088631763,1,1
1524,-0.597135287125261,-1.365610894232971,-1.342222371461024,-1.0351011592528632,-0.3837354099403615,2.572010516160091,-0.10052917088631763,1,1
1509,1.1579862788749393,0.8984677120592672,0.8418252643147895,0.8672839551168204,1.4769973601525006,-0.3888008986421099,-0.10052917088631763,0,1
3740,-0.25374193725565647,-1.252406963918359,-0.614206492869086,-1.05412501039656,0.5466309751060695,-0.3888008986421099,-0.10052917088631763,0,0
1908,0.8909025623096917,1.1248755726884911,0.8418252643147895,0.6960692948235488,1.4769973601525006,-0.3888008986421099,-0.10052917088631763,0,1
1981,-1.8180894199949655,0.3890500256435138,1.5698411429067274,1.8755480657327528,1.4769973601525006,-0.3888008986421099,-0.10052917088631763,0,1
4909,1.3487603621358308,-0.9693971381318289,0.8418252643147895,0.3726638253807027,-1.3141017949867926,-0.3888008986421099,-0.10052917088631763,1,0
4881,0.0514965959617695,-0.4033774865587696,0.11380938572285176,-0.7497433920974106,-0.3837354099403615,2.572010516160091,-0.10052917088631763,1,0
4719,1.3106055454836525,1.0116716423738792,0.11380938572285176,0.8863078062605173,-0.3837354099403615,-0.3888008986421099,-0.10052917088631763,1,0
2213,1.2724507288314741,0.9550696772165732,0.11380938572285176,-0.1029324532117182,0.5466309751060695,-0.3888008986421099,-0.10052917088631763,0,0
905,-0.48267083716872605,-1.4788148245475827,-1.342222371461024,-1.1492442661150442,-0.3837354099403615,-0.3888008986421099,-0.10052917088631763,1,1
1766,1.2342959121792958,1.5776912939469385,0.11380938572285176,0.5058307833865805,1.4769973601525006,-0.3888008986421099,-0.10052917088631763,1,1
3821,0.8145929290053351,-1.025999103289135,0.8418252643147895,0.18242531394373432,0.5466309751060695,-0.3888008986421099,-0.10052917088631763,0,0
2593,0.8909025623096917,-1.252406963918359,0.11380938572285176,-0.9590057546780758,-0.3837354099403615,2.572010516160091,-0.10052917088631763,1,0
4438,1.539534445396722,0.6720598514300432,0.11380938572285176,-0.38829022036717076,-0.3837354099403615,-0.3888008986421099,-0.10052917088631763,0,0
3146,0.7764381123531567,-0.23357159108685158,0.8418252643147895,-0.2551232623612929,-0.3837354099403615,-0.3888008986421099,-0.10052917088631763,0,0
1844,-0.6352901037774392,-1.309008929075665,-1.342222371461024,-1.05412501039656,-0.3837354099403615,-0.3888008986421099,-0.10052917088631763,1,1
1858,-1.7799346033427872,1.0116716423738792,1.5698411429067274,0.9624032108353046,0.5466309751060695,-0.3888008986421099,-0.10052917088631763,0,1
2129,-0.21558712060347818,0.6154578862727372,0.11380938572285176,0.14437761165634067,-1.3141017949867926,-0.3888008986421099,-0.10052917088631763,0,0
4230,0.6238188457444436,1.2380795030031027,-0.614206492869086,-1.3394827775520126,-0.3837354099403615,-0.3888008986421099,-0.10052917088631763,0,0
3177,-0.06296785399476497,-0.23357159108685158,0.11380938572285176,0.334616123093309,-1.3141017949867926,-0.3888008986421099,-0.10052917088631763,0,0
1894,-1.8180894199949655,0.6154578862727372,2.297857021498665,1.8945719168764497,1.4769973601525006,-0.3888008986421099,-0.10052917088631763,0,1
1315,-0.6734449204296173,-1.1392030336037469,-1.342222371461024,-1.2633873729772251,-0.3837354099403615,-0.3888008986421099,-0.10052917088631763,0,1
3747,1.2724507288314741,1.0682736075311852,-0.614206492869086,-0.6736479875226233,-0.3837354099403615,-0.3888008986421099,-0.10052917088631763,0,0
2848,0.7001284790488002,0.3324480604862078,-0.614206492869086,-0.2551232623612929,-1.3141017949867926,-0.3888008986421099,-0.10052917088631763,1,0
3020,0.1659610459183044,0.3890500256435138,0.11380938572285176,0.25852071851852165,-1.3141017949867926,2.572010516160091,-0.10052917088631763,1,0
1636,-0.5589804704730826,-1.422212859390277,-1.342222371461024,-1.2443635218335283,-0.3837354099403615,-0.3888008986421099,-0.10052917088631763,0,1
178,-0.7497545537339739,-1.252406963918359,-1.342222371461024,-1.187291968402438,-0.3837354099403615,-0.3888008986421099,-0.10052917088631763,0,1
1950,1.2724507288314741,1.5210893287896325,0.8418252643147895,0.9814270619790014,1.4769973601525006,-0.3888008986421099,-0.10052917088631763,0,1
511,-0.5208256538209044,-1.365610894232971,-1.342222371461024,-1.073148861540257,-0.3837354099403615,-0.3888008986421099,-0.10052917088631763,1,1
4010,-1.627315336734074,0.5022539559581258,0.11380938572285176,-0.8068149455285011,1.4769973601525006,-0.3888008986421099,-0.10052917088631763,0,0
3733,-1.0931479036035785,-1.6486207200195007,-0.614206492869086,-0.7687672432411075,0.5466309751060695,-0.3888008986421099,-0.10052917088631763,0,0
4903,-1.3983864368210046,0.2758460953289018,1.5698411429067274,0.23949686737482484,0.5466309751060695,-0.3888008986421099,-0.10052917088631763,0,0
1231,-0.7879093703861523,-1.1392030336037469,-1.342222371461024,-1.1302204149713473,-0.3837354099403615,-0.3888008986421099,-0.10052917088631763,0,1
1115,-1.7799346033427872,0.7852637817446552,1.5698411429067274,1.4570233405714224,0.5466309751060695,-0.3888008986421099,-0.10052917088631763,0,1
361,-1.8180894199949655,0.8418657469019611,1.5698411429067274,1.6662857031520875,0.5466309751060695,-0.3888008986421099,-0.10052917088631763,1,1
1582,0.5856640290922652,1.3512834333177146,0.8418252643147895,1.019474764266395,2.4073637451989316,2.572010516160091,-0.10052917088631763,0,1
4725,1.6158440787010784,0.049438234699677806,-0.614206492869086,0.8102124016857299,-1.3141017949867926,2.572010516160091,-0.10052917088631763,1,0
132,-0.7497545537339739,-0.8561932078172175,-1.342222371461024,-1.187291968402438,-0.3837354099403615,-0.3888008986421099,-0.10052917088631763,1,1
2585,1.2342959121792958,0.5588559211154311,0.11380938572285176,-1.2633873729772251,-0.3837354099403615,-0.3888008986421099,-0.10052917088631763,1,0
3057,-0.36820638721219134,-1.025999103289135,-1.342222371461024,-1.1111965638276504,-0.3837354099403615,-0.3888008986421099,-0.10052917088631763,1,0
1867,-0.48267083716872605,-1.4788148245475827,-1.342222371461024,-0.825838796672198,-0.3837354099403615,-0.3888008986421099,-0.10052917088631763,2,1
1854,-0.8260641870383305,-1.1958049987610528,-1.342222371461024,-1.3775304798394061,-0.3837354099403615,-0.3888008986421099,-0.10052917088631763,1,1
3407,0.0896514126139478,-0.5165814168733815,0.11380938572285176,-0.19805170893020238,-0.3837354099403615,-0.3888008986421099,-0.10052917088631763,1,0
1740,1.2724507288314741,1.5776912939469385,0.11380938572285176,0.9624032108353046,1.4769973601525006,2.572010516160091,-0.10052917088631763,0,1
2358,0.6619736623966218,1.0116716423738792,0.8418252643147895,-0.3121948157923834,0.5466309751060695,-0.3888008986421099,-0.10052917088631763,1,0
2199,-0.10112267064694327,1.5210893287896325,0.11380938572285176,0.8672839551168204,-0.3837354099403615,-0.3888008986421099,-0.10052917088631763,1,0
3248,0.35673512917919586,-0.6297853471879936,-0.614206492869086,-0.00781319749323403,-1.3141017949867926,-0.3888008986421099,-0.10052917088631763,0,0
4380,-0.7115997370817956,-1.7618246503341126,1.5698411429067274,-1.6628882469948587,-0.3837354099403615,-0.3888008986421099,-0.10052917088631763,1,0
3381,0.2041158625704827,1.1814775378457971,0.11380938572285176,0.6770454436798521,0.5466309751060695,-0.3888008986421099,-0.10052917088631763,0,0
1127,1.1579862788749393,0.8418657469019611,0.11380938572285176,0.6199738902487616,2.4073637451989316,-0.3888008986421099,-0.10052917088631763,1,1
4300,0.0514965959617695,-0.0637656956149342,0.8418252643147895,-0.6356002852352296,-1.3141017949867926,-0.3888008986421099,-0.10052917088631763,1,0
2619,0.0896514126139478,0.7286618165873492,-0.614206492869086,-0.5785287318041391,-1.3141017949867926,-0.3888008986421099,-0.10052917088631763,1,0
1877,-1.7799346033427872,0.4456519908008198,1.5698411429067274,1.9326196191638432,0.5466309751060695,-0.3888008986421099,-0.10052917088631763,1,1
3525,1.3869151787880087,-0.6863873123452996,-0.614206492869086,-0.17902785778650554,-0.3837354099403615,-0.3888008986421099,-0.10052917088631763,1,0
1709,0.8145929290053351,1.3512834333177146,0.11380938572285176,1.038498615410092,1.4769973601525006,-0.3888008986421099,-0.10052917088631763,0,1
366,1.2724507288314741,0.8418657469019611,0.11380938572285176,0.6199738902487616,1.4769973601525006,-0.3888008986421099,-0.10052917088631763,1,1
2932,-0.597135287125261,0.049438234699677806,0.11380938572285176,0.10632990936894698,1.4769973601525006,-0.3888008986421099,-0.10052917088631763,1,0
3421,0.0514965959617695,-0.9693971381318289,0.11380938572285176,0.6199738902487616,-1.3141017949867926,-0.3888008986421099,-0.10052917088631763,0,0
2013,-0.36820638721219134,1.2380795030031027,0.8418252643147895,1.0004509131226982,2.4073637451989316,-0.3888008986421099,-0.10052917088631763,0,0
61,1.0435218289184045,1.0682736075311852,0.8418252643147895,0.44875922995549006,1.4769973601525006,-0.3888008986421099,-0.10052917088631763,0,1
1729,-1.322076803516648,-0.12036766077224019,0.8418252643147895,-0.6546241363789265,0.5466309751060695,-0.3888008986421099,-0.10052917088631763,1,1
3492,0.9672121956140478,1.5210893287896325,0.11380938572285176,0.44875922995549006,-1.3141017949867926,-0.3888008986421099,-0.10052917088631763,1,0
476,-0.48267083716872605,-0.8561932078172175,-1.342222371461024,-1.3014350752646189,-0.3837354099403615,-0.3888008986421099,-0.10052917088631763,1,1
3770,-0.06296785399476497,-0.912795172974523,0.11380938572285176,-0.1409801554991119,-1.3141017949867926,-0.3888008986421099,-0.10052917088631763,0,0
2462,-1.6654701533862522,0.2758460953289018,0.11380938572285176,-0.6926718386663201,1.4769973601525006,-0.3888008986421099,-0.10052917088631763,1,0
2434,1.119831462222761,0.6720598514300432,0.8418252643147895,-1.2443635218335283,-1.3141017949867926,-0.3888008986421099,-0.10052917088631763,1,0
907,-1.8180894199949655,0.3324480604862078,2.297857021498665,1.5901902985773002,0.5466309751060695,-0.3888008986421099,-0.10052917088631763,1,1
1103,-0.5589804704730826,-1.422212859390277,-1.342222371461024,-1.3775304798394061,-0.3837354099403615,-0.3888008986421099,-0.10052917088631763,1,1
733,1.0435218289184045,-0.7995912426599115,-0.614206492869086,0.44875922995549006,-1.3141017949867926,-0.3888008986421099,-0.10052917088631763,0,1
1918,-0.7879093703861523,-1.5354167897048887,-1.342222371461024,-1.0160773081091663,-0.3837354099403615,-0.3888008986421099,-0.10052917088631763,1,1
217,-0.8260641870383305,-1.365610894232971,-1.342222371461024,-0.8448626478158948,-0.3837354099403615,-0.3888008986421099,-0.10052917088631763,1,1
2306,1.2724507288314741,-0.9693971381318289,1.5698411429067274,-2.0053175675814017,0.5466309751060695,-0.3888008986421099,-0.10052917088631763,1,0
1599,0.9672121956140478,1.2380795030031027,0.8418252643147895,1.3428802337092414,1.4769973601525006,-0.3888008986421099,-0.10052917088631763,0,1
1270,-0.48267083716872605,-0.9693971381318289,-1.342222371461024,-1.396554330983103,-0.3837354099403615,-0.3888008986421099,-0.10052917088631763,0,1
4839,-0.44451602051654776,-1.9316305458060303,1.5698411429067274,-0.711695689810017,-0.3837354099403615,-0.3888008986421099,-0.10052917088631763,1,0
4113,1.1579862788749393,1.4644873636323266,-0.614206492869086,-0.8068149455285011,-1.3141017949867926,-0.3888008986421099,-0.10052917088631763,0,0
533,-1.8180894199949655,0.6720598514300432,1.5698411429067274,0.8292362528294267,0.5466309751060695,-0.3888008986421099,-0.10052917088631763,0,1
451,0.8909025623096917,1.0116716423738792,0.11380938572285176,0.44875922995549006,1.4769973601525006,-0.3888008986421099,-0.10052917088631763,0,1
2752,0.7764381123531567,0.8418657469019611,-0.614206492869086,-0.21707556007389922,-0.3837354099403615,2.572010516160091,-0.10052917088631763,0,0
79,-0.5589804704730826,-0.912795172974523,-1.342222371461024,-0.8638864989595917,-0.3837354099403615,-0.3888008986421099,-0.10052917088631763,1,1
1212,-1.8562442366471437,0.2758460953289018,1.5698411429067274,0.7911885505420331,0.5466309751060695,-0.3888008986421099,-0.10052917088631763,1,1
4660,0.9290573789618695,1.4078853984750206,0.8418252643147895,0.6199738902487616,-0.3837354099403615,-0.3888008986421099,-0.10052917088631763,0,0
3576,0.242270679222661,-1.9316305458060303,1.5698411429067274,0.23949686737482484,-0.3837354099403615,-0.3888008986421099,-0.10052917088631763,0,0
3304,-1.1694575369079347,-0.5731833820306875,1.5698411429067274,-1.2633873729772251,-0.3837354099403615,-0.3888008986421099,-0.10052917088631763,2,0
4277,0.47119957913573035,0.6720598514300432,0.11380938572285176,-0.3502425180797771,-0.3837354099403615,-0.3888008986421099,-0.10052917088631763,0,0
4345,1.2724507288314741,-0.912795172974523,0.11380938572285176,0.9243555085479109,0.5466309751060695,-0.3888008986421099,-0.10052917088631763,0,0
1308,-0.5208256538209044,-1.252406963918359,-1.342222371461024,-1.282411224120922,-0.3837354099403615,-0.3888008986421099,-0.10052917088631763,1,1
2502,0.242270679222661,-0.17696962592954618,-0.614206492869086,0.08730605822525014,-1.3141017949867926,2.572010516160091,-0.10052917088631763,1,0
3585,0.35673512917919586,-0.912795172974523,0.8418252643147895,-0.5404810295167455,-1.3141017949867926,2.572010516160091,-0.10052917088631763,0,0
4244,0.6238188457444436,-0.45997945171607557,0.11380938572285176,-1.05412501039656,1.4769973601525006,-0.3888008986421099,-0.10052917088631763,0,0
3008,1.4250699954401869,0.3890500256435138,0.11380938572285176,-0.5404810295167455,-0.3837354099403615,-0.3888008986421099,-0.10052917088631763,1,0
2337,0.0514965959617695,-0.4033774865587696,-0.614206492869086,0.44875922995549006,-0.3837354099403615,-0.3888008986421099,-0.10052917088631763,0,0
4625,-0.13927748729912157,0.5022539559581258,0.11380938572285176,1.1716655734159698,0.5466309751060695,-0.3888008986421099,-0.10052917088631763,0,0
3402,0.547509212440087,0.6720598514300432,0.11380938572285176,-0.1409801554991119,-1.3141017949867926,-0.3888008986421099,-0.10052917088631763,1,0
1164,0.7764381123531567,1.5210893287896325,0.8418252643147895,0.7341169971109426,1.4769973601525006,-0.3888008986421099,-0.10052917088631763,0,1
1322,0.1659610459183044,0.9550696772165732,-0.614206492869086,-1.3585066286957095,0.5466309751060695,-0.3888008986421099,-0.10052917088631763,1,1
3262,1.6158440787010784,0.8418657469019611,0.11380938572285176,-1.396554330983103,1.4769973601525006,-0.3888008986421099,-0.10052917088631763,0,0
4167,0.47119957913573035,0.1060401998569838,-0.614206492869086,-0.8638864989595917,-0.3837354099403615,-0.3888008986421099,-0.10052917088631763,2,0
4841,0.7382832957009784,0.7852637817446552,0.11380938572285176,0.23949686737482484,-1.3141017949867926,-0.3888008986421099,-0.10052917088631763,1,0
4360,0.6238188457444436,-1.1958049987610528,0.11380938572285176,0.8292362528294267,-0.3837354099403615,2.572010516160091,-0.10052917088631763,0,0
3830,0.9672121956140478,0.7852637817446552,-0.614206492869086,-0.711695689810017,-0.3837354099403615,-0.3888008986421099,-0.10052917088631763,1,0
4032,0.0133417793095912,0.049438234699677806,0.11380938572285176,0.04925835593785648,0.5466309751060695,-0.3888008986421099,-0.10052917088631763,1,0
2407,1.0053670122662262,0.1626421650142898,-0.614206492869086,-0.2931709646486866,-0.3837354099403615,2.572010516160091,-0.10052917088631763,0,0
1187,-1.7799346033427872,1.3512834333177146,1.5698411429067274,1.133617871128576,0.5466309751060695,2.572010516160091,-0.10052917088631763,1,1
194,-1.8562442366471437,0.5588559211154311,1.5698411429067274,0.8863078062605173,0.5466309751060695,-0.3888008986421099,-0.10052917088631763,0,1
3487,1.0435218289184045,-0.2901735562441576,0.11380938572285176,0.4868069322428837,0.5466309751060695,-0.3888008986421099,-0.10052917088631763,1,0
108,-0.5208256538209044,-1.252406963918359,-1.342222371461024,-1.0351011592528632,-0.3837354099403615,-0.3888008986421099,-0.10052917088631763,0,1
2268,-0.9786834536470435,-1.365610894232971,0.8418252643147895,0.8292362528294267,-0.3837354099403615,-0.3888008986421099,-0.10052917088631763,1,0
1129,-1.8180894199949655,0.9550696772165732,0.8418252643147895,1.2858086802781508,0.5466309751060695,-0.3888008986421099,-0.10052917088631763,0,1
2405,-1.5891605200818957,0.2192441301715958,0.8418252643147895,-0.19805170893020238,-0.3837354099403615,-0.3888008986421099,-0.10052917088631763,0,0
699,-0.5589804704730826,-1.365610894232971,-1.342222371461024,-1.282411224120922,-0.3837354099403615,-0.3888008986421099,-0.10052917088631763,0,1
1773,0.9672121956140478,1.1814775378457971,0.11380938572285176,1.266784829134454,1.4769973601525006,-0.3888008986421099,-0.10052917088631763,1,1
159,-0.7115997370817956,-1.252406963918359,-1.342222371461024,-1.2633873729772251,-0.3837354099403615,-0.3888008986421099,-0.10052917088631763,1,1
1280,1.0435218289184045,0.6720598514300432,0.8418252643147895,1.3238563825655445,2.4073637451989316,-0.3888008986421099,-0.10052917088631763,0,1
3027,0.6238188457444436,0.7852637817446552,-0.614206492869086,0.3536399742370058,-1.3141017949867926,-0.3888008986421099,-0.10052917088631763,0,0
942,-0.5589804704730826,-0.912795172974523,-1.342222371461024,-1.2633873729772251,-0.3837354099403615,-0.3888008986421099,-0.10052917088631763,1,1
280,0.9290573789618695,0.5022539559581258,0.11380938572285176,0.5819261879613679,0.5466309751060695,2.572010516160091,-0.10052917088631763,1,1
4895,-0.29189675390783476,-1.8184266154914184,-0.614206492869086,-0.42633792265456444,0.5466309751060695,-0.3888008986421099,-0.10052917088631763,0,0
3538,1.3487603621358308,1.1248755726884911,-0.614206492869086,0.04925835593785648,-0.3837354099403615,-0.3888008986421099,-0.10052917088631763,0,0
2922,0.8145929290053351,0.9550696772165732,0.11380938572285176,0.7150931459672457,-0.3837354099403615,-0.3888008986421099,-0.10052917088631763,0,0
4619,0.6619736623966218,0.1626421650142898,-1.342222371461024,-1.168268117258741,0.5466309751060695,-0.3888008986421099,-0.10052917088631763,0,0
866,0.9290573789618695,0.7286618165873492,0.8418252643147895,0.29656842080591533,1.4769973601525006,-0.3888008986421099,-0.10052917088631763,1,1
2001,0.0133417793095912,0.1060401998569838,0.11380938572285176,0.23949686737482484,-0.3837354099403615,-0.3888008986421099,-0.10052917088631763,1,0
1853,-0.7115997370817956,-1.309008929075665,-1.342222371461024,-1.1492442661150442,-0.3837354099403615,-0.3888008986421099,-0.10052917088631763,1,1
2459,-1.5128508867775392,0.1626421650142898,0.11380938572285176,-0.6165764340915327,1.4769973601525006,-0.3888008986421099,-0.10052917088631763,1,0
2363,1.4250699954401869,-0.45997945171607557,0.8418252643147895,0.6009500391050647,-0.3837354099403615,-0.3888008986421099,-0.10052917088631763,0,0
1171,-1.8562442366471437,1.0682736075311852,1.5698411429067274,0.8672839551168204,0.5466309751060695,-0.3888008986421099,-0.10052917088631763,1,1
1496,0.8145929290053351,0.6720598514300432,0.8418252643147895,0.8482601039731236,1.4769973601525006,-0.3888008986421099,-0.10052917088631763,1,1
4510,-0.10112267064694327,-1.365610894232971,-0.614206492869086,-0.7687672432411075,-0.3837354099403615,-0.3888008986421099,9.94736145920113,2,0
3912,1.0816766455705826,1.3512834333177146,0.11380938572285176,-0.12195630435541505,-0.3837354099403615,-0.3888008986421099,-0.10052917088631763,1,0
4827,1.1961410955271177,0.1626421650142898,0.8418252643147895,1.0575224665537888,-1.3141017949867926,-0.3888008986421099,-0.10052917088631763,0,0
332,-1.7799346033427872,0.7286618165873492,2.297857021498665,1.8945719168764497,0.5466309751060695,-0.3888008986421099,-0.10052917088631763,1,1
4593,1.1961410955271177,1.0116716423738792,-0.614206492869086,0.7150931459672457,-0.3837354099403615,-0.3888008986421099,-0.10052917088631763,2,0
123,0.6619736623966218,1.5776912939469385,0.11380938572285176,0.25852071851852165,2.4073637451989316,-0.3888008986421099,-0.10052917088631763,1,1
2195,0.9672121956140478,-0.4033774865587696,0.11380938572285176,-0.7687672432411075,-0.3837354099403615,-0.3888008986421099,-0.10052917088631763,1,0
1810,0.547509212440087,1.2946814681604086,0.8418252643147895,1.3048325314218476,1.4769973601525006,-0.3888008986421099,-0.10052917088631763,1,1
4176,1.0053670122662262,0.2192441301715958,0.8418252643147895,0.23949686737482484,-1.3141017949867926,2.572010516160091,-0.10052917088631763,1,0
3756,1.4250699954401869,-0.0637656956149342,-0.614206492869086,0.3916876765243995,-1.3141017949867926,-0.3888008986421099,-0.10052917088631763,1,0
3809,1.0435218289184045,1.1248755726884911,0.11380938572285176,-0.9780296058217727,-0.3837354099403615,2.572010516160091,-0.10052917088631763,0,0
1189,-1.8562442366471437,0.4456519908008198,0.8418252643147895,1.4570233405714224,0.5466309751060695,-0.3888008986421099,-0.10052917088631763,1,1
4289,-0.17743230395129986,-0.007163730457628193,-0.614206492869086,0.4868069322428837,-0.3837354099403615,-0.3888008986421099,-0.10052917088631763,0,0
4726,0.9290573789618695,0.1626421650142898,0.8418252643147895,-0.8068149455285011,-0.3837354099403615,2.572010516160091,-0.10052917088631763,2,0
2010,0.6238188457444436,-0.45997945171607557,0.11380938572285176,1.247760977990757,-0.3837354099403615,-0.3888008986421099,-0.10052917088631763,1,0
3962,1.3487603621358308,0.1060401998569838,0.11380938572285176,-0.026837048636930864,-0.3837354099403615,2.572010516160091,-0.10052917088631763,0,0
1903,1.2342959121792958,1.1248755726884911,0.11380938572285176,1.3048325314218476,1.4769973601525006,-0.3888008986421099,-0.10052917088631763,0,1
4305,1.4250699954401869,0.1626421650142898,-0.614206492869086,0.9624032108353046,0.5466309751060695,-0.3888008986421099,-0.10052917088631763,1,0
2845,1.3106055454836525,-0.5731833820306875,0.11380938572285176,1.1906894245596666,-0.3837354099403615,2.572010516160091,-0.10052917088631763,0,0
4689,1.0435218289184045,-0.6863873123452996,0.11380938572285176,1.0004509131226982,0.5466309751060695,-0.3888008986421099,-0.10052917088631763,1,0
3969,0.0133417793095912,-0.12036766077224019,0.8418252643147895,-0.9780296058217727,0.5466309751060695,-0.3888008986421099,-0.10052917088631763,0,0
3161,-0.13927748729912157,-1.252406963918359,-1.342222371461024,-1.510697437845284,0.5466309751060695,2.572010516160091,-0.10052917088631763,1,0
1410,1.3106055454836525,1.2380795030031027,0.11380938572285176,0.3155922719496122,1.4769973601525006,-0.3888008986421099,-0.10052917088631763,1,1
4902,1.2342959121792958,0.3324480604862078,0.11380938572285176,0.4297353788117932,-1.3141017949867926,2.572010516160091,-0.10052917088631763,0,0
1626,-1.7799346033427872,0.7852637817446552,1.5698411429067274,0.9814270619790014,0.5466309751060695,-0.3888008986421099,-0.10052917088631763,0,1
2469,1.2724507288314741,0.2192441301715958,0.8418252643147895,-0.9590057546780758,-0.3837354099403615,-0.3888008986421099,-0.10052917088631763,1,0
2406,-1.5128508867775392,0.1626421650142898,-0.614206492869086,0.9053316574042141,-0.3837354099403615,-0.3888008986421099,-0.10052917088631763,0,0
4414,0.0896514126139478,-0.4033774865587696,0.11380938572285176,-0.8068149455285011,-1.3141017949867926,-0.3888008986421099,-0.10052917088631763,1,0
3620,1.5776892620489003,-1.309008929075665,0.11380938572285176,1.2858086802781508,-1.3141017949867926,-0.3888008986421099,-0.10052917088631763,1,0
4128,0.6238188457444436,1.5776912939469385,0.11380938572285176,-0.06488475092432454,0.5466309751060695,-0.3888008986421099,-0.10052917088631763,2,0
3380,0.9290573789618695,-1.025999103289135,0.11380938572285176,-0.21707556007389922,-0.3837354099403615,-0.3888008986421099,-0.10052917088631763,0,0
1952,1.2342959121792958,-0.12036766077224019,0.8418252643147895,0.06828220708155332,0.5466309751060695,-0.3888008986421099,-0.10052917088631763,1,1
995,-0.7497545537339739,-1.5354167897048887,-1.342222371461024,-1.4346020332704967,-0.3837354099403615,-0.3888008986421099,-0.10052917088631763,1,1
3041,-0.0248130373425871,-0.6297853471879936,-0.614206492869086,0.7721646993983362,-0.3837354099403615,-0.3888008986421099,-0.10052917088631763,0,0
2909,0.5856640290922652,0.1626421650142898,-0.614206492869086,1.0765463176974857,0.5466309751060695,-0.3888008986421099,-0.10052917088631763,0,0
1373,1.1579862788749393,0.8984677120592672,0.11380938572285176,1.1906894245596666,1.4769973601525006,-0.3888008986421099,-0.10052917088631763,1,1
2327,-0.06296785399476497,-0.34677552140146356,-0.614206492869086,0.18242531394373432,-1.3141017949867926,-0.3888008986421099,-0.10052917088631763,0,0
4775,-0.6352901037774392,-0.7429892775026056,-1.342222371461024,-0.38829022036717076,-0.3837354099403615,-0.3888008986421099,-0.10052917088631763,0,0
2236,-1.627315336734074,0.1060401998569838,1.5698411429067274,0.18242531394373432,-1.3141017949867926,-0.3888008986421099,-0.10052917088631763,1,0
605,-1.7799346033427872,0.3890500256435138,1.5698411429067274,1.7043334054394812,0.5466309751060695,-0.3888008986421099,-0.10052917088631763,1,1
1986,-1.7799346033427872,0.6720598514300432,2.297857021498665,2.0467627260260244,0.5466309751060695,-0.3888008986421099,-0.10052917088631763,0,1
1530,-0.6734449204296173,-1.422212859390277,-1.342222371461024,-0.9590057546780758,-0.3837354099403615,-0.3888008986421099,-0.10052917088631763,1,1
1929,-1.8180894199949655,1.4078853984750206,1.5698411429067274,1.4760471917151192,0.5466309751060695,-0.3888008986421099,-0.10052917088631763,1,1
4354,0.547509212440087,0.1060401998569838,-0.614206492869086,-0.2931709646486866,-1.3141017949867926,-0.3888008986421099,-0.10052917088631763,0,0
1974,-0.7497545537339739,-1.1392030336037469,-1.342222371461024,-0.7877910943848043,-0.3837354099403615,-0.3888008986421099,-0.10052917088631763,0,1
1967,-1.8180894199949655,1.4644873636323266,1.5698411429067274,1.1906894245596666,0.5466309751060695,-0.3888008986421099,-0.10052917088631763,1,1
1667,-0.6352901037774392,-1.1958049987610528,-1.342222371461024,-0.825838796672198,-0.3837354099403615,-0.3888008986421099,-0.10052917088631763,0,1
624,-0.8260641870383305,-1.1392030336037469,-1.342222371461024,-1.073148861540257,-0.3837354099403615,-0.3888008986421099,-0.10052917088631763,0,1
1195,-1.3983864368210046,-0.7995912426599115,2.297857021498665,0.011210653650462806,1.4769973601525006,-0.3888008986421099,-0.10052917088631763,0,1
3190,1.5013796287445436,0.7286618165873492,0.11380938572285176,0.3155922719496122,-0.3837354099403615,-0.3888008986421099,-0.10052917088631763,0,0
4348,-1.6654701533862522,-1.1958049987610528,0.11380938572285176,0.9624032108353046,2.4073637451989316,-0.3888008986421099,-0.10052917088631763,0,0
3614,0.0896514126139478,1.2946814681604086,-0.614206492869086,1.2097132757033635,-0.3837354099403615,-0.3888008986421099,-0.10052917088631763,0,0
4395,0.8909025623096917,0.6720598514300432,0.11380938572285176,-1.1302204149713473,-1.3141017949867926,-0.3888008986421099,-0.10052917088631763,0,0
4604,0.3948899458313742,0.4456519908008198,-1.342222371461024,0.9814270619790014,-1.3141017949867926,2.572010516160091,-0.10052917088631763,1,0
1521,-0.7497545537339739,-1.0826010684464409,-1.342222371461024,-1.2633873729772251,-0.3837354099403615,-0.3888008986421099,-0.10052917088631763,0,1
119,-0.7879093703861523,-0.8561932078172175,-1.342222371461024,-1.3204589264083157,-0.3837354099403615,-0.3888008986421099,-0.10052917088631763,1,1
914,-0.5208256538209044,-1.309008929075665,-1.342222371461024,-1.4346020332704967,-0.3837354099403615,2.572010516160091,-0.10052917088631763,1,1
2520,-0.25374193725565647,1.1248755726884911,-0.614206492869086,0.4107115276680964,-0.3837354099403615,-0.3888008986421099,-0.10052917088631763,0,0
4461,-1.322076803516648,-1.9882325109633363,-0.614206492869086,0.8482601039731236,0.5466309751060695,-0.3888008986421099,-0.10052917088631763,0,0
1033,1.0053670122662262,0.8984677120592672,0.8418252643147895,0.6580215925361552,1.4769973601525006,-0.3888008986421099,-0.10052917088631763,1,1
3611,1.0053670122662262,1.0116716423738792,-0.614206492869086,1.133617871128576,-1.3141017949867926,-0.3888008986421099,-0.10052917088631763,0,0
4923,1.4250699954401869,-0.12036766077224019,0.11380938572285176,1.2287371268470604,-0.3837354099403615,2.572010516160091,-0.10052917088631763,1,0
3940,0.242270679222661,0.4456519908008198,-0.614206492869086,-0.06488475092432454,-0.3837354099403615,-0.3888008986421099,-0.10052917088631763,1,0
1554,0.9290573789618695,0.5588559211154311,0.8418252643147895,0.334616123093309,2.4073637451989316,-0.3888008986421099,-0.10052917088631763,0,1
1819,0.9672121956140478,1.5776912939469385,0.8418252643147895,1.266784829134454,1.4769973601525006,-0.3888008986421099,-0.10052917088631763,0,1
2579,-0.17743230395129986,0.8984677120592672,-0.614206492869086,-0.8638864989595917,-0.3837354099403615,-0.3888008986421099,-0.10052917088631763,1,0
4808,-0.21558712060347818,-0.8561932078172175,0.11380938572285176,-0.3692663692234739,-0.3837354099403615,-0.3888008986421099,-0.10052917088631763,1,0
1333,-1.8180894199949655,0.4456519908008198,1.5698411429067274,0.8672839551168204,0.5466309751060695,-0.3888008986421099,-0.10052917088631763,1,1
1732,-0.6352901037774392,-0.912795172974523,-1.342222371461024,-1.3204589264083157,-0.3837354099403615,-0.3888008986421099,-0.10052917088631763,1,1
3191,-0.10112267064694327,-0.5165814168733815,0.11380938572285176,0.29656842080591533,-1.3141017949867926,-0.3888008986421099,-0.10052917088631763,0,0
1617,-0.7879093703861523,-1.4788148245475827,-1.342222371461024,-0.8829103501032884,-0.3837354099403615,-0.3888008986421099,-0.10052917088631763,1,1
2240,0.547509212440087,1.1814775378457971,0.11380938572285176,-1.0351011592528632,-1.3141017949867926,-0.3888008986421099,-0.10052917088631763,1,0
4633,-0.8260641870383305,-0.007163730457628193,-0.614206492869086,-0.44536177379826125,-0.3837354099403615,-0.3888008986421099,-0.10052917088631763,2,0
640,-0.5589804704730826,-1.365610894232971,-1.342222371461024,-0.9399819035343789,-0.3837354099403615,-0.3888008986421099,-0.10052917088631763,1,1
2343,1.4632248120923652,-0.5731833820306875,0.8418252643147895,-1.4155781821267999,1.4769973601525006,-0.3888008986421099,-0.10052917088631763,1,0
4171,1.3106055454836525,-1.4788148245475827,0.8418252643147895,-0.1409801554991119,1.4769973601525006,-0.3888008986421099,-0.10052917088631763,1,0
1209,-1.8180894199949655,0.3890500256435138,2.297857021498665,1.5521425962899065,0.5466309751060695,-0.3888008986421099,-0.10052917088631763,0,1
2169,0.8527477456575133,1.2380795030031027,0.11380938572285176,-1.2633873729772251,-1.3141017949867926,-0.3888008986421099,-0.10052917088631763,0,0
2819,0.242270679222661,1.0116716423738792,-1.342222371461024,-1.9292221630066144,2.4073637451989316,-0.3888008986421099,-0.10052917088631763,1,0
3588,1.6158440787010784,-1.0826010684464409,-0.614206492869086,-1.1492442661150442,-0.3837354099403615,-0.3888008986421099,-0.10052917088631763,1,0
2052,0.5856640290922652,-0.17696962592954618,0.11380938572285176,-0.597552582947836,-0.3837354099403615,-0.3888008986421099,-0.10052917088631763,0,0
4217,-1.2457671702122914,0.5588559211154311,-0.614206492869086,1.266784829134454,1.4769973601525006,-0.3888008986421099,-0.10052917088631763,1,0
115,1.0053670122662262,1.5776912939469385,0.8418252643147895,0.6009500391050647,1.4769973601525006,-0.3888008986421099,-0.10052917088631763,0,1
2719,-0.06296785399476497,0.1626421650142898,0.8418252643147895,-1.1302204149713473,1.4769973601525006,-0.3888008986421099,-0.10052917088631763,0,0
3801,0.8527477456575133,-0.6863873123452996,0.8418252643147895,0.6009500391050647,-1.3141017949867926,-0.3888008986421099,-0.10052917088631763,1,0
4143,0.0896514126139478,-1.0826010684464409,0.8418252643147895,-1.8911744607192207,-1.3141017949867926,-0.3888008986421099,-0.10052917088631763,1,0
537,-1.7799346033427872,0.7286618165873492,1.5698411429067274,1.95164347030754,0.5466309751060695,-0.3888008986421099,-0.10052917088631763,0,1
1071,0.7764381123531567,0.8418657469019611,0.8418252643147895,0.7721646993983362,1.4769973601525006,-0.3888008986421099,-0.10052917088631763,1,1
1427,-0.8260641870383305,-0.9693971381318289,-1.342222371461024,-1.2253396706898316,-0.3837354099403615,-0.3888008986421099,-0.10052917088631763,0,1
1831,-0.7115997370817956,-1.252406963918359,-1.342222371461024,-0.9780296058217727,-0.3837354099403615,-0.3888008986421099,-0.10052917088631763,0,1
1488,-0.48267083716872605,-1.1392030336037469,-1.342222371461024,-1.05412501039656,-0.3837354099403615,-0.3888008986421099,-0.10052917088631763,1,1
3342,0.242270679222661,1.2946814681604086,-0.614206492869086,0.29656842080591533,-1.3141017949867926,-0.3888008986421099,-0.10052917088631763,0,0
1261,-1.8562442366471437,1.2946814681604086,1.5698411429067274,1.0955701688411825,0.5466309751060695,2.572010516160091,-0.10052917088631763,1,1
785,-0.5208256538209044,-0.8561932078172175,-1.342222371461024,-1.3585066286957095,-0.3837354099403615,-0.3888008986421099,-0.10052917088631763,1,1
1889,-1.8180894199949655,0.5022539559581258,1.5698411429067274,0.8102124016857299,0.5466309751060695,-0.3888008986421099,-0.10052917088631763,1,1
734,-0.7497545537339739,-1.5354167897048887,-1.342222371461024,-1.396554330983103,-0.3837354099403615,-0.3888008986421099,-0.10052917088631763,0,1
899,-1.7799346033427872,0.2758460953289018,2.297857021498665,1.3428802337092414,0.5466309751060695,-0.3888008986421099,-0.10052917088631763,1,1
795,-1.7799346033427872,0.3890500256435138,2.297857021498665,1.7614049588705718,0.5466309751060695,-0.3888008986421099,-0.10052917088631763,1,1
2555,-0.5589804704730826,0.1626421650142898,-0.614206492869086,-1.7960552050007366,-1.3141017949867926,-0.3888008986421099,-0.10052917088631763,1,0
2084,-1.2457671702122914,-0.4033774865587696,0.8418252643147895,0.334616123093309,-0.3837354099403615,-0.3888008986421099,-0.10052917088631763,1,0
985,0.6619736623966218,0.7852637817446552,0.8418252643147895,1.0955701688411825,1.4769973601525006,-0.3888008986421099,-0.10052917088631763,1,1
3317,0.3948899458313742,0.9550696772165732,-0.614206492869086,0.7341169971109426,-0.3837354099403615,-0.3888008986421099,-0.10052917088631763,1,0
133,1.2342959121792958,1.5776912939469385,0.8418252643147895,0.3536399742370058,1.4769973601525006,-0.3888008986421099,-0.10052917088631763,1,1
4784,-0.6352901037774392,-1.025999103289135,-1.342222371461024,-0.23609941121759606,0.5466309751060695,-0.3888008986421099,-0.10052917088631763,1,0
4108,-0.10112267064694327,0.4456519908008198,-0.614206492869086,0.9814270619790014,-1.3141017949867926,-0.3888008986421099,-0.10052917088631763,0,0
541,-0.48267083716872605,-1.025999103289135,-1.342222371461024,-1.396554330983103,-0.3837354099403615,-0.3888008986421099,-0.10052917088631763,2,1
3527,1.3487603621358308,0.6720598514300432,-0.614206492869086,0.6580215925361552,0.5466309751060695,2.572010516160091,-0.10052917088631763,1,0
2421,-1.627315336734074,-1.1958049987610528,1.5698411429067274,0.8672839551168204,1.4769973601525006,-0.3888008986421099,-0.10052917088631763,1,0
2804,0.6238188457444436,-1.1958049987610528,0.11380938572285176,-0.33121866693608026,-1.3141017949867926,2.572010516160091,-0.10052917088631763,1,0
3205,0.1278062292661261,1.4078853984750206,-0.614206492869086,-1.0351011592528632,-0.3837354099403615,-0.3888008986421099,-0.10052917088631763,1,0
2740,-0.06296785399476497,0.5022539559581258,-0.614206492869086,-1.0921727126839538,-1.3141017949867926,-0.3888008986421099,-0.10052917088631763,1,0
3730,1.2342959121792958,-0.34677552140146356,-0.614206492869086,1.1145940199848794,-0.3837354099403615,2.572010516160091,-0.10052917088631763,0,0
948,-0.7115997370817956,-0.912795172974523,-1.342222371461024,-1.282411224120922,-0.3837354099403615,-0.3888008986421099,-0.10052917088631763,1,1
1657,1.0053670122662262,0.7286618165873492,0.8418252643147895,1.0955701688411825,1.4769973601525006,-0.3888008986421099,-0.10052917088631763,1,1
3423,1.1579862788749393,-0.34677552140146356,0.11380938572285176,1.3048325314218476,-0.3837354099403615,2.572010516160091,-0.10052917088631763,0,0
4377,-0.36820638721219134,-0.45997945171607557,0.11380938572285176,0.46778308109918687,-0.3837354099403615,-0.3888008986421099,-0.10052917088631763,1,0
523,-1.8180894199949655,1.2946814681604086,2.297857021498665,1.6472618520083906,0.5466309751060695,-0.3888008986421099,-0.10052917088631763,1,1
4840,0.3948899458313742,0.3324480604862078,-0.614206492869086,1.1716655734159698,-0.3837354099403615,-0.3888008986421099,-0.10052917088631763,1,0
3171,1.0053670122662262,-1.9882325109633363,0.8418252643147895,-0.3121948157923834,-1.3141017949867926,-0.3888008986421099,-0.10052917088631763,0,0
884,-0.7879093703861523,-1.1958049987610528,-1.342222371461024,-1.4155781821267999,-0.3837354099403615,-0.3888008986421099,-0.10052917088631763,0,1
3791,-0.10112267064694327,-0.5165814168733815,-0.614206492869086,-0.026837048636930864,-1.3141017949867926,2.572010516160091,-0.10052917088631763,2,0
4491,-1.5891605200818957,-0.4033774865587696,0.8418252643147895,-0.711695689810017,-0.3837354099403615,-0.3888008986421099,-0.10052917088631763,1,0
1946,0.5856640290922652,1.1814775378457971,0.8418252643147895,-0.7687672432411075,0.5466309751060695,-0.3888008986421099,-0.10052917088631763,1,1
1595,-0.6734449204296173,-1.4788148245475827,-1.342222371461024,-1.3394827775520126,-0.3837354099403615,-0.3888008986421099,-0.10052917088631763,1,1
3547,-1.0931479036035785,0.5022539559581258,-0.614206492869086,-0.2551232623612929,2.4073637451989316,-0.3888008986421099,-0.10052917088631763,1,0
4112,-1.7036249700384305,1.5776912939469385,1.5698411429067274,0.4297353788117932,-0.3837354099403615,-0.3888008986421099,-0.10052917088631763,0,0
2490,0.7001284790488002,-1.252406963918359,-0.614206492869086,-0.8829103501032884,-0.3837354099403615,2.572010516160091,-0.10052917088631763,0,0
3967,0.9290573789618695,-0.7995912426599115,0.11380938572285176,-0.00781319749323403,-1.3141017949867926,-0.3888008986421099,-0.10052917088631763,0,0
4459,0.3185803125270176,1.4078853984750206,-0.614206492869086,1.152641722272273,-0.3837354099403615,-0.3888008986421099,-0.10052917088631763,0,0
4227,1.4250699954401869,-0.45997945171607557,-0.614206492869086,1.133617871128576,-0.3837354099403615,-0.3888008986421099,-0.10052917088631763,1,0
964,-0.7879093703861523,-1.1958049987610528,-1.342222371461024,-1.187291968402438,-0.3837354099403615,-0.3888008986421099,-0.10052917088631763,0,1
1571,-0.6734449204296173,-1.365610894232971,-1.342222371461024,-1.2063158195461348,-0.3837354099403615,-0.3888008986421099,-0.10052917088631763,1,1
1100,-0.5208256538209044,-1.4788148245475827,-1.342222371461024,-0.9399819035343789,-0.3837354099403615,-0.3888008986421099,-0.10052917088631763,1,1
3628,-1.5128508867775392,-0.12036766077224019,0.8418252643147895,-0.38829022036717076,0.5466309751060695,-0.3888008986421099,-0.10052917088631763,1,0
3722,1.2724507288314741,-0.4033774865587696,0.8418252643147895,-0.5404810295167455,-1.3141017949867926,-0.3888008986421099,-0.10052917088631763,0,0
4452,1.119831462222761,-0.23357159108685158,0.8418252643147895,-0.2931709646486866,-0.3837354099403615,-0.3888008986421099,-0.10052917088631763,1,0
4358,0.0133417793095912,1.1814775378457971,0.8418252643147895,0.6199738902487616,-1.3141017949867926,-0.3888008986421099,-0.10052917088631763,1,0
259,1.1579862788749393,0.8984677120592672,0.8418252643147895,0.5629023368176711,1.4769973601525006,2.572010516160091,-0.10052917088631763,0,1
524,0.6238188457444436,0.5588559211154311,0.11380938572285176,0.6960692948235488,2.4073637451989316,-0.3888008986421099,-0.10052917088631763,1,1
4286,0.9672121956140478,0.2758460953289018,-0.614206492869086,0.5629023368176711,-1.3141017949867926,2.572010516160091,-0.10052917088631763,0,0
1053,-0.7879093703861523,-1.365610894232971,-1.342222371461024,-1.396554330983103,-0.3837354099403615,-0.3888008986421099,-0.10052917088631763,0,1
2912,-1.4746960701253609,-1.1958049987610528,0.8418252643147895,0.44875922995549006,-0.3837354099403615,-0.3888008986421099,-0.10052917088631763,0,0
3430,-0.17743230395129986,-0.34677552140146356,-0.614206492869086,-1.7770313538570397,-1.3141017949867926,-0.3888008986421099,-0.10052917088631763,0,0
3930,0.5856640290922652,-0.5731833820306875,0.11380938572285176,0.14437761165634067,0.5466309751060695,-0.3888008986421099,-0.10052917088631763,0,0
933,-0.597135287125261,-1.1392030336037469,-1.342222371461024,-0.9780296058217727,-0.3837354099403615,-0.3888008986421099,-0.10052917088631763,0,1
3026,-0.21558712060347818,-0.45997945171607557,0.8418252643147895,1.0575224665537888,-1.3141017949867926,-0.3888008986421099,-0.10052917088631763,0,0
468,-1.8562442366471437,1.2946814681604086,1.5698411429067274,1.7043334054394812,0.5466309751060695,-0.3888008986421099,-0.10052917088631763,0,1
4099,0.43304476248355206,-0.8561932078172175,0.11380938572285176,0.46778308109918687,0.5466309751060695,-0.3888008986421099,-0.10052917088631763,0,0
335,-1.8180894199949655,0.5022539559581258,1.5698411429067274,1.6662857031520875,0.5466309751060695,-0.3888008986421099,-0.10052917088631763,0,1
806,-0.8260641870383305,-0.5731833820306875,0.11380938572285176,0.6580215925361552,-1.3141017949867926,-0.3888008986421099,-0.10052917088631763,0,1
1204,-0.597135287125261,1.4078853984750206,1.5698411429067274,1.0765463176974857,0.5466309751060695,-0.3888008986421099,-0.10052917088631763,2,1
2018,-0.6352901037774392,0.6720598514300432,1.5698411429067274,-0.21707556007389922,2.4073637451989316,-0.3888008986421099,-0.10052917088631763,0,0
2688,-0.33005157056001305,0.1060401998569838,-1.342222371461024,1.152641722272273,-0.3837354099403615,2.572010516160091,-0.10052917088631763,0,0
4211,1.119831462222761,-1.0826010684464409,1.5698411429067274,0.25852071851852165,2.4073637451989316,2.572010516160091,-0.10052917088631763,0,0
2160,1.119831462222761,-0.0637656956149342,-0.614206492869086,-1.3394827775520126,-1.3141017949867926,-0.3888008986421099,-0.10052917088631763,1,0
851,-0.7879093703861523,-1.422212859390277,-1.342222371461024,-0.9780296058217727,-0.3837354099403615,-0.3888008986421099,-0.10052917088631763,0,1
2301,-0.25374193725565647,-1.7618246503341126,1.5698411429067274,-1.8341029072881303,1.4769973601525006,-0.3888008986421099,-0.10052917088631763,0,0
3465,-0.13927748729912157,0.6720598514300432,0.11380938572285176,0.3916876765243995,-0.3837354099403615,-0.3888008986421099,-0.10052917088631763,0,0
4551,0.2804254958748393,0.4456519908008198,1.5698411429067274,0.5819261879613679,-0.3837354099403615,2.572010516160091,9.94736145920113,0,0
1338,-0.6352901037774392,-0.912795172974523,-1.342222371461024,-1.1302204149713473,-0.3837354099403615,-0.3888008986421099,-0.10052917088631763,1,1
4875,0.6238188457444436,0.3890500256435138,0.8418252643147895,0.6580215925361552,0.5466309751060695,-0.3888008986421099,-0.10052917088631763,1,0
1543,-0.5208256538209044,-1.1392030336037469,-1.342222371461024,-1.4155781821267999,-0.3837354099403615,-0.3888008986421099,-0.10052917088631763,0,1
1253,-0.597135287125261,-1.252406963918359,-1.342222371461024,-0.9019342012469853,-0.3837354099403615,-0.3888008986421099,-0.10052917088631763,1,1
2081,0.43304476248355206,-0.34677552140146356,0.8418252643147895,-1.8341029072881303,1.4769973601525006,-0.3888008986421099,-0.10052917088631763,1,0
2566,-0.36820638721219134,-0.2901735562441576,0.8418252643147895,1.3428802337092414,-0.3837354099403615,-0.3888008986421099,-0.10052917088631763,0,0
2724,-0.44451602051654776,-0.45997945171607557,-1.342222371461024,-1.5487451401326777,-0.3837354099403615,-0.3888008986421099,-0.10052917088631763,0,0
3718,0.5856640290922652,1.2946814681604086,-0.614206492869086,-0.8829103501032884,-1.3141017949867926,-0.3888008986421099,-0.10052917088631763,0,0
4699,-1.5891605200818957,0.3324480604862078,0.11380938572285176,1.4760471917151192,2.4073637451989316,-0.3888008986421099,-0.10052917088631763,2,0
768,-0.5208256538209044,-1.025999103289135,-1.342222371461024,-1.4346020332704967,-0.3837354099403615,-0.3888008986421099,-0.10052917088631763,0,1
4347,-0.17743230395129986,0.1626421650142898,-1.342222371461024,-1.510697437845284,0.5466309751060695,-0.3888008986421099,-0.10052917088631763,0,0
2185,0.8145929290053351,0.6720598514300432,-0.614206492869086,-0.5024333272293517,-0.3837354099403615,-0.3888008986421099,-0.10052917088631763,1,0
1278,0.7764381123531567,1.5776912939469385,0.11380938572285176,1.2287371268470604,1.4769973601525006,-0.3888008986421099,-0.10052917088631763,0,1
139,0.6238188457444436,1.5776912939469385,0.11380938572285176,0.8863078062605173,1.4769973601525006,-0.3888008986421099,-0.10052917088631763,1,1
1361,-1.7799346033427872,0.6154578862727372,1.5698411429067274,1.133617871128576,1.4769973601525006,-0.3888008986421099,-0.10052917088631763,1,1
690,1.119831462222761,1.5776912939469385,0.11380938572285176,0.4868069322428837,1.4769973601525006,-0.3888008986421099,-0.10052917088631763,0,1
3879,-1.322076803516648,0.6720598514300432,0.8418252643147895,-1.187291968402438,0.5466309751060695,-0.3888008986421099,-0.10052917088631763,1,0
2224,-0.17743230395129986,-0.007163730457628193,-1.342222371461024,-0.5785287318041391,1.4769973601525006,-0.3888008986421099,-0.10052917088631763,1,0
3595,-1.0168382702992218,1.4644873636323266,0.8418252643147895,0.5629023368176711,1.4769973601525006,-0.3888008986421099,-0.10052917088631763,1,0
2926,-0.29189675390783476,0.9550696772165732,0.8418252643147895,0.3726638253807027,-0.3837354099403615,-0.3888008986421099,-0.10052917088631763,1,0
1036,-1.8180894199949655,1.2946814681604086,1.5698411429067274,1.019474764266395,0.5466309751060695,-0.3888008986421099,-0.10052917088631763,0,1
1839,-1.8180894199949655,1.0116716423738792,1.5698411429067274,1.837500363445359,0.5466309751060695,-0.3888008986421099,-0.10052917088631763,1,1
4948,-0.0248130373425871,-0.6863873123452996,0.11380938572285176,0.8672839551168204,0.5466309751060695,-0.3888008986421099,-0.10052917088631763,1,0
125,-0.44451602051654776,-1.309008929075665,-1.342222371461024,-1.2253396706898316,-0.3837354099403615,-0.3888008986421099,-0.10052917088631763,1,1
1284,-0.6734449204296173,-0.9693971381318289,-1.342222371461024,-0.9970534569654695,-0.3837354099403615,-0.3888008986421099,-0.10052917088631763,0,1
199,-1.8180894199949655,0.9550696772165732,2.297857021498665,1.5711664474336033,0.5466309751060695,-0.3888008986421099,-0.10052917088631763,1,1
1394,0.9290573789618695,1.1814775378457971,0.11380938572285176,0.8292362528294267,1.4769973601525006,-0.3888008986421099,-0.10052917088631763,0,1
3197,0.3185803125270176,-0.7429892775026056,-0.614206492869086,0.030234504794159643,-0.3837354099403615,-0.3888008986421099,-0.10052917088631763,2,0
3847,0.8145929290053351,-0.0637656956149342,0.11380938572285176,1.3048325314218476,-0.3837354099403615,-0.3888008986421099,-0.10052917088631763,0,0
3001,-1.2839219868644698,-1.1392030336037469,0.11380938572285176,0.4868069322428837,1.4769973601525006,-0.3888008986421099,-0.10052917088631763,0,0
2663,0.0896514126139478,0.2758460953289018,0.11380938572285176,-0.8638864989595917,0.5466309751060695,-0.3888008986421099,-0.10052917088631763,1,0
383,-0.48267083716872605,-1.365610894232971,-1.342222371461024,-1.1111965638276504,-0.3837354099403615,-0.3888008986421099,-0.10052917088631763,0,1
3049,0.9290573789618695,0.5588559211154311,0.8418252643147895,1.5711664474336033,-1.3141017949867926,2.572010516160091,-0.10052917088631763,1,0
686,0.8145929290053351,0.6720598514300432,0.11380938572285176,0.7150931459672457,1.4769973601525006,-0.3888008986421099,-0.10052917088631763,0,1
3746,-0.21558712060347818,-0.912795172974523,0.11380938572285176,0.4297353788117932,-1.3141017949867926,-0.3888008986421099,-0.10052917088631763,0,0
3866,0.0896514126139478,0.5588559211154311,0.11380938572285176,1.3238563825655445,-0.3837354099403615,-0.3888008986421099,-0.10052917088631763,1,0
2980,0.35673512917919586,-0.6297853471879936,0.11380938572285176,-1.187291968402438,-1.3141017949867926,-0.3888008986421099,-0.10052917088631763,1,0
1897,-0.7115997370817956,-1.309008929075665,-1.342222371461024,-1.4346020332704967,-0.3837354099403615,-0.3888008986421099,-0.10052917088631763,0,1
2054,-0.6352901037774392,-0.23357159108685158,-0.614206492869086,-0.711695689810017,-0.3837354099403615,2.572010516160091,-0.10052917088631763,0,0
2936,-1.0931479036035785,-1.365610894232971,-1.342222371461024,-1.6438643958511618,2.4073637451989316,2.572010516160091,-0.10052917088631763,1,0
4336,0.2804254958748393,-1.309008929075665,0.8418252643147895,0.3536399742370058,-1.3141017949867926,-0.3888008986421099,-0.10052917088631763,1,0
651,-0.7115997370817956,-1.5354167897048887,-1.342222371461024,-1.3014350752646189,-0.3837354099403615,-0.3888008986421099,-0.10052917088631763,0,1
2889,0.3185803125270176,0.1626421650142898,0.11380938572285176,0.011210653650462806,-0.3837354099403615,2.572010516160091,-0.10052917088631763,1,0
4273,-0.13927748729912157,0.5022539559581258,0.8418252643147895,1.1145940199848794,2.4073637451989316,-0.3888008986421099,-0.10052917088631763,0,0
2041,0.6238188457444436,-0.7995912426599115,-0.614206492869086,0.7341169971109426,-0.3837354099403615,-0.3888008986421099,-0.10052917088631763,1,0
3303,0.47119957913573035,0.2758460953289018,-1.342222371461024,0.6199738902487616,-0.3837354099403615,2.572010516160091,-0.10052917088631763,0,0
4617,0.2804254958748393,-1.0826010684464409,0.8418252643147895,0.04925835593785648,-0.3837354099403615,2.572010516160091,-0.10052917088631763,0,0
3100,0.0896514126139478,-0.912795172974523,-1.342222371461024,0.011210653650462806,0.5466309751060695,-0.3888008986421099,-0.10052917088631763,1,0
1205,-0.5589804704730826,-0.912795172974523,-1.342222371461024,-0.8448626478158948,-0.3837354099403615,-0.3888008986421099,-0.10052917088631763,1,1
846,-0.5208256538209044,-1.1958049987610528,-1.342222371461024,-1.073148861540257,-0.3837354099403615,-0.3888008986421099,-0.10052917088631763,0,1
3880,1.1579862788749393,0.8418657469019611,0.8418252643147895,1.038498615410092,-0.3837354099403615,-0.3888008986421099,-0.10052917088631763,0,0
248,-0.44451602051654776,-1.309008929075665,-1.342222371461024,-1.0351011592528632,-0.3837354099403615,-0.3888008986421099,-0.10052917088631763,1,1
4474,-1.1313027202557564,0.6154578862727372,0.8418252643147895,1.4570233405714224,0.5466309751060695,-0.3888008986421099,-0.10052917088631763,0,0
3267,0.5093543957879086,-0.7429892775026056,0.11380938572285176,-1.2253396706898316,-0.3837354099403615,-0.3888008986421099,-0.10052917088631763,0,0
900,1.0053670122662262,0.6154578862727372,0.8418252643147895,0.6770454436798521,1.4769973601525006,-0.3888008986421099,-0.10052917088631763,1,1
441,-0.6352901037774392,-1.365610894232971,-1.342222371461024,-1.2063158195461348,-0.3837354099403615,-0.3888008986421099,-0.10052917088631763,1,1
958,-0.7115997370817956,-0.8561932078172175,-1.342222371461024,-1.3204589264083157,-0.3837354099403615,-0.3888008986421099,-0.10052917088631763,0,1
3728,0.8909025623096917,-1.1392030336037469,-0.614206492869086,1.0004509131226982,1.4769973601525006,-0.3888008986421099,-0.10052917088631763,0,0
1565,-1.7417797866906088,0.4456519908008198,0.8418252643147895,-1.2633873729772251,-1.3141017949867926,-0.3888008986421099,-0.10052917088631763,1,1
1777,-0.5589804704730826,-1.422212859390277,-1.342222371461024,0.8672839551168204,-1.3141017949867926,-0.3888008986421099,-0.10052917088631763,0,1
4179,1.4250699954401869,-0.2901735562441576,0.11380938572285176,1.2858086802781508,0.5466309751060695,-0.3888008986421099,-0.10052917088631763,0,0
3470,1.2342959121792958,0.3890500256435138,0.11380938572285176,0.6389977413924584,-0.3837354099403615,2.572010516160091,-0.10052917088631763,0,0
261,-0.44451602051654776,-1.4788148245475827,-1.342222371461024,-0.9209580523906822,-0.3837354099403615,-0.3888008986421099,-0.10052917088631763,0,1
1437,-0.5589804704730826,-0.8561932078172175,-1.342222371461024,-1.1492442661150442,-0.3837354099403615,-0.3888008986421099,-0.10052917088631763,0,1
1994,-0.7497545537339739,-1.0826010684464409,-1.342222371461024,-1.187291968402438,-0.3837354099403615,-0.3888008986421099,-0.10052917088631763,1,1
1289,1.119831462222761,0.5022539559581258,0.8418252643147895,1.9326196191638432,1.4769973601525006,-0.3888008986421099,-0.10052917088631763,1,1
1399,-0.7115997370817956,-0.9693971381318289,-1.342222371461024,-0.8829103501032884,-0.3837354099403615,-0.3888008986421099,-0.10052917088631763,2,1
2019,1.1961410955271177,1.1248755726884911,0.11380938572285176,-0.711695689810017,1.4769973601525006,-0.3888008986421099,-0.10052917088631763,0,0
1801,-1.8562442366471437,0.3324480604862078,1.5698411429067274,1.152641722272273,0.5466309751060695,-0.3888008986421099,-0.10052917088631763,1,1
2508,1.3487603621358308,1.4078853984750206,-0.614206492869086,1.019474764266395,-1.3141017949867926,2.572010516160091,-0.10052917088631763,1,0
1848,-1.8562442366471437,0.6720598514300432,1.5698411429067274,1.266784829134454,0.5466309751060695,-0.3888008986421099,-0.10052917088631763,1,1
957,-0.44451602051654776,-1.0826010684464409,-1.342222371461024,-1.1302204149713473,-0.3837354099403615,2.572010516160091,-0.10052917088631763,1,1
477,-1.7799346033427872,0.8418657469019611,0.8418252643147895,1.3048325314218476,0.5466309751060695,-0.3888008986421099,-0.10052917088631763,1,1
498,0.0514965959617695,-1.309008929075665,2.297857021498665,1.152641722272273,0.5466309751060695,-0.3888008986421099,-0.10052917088631763,0,1
4795,-0.9786834536470435,-0.007163730457628193,-1.342222371461024,0.7150931459672457,1.4769973601525006,-0.3888008986421099,-0.10052917088631763,1,0
4541,-0.13927748729912157,0.7286618165873492,0.11380938572285176,-0.8638864989595917,-0.3837354099403615,-0.3888008986421099,9.94736145920113,0,0
179,-0.7879093703861523,-1.1958049987610528,-1.342222371461024,-1.4346020332704967,-0.3837354099403615,-0.3888008986421099,-0.10052917088631763,0,1
1906,-0.5589804704730826,-1.309008929075665,-1.342222371461024,-1.3585066286957095,-0.3837354099403615,-0.3888008986421099,-0.10052917088631763,2,1
2011,-0.06296785399476497,-0.7995912426599115,0.11380938572285176,1.0575224665537888,-0.3837354099403615,-0.3888008986421099,-0.10052917088631763,0,0
2069,0.1659610459183044,0.1060401998569838,0.11380938572285176,0.20144916508743116,0.5466309751060695,-0.3888008986421099,-0.10052917088631763,1,0
2722,-1.2839219868644698,-0.5731833820306875,0.8418252643147895,-0.6356002852352296,0.5466309751060695,-0.3888008986421099,-0.10052917088631763,0,0
2535,0.1659610459183044,0.8418657469019611,0.8418252643147895,-1.0160773081091663,-0.3837354099403615,-0.3888008986421099,-0.10052917088631763,0,0
2281,0.2804254958748393,-0.23357159108685158,0.11380938572285176,-1.4155781821267999,1.4769973601525006,-0.3888008986421099,-0.10052917088631763,1,0
1175,-1.8562442366471437,0.4456519908008198,1.5698411429067274,1.742381107726875,0.5466309751060695,-0.3888008986421099,-0.10052917088631763,1,1
4555,1.3106055454836525,0.5588559211154311,0.11380938572285176,-0.6546241363789265,-0.3837354099403615,-0.3888008986421099,9.94736145920113,1,0
545,-0.5589804704730826,-1.309008929075665,-1.342222371461024,-1.282411224120922,-0.3837354099403615,-0.3888008986421099,-0.10052917088631763,0,1
130,-0.7879093703861523,-1.5354167897048887,-1.342222371461024,-0.9780296058217727,-0.3837354099403615,-0.3888008986421099,-0.10052917088631763,1,1
3518,-0.17743230395129986,1.4644873636323266,-1.342222371461024,-0.7497433920974106,-0.3837354099403615,-0.3888008986421099,-0.10052917088631763,1,0
3290,1.4632248120923652,-0.2901735562441576,0.8418252643147895,-0.6165764340915327,-0.3837354099403615,-0.3888008986421099,-0.10052917088631763,2,0
4464,0.7764381123531567,-1.8184266154914184,1.5698411429067274,-0.5404810295167455,-0.3837354099403615,-0.3888008986421099,-0.10052917088631763,0,0
3379,1.4250699954401869,0.5022539559581258,0.11380938572285176,1.3238563825655445,-0.3837354099403615,-0.3888008986421099,-0.10052917088631763,0,0
4582,-0.21558712060347818,1.0682736075311852,0.11380938572285176,-0.2931709646486866,-1.3141017949867926,-0.3888008986421099,-0.10052917088631763,0,0
2375,-0.0248130373425871,0.7286618165873492,0.11380938572285176,-0.7307195409537138,-0.3837354099403615,-0.3888008986421099,-0.10052917088631763,1,0
1207,-0.5208256538209044,-1.0826010684464409,-1.342222371461024,-0.9590057546780758,-0.3837354099403615,-0.3888008986421099,-0.10052917088631763,0,1
4468,1.1961410955271177,0.3324480604862078,-0.614206492869086,-0.33121866693608026,-1.3141017949867926,2.572010516160091,-0.10052917088631763,0,0
2088,-0.21558712060347818,-0.34677552140146356,0.11380938572285176,-1.2063158195461348,-0.3837354099403615,-0.3888008986421099,-0.10052917088631763,1,0
1572,0.6238188457444436,1.3512834333177146,0.11380938572285176,0.5438784856739742,1.4769973601525006,-0.3888008986421099,-0.10052917088631763,1,1
645,0.0133417793095912,-0.5731833820306875,0.11380938572285176,0.6770454436798521,-0.3837354099403615,-0.3888008986421099,-0.10052917088631763,1,1
1357,-1.8180894199949655,0.3890500256435138,1.5698411429067274,1.3048325314218476,0.5466309751060695,-0.3888008986421099,-0.10052917088631763,0,1
4109,0.0896514126139478,-0.7995912426599115,0.11380938572285176,0.8863078062605173,-0.3837354099403615,-0.3888008986421099,-0.10052917088631763,0,0
829,0.0514965959617695,1.5776912939469385,-1.342222371461024,-0.8068149455285011,1.4769973601525006,-0.3888008986421099,-0.10052917088631763,1,1
351,-1.8562442366471437,0.4456519908008198,1.5698411429067274,1.9326196191638432,1.4769973601525006,-0.3888008986421099,-0.10052917088631763,0,1
1304,-0.48267083716872605,-0.8561932078172175,-1.342222371461024,-1.0160773081091663,-0.3837354099403615,-0.3888008986421099,-0.10052917088631763,1,1
2057,0.8909025623096917,-0.6297853471879936,0.8418252643147895,0.5438784856739742,-1.3141017949867926,-0.3888008986421099,-0.10052917088631763,0,0
2289,-0.40636120386436964,1.0116716423738792,-0.614206492869086,-1.9292221630066144,-1.3141017949867926,2.572010516160091,-0.10052917088631763,0,0
4479,0.8145929290053351,0.7852637817446552,-0.614206492869086,-1.2063158195461348,-0.3837354099403615,-0.3888008986421099,-0.10052917088631763,1,0
4107,1.0053670122662262,0.7286618165873492,0.11380938572285176,-0.33121866693608026,-0.3837354099403615,2.572010516160091,-0.10052917088631763,0,0
1185,-0.44451602051654776,-1.5354167897048887,-1.342222371461024,-1.1302204149713473,-0.3837354099403615,-0.3888008986421099,-0.10052917088631763,1,1
1220,0.6619736623966218,1.5776912939469385,0.11380938572285176,0.7721646993983362,1.4769973601525006,-0.3888008986421099,-0.10052917088631763,1,1
2381,-1.3602316201688263,-0.6863873123452996,-0.614206492869086,0.04925835593785648,2.4073637451989316,2.572010516160091,-0.10052917088631763,1,0
3128,0.35673512917919586,1.1814775378457971,-0.614206492869086,0.06828220708155332,-0.3837354099403615,-0.3888008986421099,-0.10052917088631763,1,0
4127,-1.6654701533862522,0.2192441301715958,0.8418252643147895,1.0955701688411825,2.4073637451989316,-0.3888008986421099,-0.10052917088631763,2,0
462,-0.5589804704730826,-1.252406963918359,-1.342222371461024,-1.2443635218335283,-0.3837354099403615,-0.3888008986421099,-0.10052917088631763,0,1
106,-1.2839219868644698,-1.4788148245475827,2.297857021498665,0.4107115276680964,1.4769973601525006,-0.3888008986421099,-0.10052917088631763,0,1
83,0.8145929290053351,-0.7429892775026056,0.11380938572285176,-1.2063158195461348,-0.3837354099403615,-0.3888008986421099,9.94736145920113,1,1
3246,-0.48267083716872605,-1.9882325109633363,1.5698411429067274,0.44875922995549006,-1.3141017949867926,-0.3888008986421099,-0.10052917088631763,1,0
4495,0.3948899458313742,0.7286618165873492,-0.614206492869086,-0.06488475092432454,-0.3837354099403615,-0.3888008986421099,-0.10052917088631763,1,0
1426,-1.8180894199949655,1.2380795030031027,2.297857021498665,1.609214149720997,0.5466309751060695,-0.3888008986421099,-0.10052917088631763,0,1
1063,1.119831462222761,0.6154578862727372,0.8418252643147895,1.2287371268470604,1.4769973601525006,-0.3888008986421099,-0.10052917088631763,1,1
3767,-0.5208256538209044,0.1060401998569838,0.8418252643147895,0.9624032108353046,-1.3141017949867926,-0.3888008986421099,-0.10052917088631763,0,0
3943,1.1961410955271177,1.0116716423738792,0.11380938572285176,-0.9399819035343789,-0.3837354099403615,-0.3888008986421099,-0.10052917088631763,1,0
416,-0.597135287125261,-1.365610894232971,-1.342222371461024,-0.9019342012469853,-0.3837354099403615,-0.3888008986421099,-0.10052917088631763,0,1
4971,0.6238188457444436,-0.7429892775026056,-1.342222371461024,1.038498615410092,0.5466309751060695,2.572010516160091,-0.10052917088631763,0,0
701,-0.44451602051654776,-1.025999103289135,-1.342222371461024,-1.1302204149713473,-0.3837354099403615,-0.3888008986421099,-0.10052917088631763,0,1
2167,0.6619736623966218,-0.12036766077224019,-0.614206492869086,-1.396554330983103,-0.3837354099403615,-0.3888008986421099,-0.10052917088631763,0,0
1348,-1.8180894199949655,1.3512834333177146,1.5698411429067274,1.7043334054394812,0.5466309751060695,-0.3888008986421099,-0.10052917088631763,0,1
2968,0.0133417793095912,0.4456519908008198,0.8418252643147895,-0.2931709646486866,-0.3837354099403615,2.572010516160091,-0.10052917088631763,1,0
253,-1.4746960701253609,-0.7429892775026056,2.297857021498665,-0.19805170893020238,-0.3837354099403615,-0.3888008986421099,-0.10052917088631763,1,1
60,1.0435218289184045,1.5776912939469385,0.11380938572285176,0.4297353788117932,1.4769973601525006,-0.3888008986421099,-0.10052917088631763,1,1
246,-0.48267083716872605,-1.4788148245475827,-1.342222371461024,-0.9019342012469853,-0.3837354099403615,-0.3888008986421099,-0.10052917088631763,1,1
2518,-0.10112267064694327,-0.5165814168733815,0.8418252643147895,-0.3502425180797771,0.5466309751060695,-0.3888008986421099,-0.10052917088631763,0,0
230,0.7764381123531567,1.4644873636323266,0.8418252643147895,0.6960692948235488,2.4073637451989316,-0.3888008986421099,-0.10052917088631763,1,1
4313,0.0514965959617695,1.0116716423738792,-1.342222371461024,0.3155922719496122,-1.3141017949867926,2.572010516160091,-0.10052917088631763,0,0
3160,1.2724507288314741,-0.5165814168733815,0.11380938572285176,0.7150931459672457,-0.3837354099403615,-0.3888008986421099,-0.10052917088631763,1,0
2528,0.1278062292661261,-0.5165814168733815,0.8418252643147895,0.5248546345302774,-0.3837354099403615,-0.3888008986421099,-0.10052917088631763,0,0
4379,1.0435218289184045,-0.9693971381318289,-1.342222371461024,0.08730605822525014,2.4073637451989316,-0.3888008986421099,-0.10052917088631763,1,0
827,-1.8180894199949655,1.1814775378457971,1.5698411429067274,1.266784829134454,0.5466309751060695,-0.3888008986421099,-0.10052917088631763,1,1
826,-1.7799346033427872,0.7852637817446552,1.5698411429067274,2.0087150237386306,0.5466309751060695,-0.3888008986421099,-0.10052917088631763,1,1
4683,1.119831462222761,-1.309008929075665,0.11380938572285176,-1.0160773081091663,-1.3141017949867926,-0.3888008986421099,-0.10052917088631763,1,0
1293,-0.6352901037774392,-1.1392030336037469,-1.342222371461024,-1.3394827775520126,-0.3837354099403615,-0.3888008986421099,-0.10052917088631763,1,1
4017,1.3106055454836525,0.7286618165873492,-0.614206492869086,0.6199738902487616,-1.3141017949867926,-0.3888008986421099,-0.10052917088631763,1,0
1492,-0.7115997370817956,-0.912795172974523,-1.342222371461024,-1.3204589264083157,-0.3837354099403615,-0.3888008986421099,-0.10052917088631763,1,1
3832,1.3869151787880087,-0.0637656956149342,0.11380938572285176,-0.9780296058217727,-1.3141017949867926,2.572010516160091,-0.10052917088631763,1,0
3238,1.5013796287445436,0.7852637817446552,0.8418252643147895,-1.282411224120922,-0.3837354099403615,-0.3888008986421099,-0.10052917088631763,2,0
1539,-0.6352901037774392,-1.025999103289135,-1.342222371461024,-1.282411224120922,-0.3837354099403615,-0.3888008986421099,-0.10052917088631763,1,1
4402,0.0896514126139478,-0.007163730457628193,0.11380938572285176,1.2287371268470604,0.5466309751060695,-0.3888008986421099,-0.10052917088631763,1,0
1525,0.6238188457444436,0.7852637817446552,0.8418252643147895,1.133617871128576,1.4769973601525006,-0.3888008986421099,-0.10052917088631763,1,1
888,-0.6352901037774392,-1.1958049987610528,-1.342222371461024,-1.2443635218335283,-0.3837354099403615,-0.3888008986421099,-0.10052917088631763,0,1
506,-1.7799346033427872,1.4078853984750206,1.5698411429067274,1.6472618520083906,1.4769973601525006,-0.3888008986421099,-0.10052917088631763,0,1
2449,-1.2457671702122914,-0.17696962592954618,-0.614206492869086,-0.2931709646486866,0.5466309751060695,-0.3888008986421099,-0.10052917088631763,0,0
1472,-0.7115997370817956,-0.912795172974523,-1.342222371461024,-1.3775304798394061,-0.3837354099403615,-0.3888008986421099,-0.10052917088631763,0,1
4803,1.4250699954401869,-1.0826010684464409,0.11380938572285176,1.152641722272273,-0.3837354099403615,-0.3888008986421099,-0.10052917088631763,1,0
2033,-0.13927748729912157,1.2380795030031027,0.11380938572285176,1.2287371268470604,0.5466309751060695,-0.3888008986421099,-0.10052917088631763,1,0
4511,0.8527477456575133,-0.4033774865587696,-0.614206492869086,-1.282411224120922,-0.3837354099403615,-0.3888008986421099,9.94736145920113,1,0
2761,-0.13927748729912157,-1.309008929075665,0.11380938572285176,-0.9590057546780758,-0.3837354099403615,2.572010516160091,-0.10052917088631763,0,0
142,-0.48267083716872605,-1.0826010684464409,-1.342222371461024,-0.9019342012469853,-0.3837354099403615,-0.3888008986421099,-0.10052917088631763,1,1
1451,0.7764381123531567,0.3324480604862078,0.11380938572285176,1.0955701688411825,1.4769973601525006,-0.3888008986421099,-0.10052917088631763,1,1
1558,-0.29189675390783476,0.7286618165873492,0.11380938572285176,-1.2253396706898316,-0.3837354099403615,-0.3888008986421099,-0.10052917088631763,0,1
2439,1.1579862788749393,-0.5165814168733815,-0.614206492869086,1.3428802337092414,-0.3837354099403615,2.572010516160091,-0.10052917088631763,1,0
1980,1.3106055454836525,0.5588559211154311,0.8418252643147895,1.1906894245596666,1.4769973601525006,-0.3888008986421099,-0.10052917088631763,0,1
3312,0.9290573789618695,0.1626421650142898,-0.614206492869086,0.5248546345302774,0.5466309751060695,2.572010516160091,-0.10052917088631763,0,0
3311,0.6238188457444436,-1.4788148245475827,1.5698411429067274,-1.0921727126839538,-0.3837354099403615,-0.3888008986421099,-0.10052917088631763,1,0
435,-1.8180894199949655,0.6720598514300432,1.5698411429067274,2.0277388748823273,0.5466309751060695,-0.3888008986421099,-0.10052917088631763,1,1
3660,-0.8642190036905089,-0.12036766077224019,-0.614206492869086,-1.8150790561444334,-0.3837354099403615,-0.3888008986421099,-0.10052917088631763,2,0
2410,0.9672121956140478,-1.1392030336037469,0.11380938572285176,1.3428802337092414,-0.3837354099403615,-0.3888008986421099,-0.10052917088631763,0,0
3400,-1.7036249700384305,1.5776912939469385,0.11380938572285176,-0.8638864989595917,1.4769973601525006,2.572010516160091,-0.10052917088631763,1,0
3183,1.0053670122662262,-1.309008929075665,0.11380938572285176,-0.46438562494195806,-0.3837354099403615,-0.3888008986421099,-0.10052917088631763,0,0
3511,1.0435218289184045,0.7286618165873492,0.11380938572285176,1.0575224665537888,-1.3141017949867926,-0.3888008986421099,-0.10052917088631763,1,0
874,0.7764381123531567,1.5776912939469385,0.8418252643147895,0.334616123093309,1.4769973601525006,-0.3888008986421099,-0.10052917088631763,1,1
1717,-1.8180894199949655,1.0116716423738792,1.5698411429067274,1.8755480657327528,1.4769973601525006,-0.3888008986421099,-0.10052917088631763,1,1
1598,0.9672121956140478,1.2946814681604086,0.8418252643147895,0.5248546345302774,1.4769973601525006,-0.3888008986421099,-0.10052917088631763,0,1
2568,1.119831462222761,-1.9316305458060303,0.11380938572285176,-0.3692663692234739,1.4769973601525006,-0.3888008986421099,-0.10052917088631763,0,0
281,-1.8180894199949655,1.4644873636323266,1.5698411429067274,1.247760977990757,0.5466309751060695,-0.3888008986421099,-0.10052917088631763,1,1
4996,0.35673512917919586,-0.9693971381318289,0.8418252643147895,-0.17902785778650554,-0.3837354099403615,-0.3888008986421099,-0.10052917088631763,1,0
2320,1.5776892620489003,0.3890500256435138,0.11380938572285176,-0.19805170893020238,-0.3837354099403615,-0.3888008986421099,-0.10052917088631763,1,0
3092,-0.33005157056001305,-0.7995912426599115,-0.614206492869086,-1.2633873729772251,0.5466309751060695,2.572010516160091,-0.10052917088631763,1,0
18,0.7764381123531567,1.5210893287896325,0.11380938572285176,1.0004509131226982,2.4073637451989316,-0.3888008986421099,-0.10052917088631763,1,1
84,1.0053670122662262,0.7286618165873492,0.11380938572285176,0.8863078062605173,2.4073637451989316,-0.3888008986421099,-0.10052917088631763,1,1
2732,-1.0549930869514001,1.0682736075311852,0.11380938572285176,0.8672839551168204,0.5466309751060695,-0.3888008986421099,-0.10052917088631763,1,0
1364,-0.7879093703861523,-1.4788148245475827,-1.342222371461024,-1.3014350752646189,-0.3837354099403615,-0.3888008986421099,-0.10052917088631763,0,1
3442,-0.13927748729912157,-0.6863873123452996,0.11380938572285176,-1.168268117258741,-0.3837354099403615,-0.3888008986421099,-0.10052917088631763,1,0
4761,0.47119957913573035,-0.9693971381318289,-0.614206492869086,0.9624032108353046,-1.3141017949867926,2.572010516160091,-0.10052917088631763,1,0
3562,1.4250699954401869,-1.8184266154914184,0.8418252643147895,1.5901902985773002,0.5466309751060695,-0.3888008986421099,-0.10052917088631763,1,0
1118,0.547509212440087,0.8984677120592672,0.8418252643147895,0.8863078062605173,1.4769973601525006,-0.3888008986421099,-0.10052917088631763,0,1
2008,1.5776892620489003,1.0682736075311852,0.8418252643147895,-1.2633873729772251,0.5466309751060695,-0.3888008986421099,-0.10052917088631763,1,0
1725,1.3106055454836525,0.9550696772165732,0.11380938572285176,0.7341169971109426,1.4769973601525006,-0.3888008986421099,-0.10052917088631763,1,1
2846,0.5856640290922652,-0.34677552140146356,-0.614206492869086,-1.282411224120922,-1.3141017949867926,-0.3888008986421099,-0.10052917088631763,0,0
943,-1.7799346033427872,0.9550696772165732,1.5698411429067274,1.8755480657327528,0.5466309751060695,-0.3888008986421099,-0.10052917088631763,1,1
4749,1.3106055454836525,1.5210893287896325,0.8418252643147895,0.6389977413924584,0.5466309751060695,-0.3888008986421099,-0.10052917088631763,0,0
4674,1.539534445396722,0.8984677120592672,0.8418252643147895,0.011210653650462806,1.4769973601525006,2.572010516160091,-0.10052917088631763,0,0
4504,1.4250699954401869,1.3512834333177146,0.8418252643147895,-0.5214571783730486,-0.3837354099403615,2.572010516160091,9.94736145920113,0,0
1735,-1.7799346033427872,0.8984677120592672,2.297857021498665,1.3809279359966349,0.5466309751060695,-0.3888008986421099,-0.10052917088631763,1,1
808,1.0816766455705826,1.5776912939469385,0.8418252643147895,0.46778308109918687,1.4769973601525006,-0.3888008986421099,-0.10052917088631763,0,1
994,1.0053670122662262,0.8984677120592672,0.11380938572285176,1.266784829134454,1.4769973601525006,-0.3888008986421099,-0.10052917088631763,1,1
1947,-0.7497545537339739,-1.309008929075665,-1.342222371461024,-1.2443635218335283,-0.3837354099403615,-0.3888008986421099,-0.10052917088631763,0,1
4618,0.8145929290053351,0.8418657469019611,0.8418252643147895,0.7150931459672457,-1.3141017949867926,2.572010516160091,-0.10052917088631763,0,0
3351,1.1579862788749393,0.4456519908008198,-0.614206492869086,-1.3204589264083157,-0.3837354099403615,-0.3888008986421099,-0.10052917088631763,0,0
4009,0.43304476248355206,1.5210893287896325,-0.614206492869086,-0.08390860206802138,-1.3141017949867926,-0.3888008986421099,-0.10052917088631763,0,0
2273,1.5013796287445436,0.8984677120592672,-0.614206492869086,0.030234504794159643,-1.3141017949867926,-0.3888008986421099,-0.10052917088631763,1,0
579,1.2342959121792958,1.3512834333177146,0.8418252643147895,0.7721646993983362,1.4769973601525006,-0.3888008986421099,-0.10052917088631763,0,1
3271,1.3106055454836525,-1.0826010684464409,-1.342222371461024,0.8863078062605173,-1.3141017949867926,-0.3888008986421099,-0.10052917088631763,2,0
4431,-0.25374193725565647,-0.7995912426599115,0.11380938572285176,1.3238563825655445,-0.3837354099403615,-0.3888008986421099,-0.10052917088631763,0,0
3581,0.1278062292661261,-0.5165814168733815,-0.614206492869086,0.9053316574042141,0.5466309751060695,-0.3888008986421099,-0.10052917088631763,1,0
4624,-0.7115997370817956,1.5210893287896325,1.5698411429067274,0.6199738902487616,2.4073637451989316,-0.3888008986421099,-0.10052917088631763,0,0
3115,-1.0549930869514001,-0.45997945171607557,-1.342222371461024,-1.2443635218335283,-0.3837354099403615,-0.3888008986421099,-0.10052917088631763,2,0
3689,1.0053670122662262,0.9550696772165732,-0.614206492869086,0.6009500391050647,-1.3141017949867926,-0.3888008986421099,-0.10052917088631763,0,0
4251,0.2804254958748393,1.4644873636323266,-0.614206492869086,-1.2633873729772251,-0.3837354099403615,-0.3888008986421099,-0.10052917088631763,1,0
403,0.6238188457444436,1.5776912939469385,0.8418252643147895,1.3809279359966349,1.4769973601525006,-0.3888008986421099,-0.10052917088631763,1,1
892,0.6619736623966218,0.7852637817446552,0.8418252643147895,0.6580215925361552,1.4769973601525006,-0.3888008986421099,-0.10052917088631763,2,1
371,-0.7879093703861523,-1.5354167897048887,-1.342222371461024,-1.1492442661150442,-0.3837354099403615,-0.3888008986421099,-0.10052917088631763,1,1
817,1.0053670122662262,1.4078853984750206,0.8418252643147895,0.9243555085479109,1.4769973601525006,-0.3888008986421099,-0.10052917088631763,0,1
1392,0.547509212440087,1.5776912939469385,0.11380938572285176,-0.6356002852352296,-0.3837354099403615,-0.3888008986421099,-0.10052917088631763,0,1
501,1.2724507288314741,0.6720598514300432,0.8418252643147895,1.1906894245596666,1.4769973601525006,-0.3888008986421099,-0.10052917088631763,0,1
3058,0.0133417793095912,0.2758460953289018,0.11380938572285176,-1.0921727126839538,-0.3837354099403615,2.572010516160091,-0.10052917088631763,1,0
191,-1.8562442366471437,0.4456519908008198,2.297857021498665,1.5331187451462096,1.4769973601525006,-0.3888008986421099,-0.10052917088631763,1,1
3977,0.35673512917919586,-0.34677552140146356,-0.614206492869086,0.6580215925361552,-0.3837354099403615,-0.3888008986421099,-0.10052917088631763,1,0
2186,0.5856640290922652,0.3890500256435138,0.11380938572285176,-1.0921727126839538,-1.3141017949867926,2.572010516160091,-0.10052917088631763,1,0
160,-0.48267083716872605,-1.5354167897048887,-1.342222371461024,-1.3394827775520126,-0.3837354099403615,-0.3888008986421099,-0.10052917088631763,1,1
2742,0.8527477456575133,1.0116716423738792,0.11380938572285176,0.7341169971109426,-1.3141017949867926,-0.3888008986421099,-0.10052917088631763,1,0
4688,1.0816766455705826,-0.007163730457628193,0.11380938572285176,-0.46438562494195806,-1.3141017949867926,-0.3888008986421099,-0.10052917088631763,2,0
1421,-0.5208256538209044,-0.8561932078172175,-1.342222371461024,-1.0921727126839538,-0.3837354099403615,-0.3888008986421099,-0.10052917088631763,1,1
3217,1.119831462222761,0.1626421650142898,0.11380938572285176,0.29656842080591533,-1.3141017949867926,-0.3888008986421099,-0.10052917088631763,1,0
3713,1.3869151787880087,1.2946814681604086,0.11380938572285176,-0.9019342012469853,-0.3837354099403615,-0.3888008986421099,-0.10052917088631763,0,0
1996,-0.7879093703861523,-0.8561932078172175,-1.342222371461024,-1.05412501039656,-0.3837354099403615,-0.3888008986421099,-0.10052917088631763,1,1
3302,-0.33005157056001305,-0.17696962592954618,-1.342222371461024,-1.05412501039656,-1.3141017949867926,-0.3888008986421099,-0.10052917088631763,0,0
2350,0.35673512917919586,-0.2901735562441576,0.11380938572285176,-0.19805170893020238,0.5466309751060695,-0.3888008986421099,-0.10052917088631763,1,0
1862,-1.7799346033427872,1.1248755726884911,1.5698411429067274,1.266784829134454,0.5466309751060695,-0.3888008986421099,-0.10052917088631763,0,1
2141,0.547509212440087,-0.5165814168733815,-0.614206492869086,-0.5024333272293517,-0.3837354099403615,2.572010516160091,-0.10052917088631763,1,0
2291,0.8909025623096917,0.5588559211154311,0.11380938572285176,-0.6736479875226233,-1.3141017949867926,-0.3888008986421099,-0.10052917088631763,0,0
1502,-0.7115997370817956,-1.365610894232971,-1.342222371461024,-0.9780296058217727,-0.3837354099403615,-0.3888008986421099,-0.10052917088631763,1,1
1771,1.0053670122662262,1.5776912939469385,0.8418252643147895,0.9053316574042141,1.4769973601525006,-0.3888008986421099,-0.10052917088631763,1,1
619,-0.48267083716872605,-0.8561932078172175,-1.342222371461024,-1.0351011592528632,-0.3837354099403615,-0.3888008986421099,-0.10052917088631763,2,1
381,-0.5208256538209044,-1.5354167897048887,-1.342222371461024,-0.8829103501032884,-0.3837354099403615,-0.3888008986421099,-0.10052917088631763,0,1
950,-1.7799346033427872,1.2946814681604086,1.5698411429067274,1.5711664474336033,0.5466309751060695,-0.3888008986421099,-0.10052917088631763,1,1
1202,-1.8180894199949655,0.2758460953289018,0.8418252643147895,0.9433793596916078,0.5466309751060695,-0.3888008986421099,-0.10052917088631763,0,1
2420,1.5013796287445436,-0.34677552140146356,1.5698411429067274,-0.7307195409537138,1.4769973601525006,-0.3888008986421099,-0.10052917088631763,1,0
1258,1.1579862788749393,1.1248755726884911,0.11380938572285176,0.5819261879613679,2.4073637451989316,-0.3888008986421099,-0.10052917088631763,1,1
1435,-0.7879093703861523,-1.1392030336037469,-1.342222371461024,-1.187291968402438,-0.3837354099403615,-0.3888008986421099,-0.10052917088631763,0,1
2557,0.2041158625704827,1.0682736075311852,0.11380938572285176,0.8292362528294267,-0.3837354099403615,-0.3888008986421099,-0.10052917088631763,0,0
716,-0.8260641870383305,-1.5354167897048887,-1.342222371461024,-1.4346020332704967,-0.3837354099403615,-0.3888008986421099,-0.10052917088631763,1,1
4833,0.6238188457444436,1.5210893287896325,0.8418252643147895,-1.073148861540257,-1.3141017949867926,-0.3888008986421099,-0.10052917088631763,1,0
998,1.0816766455705826,1.2380795030031027,0.8418252643147895,0.4107115276680964,1.4769973601525006,-0.3888008986421099,-0.10052917088631763,0,1
4004,0.0133417793095912,0.049438234699677806,0.8418252643147895,-0.7687672432411075,-0.3837354099403615,2.572010516160091,-0.10052917088631763,0,0
4120,0.3185803125270176,-0.5731833820306875,0.11380938572285176,0.9053316574042141,-1.3141017949867926,-0.3888008986421099,-0.10052917088631763,0,0
4316,0.0514965959617695,1.1814775378457971,0.11380938572285176,-1.073148861540257,-0.3837354099403615,-0.3888008986421099,-0.10052917088631763,0,0
4401,0.8527477456575133,0.049438234699677806,0.8418252643147895,-1.282411224120922,-0.3837354099403615,-0.3888008986421099,-0.10052917088631763,0,0
3906,1.119831462222761,-0.912795172974523,-1.342222371461024,0.220473016231128,-0.3837354099403615,2.572010516160091,-0.10052917088631763,1,0
1234,-0.6352901037774392,-1.025999103289135,-1.342222371461024,-0.9590057546780758,-0.3837354099403615,-0.3888008986421099,-0.10052917088631763,0,1
3322,1.5776892620489003,0.049438234699677806,0.8418252643147895,-0.1029324532117182,0.5466309751060695,2.572010516160091,-0.10052917088631763,1,0
3810,-0.33005157056001305,-1.365610894232971,0.11380938572285176,0.8482601039731236,-0.3837354099403615,-0.3888008986421099,-0.10052917088631763,0,0
1413,-0.44451602051654776,-1.4788148245475827,-1.342222371461024,-1.187291968402438,-0.3837354099403615,-0.3888008986421099,-0.10052917088631763,1,1
1560,0.7382832957009784,0.5588559211154311,0.11380938572285176,0.2775445696622185,1.4769973601525006,-0.3888008986421099,-0.10052917088631763,0,1
1264,-0.8260641870383305,-1.1958049987610528,-1.342222371461024,-1.1302204149713473,-0.3837354099403615,-0.3888008986421099,-0.10052917088631763,1,1
1689,-0.6352901037774392,-1.365610894232971,-1.342222371461024,-0.9019342012469853,-0.3837354099403615,-0.3888008986421099,-0.10052917088631763,1,1
617,-0.7115997370817956,-1.309008929075665,-1.342222371461024,-1.1111965638276504,-0.3837354099403615,-0.3888008986421099,-0.10052917088631763,0,1
2979,1.1579862788749393,0.7852637817446552,-0.614206492869086,-0.2931709646486866,-0.3837354099403615,-0.3888008986421099,-0.10052917088631763,1,0
4494,0.3948899458313742,-1.1392030336037469,0.8418252643147895,0.011210653650462806,-0.3837354099403615,-0.3888008986421099,-0.10052917088631763,1,0
803,1.0435218289184045,0.5588559211154311,0.8418252643147895,1.1716655734159698,2.4073637451989316,-0.3888008986421099,-0.10052917088631763,0,1
2361,-1.4746960701253609,-0.5165814168733815,0.11380938572285176,-1.1492442661150442,2.4073637451989316,-0.3888008986421099,-0.10052917088631763,1,0
3133,-0.29189675390783476,0.049438234699677806,-0.614206492869086,-1.0351011592528632,-0.3837354099403615,-0.3888008986421099,-0.10052917088631763,1,0
3253,1.4250699954401869,-0.2901735562441576,-0.614206492869086,-0.3692663692234739,-0.3837354099403615,-0.3888008986421099,-0.10052917088631763,0,0
287,-1.7799346033427872,0.6154578862727372,1.5698411429067274,1.970667321451237,0.5466309751060695,-0.3888008986421099,-0.10052917088631763,1,1
4008,0.6238188457444436,-0.0637656956149342,0.11380938572285176,-1.3204589264083157,-1.3141017949867926,-0.3888008986421099,-0.10052917088631763,0,0
4926,1.119831462222761,-1.025999103289135,0.11380938572285176,0.1634014628000375,-0.3837354099403615,-0.3888008986421099,-0.10052917088631763,0,0
2451,0.547509212440087,-0.7995912426599115,0.8418252643147895,-1.05412501039656,-0.3837354099403615,2.572010516160091,-0.10052917088631763,0,0
4023,0.3948899458313742,-0.4033774865587696,-0.614206492869086,-0.3692663692234739,0.5466309751060695,-0.3888008986421099,-0.10052917088631763,1,0
3512,0.547509212440087,1.3512834333177146,-0.614206492869086,-1.1302204149713473,-0.3837354099403615,-0.3888008986421099,-0.10052917088631763,1,0
1504,-0.6734449204296173,-1.4788148245475827,-1.342222371461024,-0.9019342012469853,-0.3837354099403615,-0.3888008986421099,-0.10052917088631763,0,1
4424,1.0053670122662262,-0.9693971381318289,-0.614206492869086,0.7531408482546395,-0.3837354099403615,-0.3888008986421099,-0.10052917088631763,0,0
1716,-0.8260641870383305,-1.4788148245475827,-1.342222371461024,-0.8638864989595917,-0.3837354099403615,-0.3888008986421099,-0.10052917088631763,0,1
1941,-0.6734449204296173,-1.422212859390277,-1.342222371461024,-1.2633873729772251,-0.3837354099403615,-0.3888008986421099,-0.10052917088631763,0,1
4055,0.2041158625704827,-0.912795172974523,0.11380938572285176,1.3619040848529382,1.4769973601525006,2.572010516160091,-0.10052917088631763,1,0
1206,-1.8562442366471437,0.6720598514300432,2.297857021498665,1.9896911725949338,0.5466309751060695,-0.3888008986421099,-0.10052917088631763,0,1
890,-1.7799346033427872,0.3890500256435138,1.5698411429067274,1.495071042858816,0.5466309751060695,-0.3888008986421099,-0.10052917088631763,0,1
2531,-0.33005157056001305,0.4456519908008198,-1.342222371461024,1.3809279359966349,-1.3141017949867926,-0.3888008986421099,-0.10052917088631763,1,0
4985,1.2724507288314741,0.4456519908008198,0.11380938572285176,-0.40731407151086757,-0.3837354099403615,-0.3888008986421099,-0.10052917088631763,1,0
746,-1.7799346033427872,0.3324480604862078,1.5698411429067274,0.8102124016857299,0.5466309751060695,-0.3888008986421099,-0.10052917088631763,1,1
2788,-0.36820638721219134,1.5776912939469385,-0.614206492869086,0.25852071851852165,-1.3141017949867926,-0.3888008986421099,-0.10052917088631763,1,0
3326,-0.21558712060347818,-1.025999103289135,0.8418252643147895,0.8482601039731236,0.5466309751060695,-0.3888008986421099,-0.10052917088631763,2,0
2773,-0.13927748729912157,-0.912795172974523,0.11380938572285176,0.46778308109918687,-0.3837354099403615,-0.3888008986421099,-0.10052917088631763,1,0
4814,0.547509212440087,1.1248755726884911,-0.614206492869086,0.4297353788117932,-0.3837354099403615,-0.3888008986421099,-0.10052917088631763,0,0
1248,-1.8562442366471437,1.2380795030031027,2.297857021498665,0.8482601039731236,0.5466309751060695,-0.3888008986421099,-0.10052917088631763,0,1
3227,0.0896514126139478,-0.5731833820306875,-0.614206492869086,-1.282411224120922,-1.3141017949867926,-0.3888008986421099,-0.10052917088631763,0,0
2335,0.8145929290053351,-1.252406963918359,0.8418252643147895,-0.5024333272293517,-0.3837354099403615,-0.3888008986421099,-0.10052917088631763,2,0
4330,-0.44451602051654776,-1.6486207200195007,0.11380938572285176,1.0575224665537888,-0.3837354099403615,-0.3888008986421099,-0.10052917088631763,1,0
3700,1.4632248120923652,0.1626421650142898,0.11380938572285176,-0.711695689810017,-0.3837354099403615,-0.3888008986421099,-0.10052917088631763,2,0
154,-0.6734449204296173,-1.1392030336037469,-1.342222371461024,-0.9019342012469853,-0.3837354099403615,-0.3888008986421099,-0.10052917088631763,1,1
3871,-1.4365412534731827,1.1814775378457971,0.11380938572285176,-1.9292221630066144,1.4769973601525006,-0.3888008986421099,-0.10052917088631763,1,0
4498,-0.5589804704730826,-1.7618246503341126,0.11380938572285176,-0.23609941121759606,-0.3837354099403615,-0.3888008986421099,-0.10052917088631763,0,0
92,1.1961410955271177,1.5776912939469385,0.8418252643147895,0.8292362528294267,1.4769973601525006,-0.3888008986421099,-0.10052917088631763,1,1
63,-1.8180894199949655,1.2946814681604086,1.5698411429067274,0.7911885505420331,1.4769973601525006,-0.3888008986421099,-0.10052917088631763,0,1
931,-0.9786834536470435,-0.7995912426599115,0.8418252643147895,1.3048325314218476,1.4769973601525006,-0.3888008986421099,-0.10052917088631763,2,1
2737,0.6238188457444436,-0.45997945171607557,0.11380938572285176,-1.9292221630066144,2.4073637451989316,2.572010516160091,-0.10052917088631763,1,0
2192,0.547509212440087,-0.4033774865587696,0.11380938572285176,0.4107115276680964,-0.3837354099403615,-0.3888008986421099,-0.10052917088631763,1,0
3173,0.6619736623966218,-0.912795172974523,0.11380938572285176,0.5248546345302774,-0.3837354099403615,-0.3888008986421099,-0.10052917088631763,0,0
3556,0.547509212440087,-0.007163730457628193,0.8418252643147895,-0.16000400664280873,0.5466309751060695,-0.3888008986421099,-0.10052917088631763,1,0
2454,-0.25374193725565647,-1.309008929075665,0.11380938572285176,0.6009500391050647,-1.3141017949867926,-0.3888008986421099,-0.10052917088631763,0,0
1197,-0.7879093703861523,-0.9693971381318289,-1.342222371461024,-0.825838796672198,-0.3837354099403615,-0.3888008986421099,-0.10052917088631763,0,1
1086,0.7382832957009784,1.5776912939469385,0.11380938572285176,1.3238563825655445,1.4769973601525006,-0.3888008986421099,-0.10052917088631763,0,1
4288,-0.06296785399476497,-0.34677552140146356,0.8418252643147895,-0.9019342012469853,-1.3141017949867926,-0.3888008986421099,-0.10052917088631763,0,0
3231,1.2724507288314741,-1.7052226851768066,-1.342222371461024,-1.1492442661150442,-0.3837354099403615,2.572010516160091,-0.10052917088631763,0,0
3411,-1.3983864368210046,-0.34677552140146356,0.11380938572285176,-0.711695689810017,1.4769973601525006,-0.3888008986421099,-0.10052917088631763,1,0
1417,-1.7799346033427872,0.7286618165873492,1.5698411429067274,1.7614049588705718,0.5466309751060695,-0.3888008986421099,-0.10052917088631763,1,1
3934,0.0514965959617695,0.049438234699677806,-0.614206492869086,-0.825838796672198,-0.3837354099403615,2.572010516160091,-0.10052917088631763,0,0
4100,-0.29189675390783476,0.7286618165873492,0.11380938572285176,1.3238563825655445,-1.3141017949867926,-0.3888008986421099,-0.10052917088631763,0,0
4927,0.43304476248355206,-1.309008929075665,-0.614206492869086,-0.08390860206802138,0.5466309751060695,-0.3888008986421099,-0.10052917088631763,0,0
727,-0.48267083716872605,-1.4788148245475827,-1.342222371461024,-0.9399819035343789,-0.3837354099403615,2.572010516160091,-0.10052917088631763,0,1
1701,-0.7497545537339739,-1.5354167897048887,-1.342222371461024,-1.3394827775520126,-0.3837354099403615,-0.3888008986421099,-0.10052917088631763,0,1
3073,-1.627315336734074,0.7286618165873492,-0.614206492869086,-0.06488475092432454,-1.3141017949867926,-0.3888008986421099,-0.10052917088631763,0,0
1787,-0.5589804704730826,-1.0826010684464409,-1.342222371461024,-1.1302204149713473,-0.3837354099403615,-0.3888008986421099,-0.10052917088631763,0,1
275,-1.7799346033427872,1.0116716423738792,1.5698411429067274,0.9814270619790014,0.5466309751060695,-0.3888008986421099,-0.10052917088631763,1,1
2995,0.242270679222661,1.3512834333177146,0.11380938572285176,-0.9590057546780758,1.4769973601525006,-0.3888008986421099,-0.10052917088631763,0,0
2862,1.2724507288314741,0.9550696772165732,0.11380938572285176,-1.1111965638276504,-0.3837354099403615,2.572010516160091,-0.10052917088631763,1,0
2916,-0.7497545537339739,-1.6486207200195007,-1.342222371461024,-0.8068149455285011,2.4073637451989316,-0.3888008986421099,-0.10052917088631763,0,0
3437,-1.627315336734074,-2.0448344761206423,0.8418252643147895,-0.825838796672198,-1.3141017949867926,-0.3888008986421099,-0.10052917088631763,1,0
1516,0.547509212440087,1.5210893287896325,0.8418252643147895,1.038498615410092,1.4769973601525006,-0.3888008986421099,-0.10052917088631763,2,1
2638,-0.29189675390783476,-1.309008929075665,-0.614206492869086,0.220473016231128,-0.3837354099403615,-0.3888008986421099,-0.10052917088631763,0,0
1653,1.119831462222761,1.4078853984750206,0.8418252643147895,0.9053316574042141,2.4073637451989316,-0.3888008986421099,-0.10052917088631763,1,1
3502,0.2804254958748393,-2.0448344761206423,-1.342222371461024,1.5140948940025127,-0.3837354099403615,-0.3888008986421099,-0.10052917088631763,0,0
4737,0.9672121956140478,1.0682736075311852,-0.614206492869086,-0.6546241363789265,-0.3837354099403615,-0.3888008986421099,9.94736145920113,0,0
1503,-1.8180894199949655,0.6154578862727372,0.8418252643147895,1.3048325314218476,1.4769973601525006,-0.3888008986421099,-0.10052917088631763,1,1
245,1.1961410955271177,0.7852637817446552,0.8418252643147895,1.3809279359966349,1.4769973601525006,-0.3888008986421099,-0.10052917088631763,1,1
4607,0.9290573789618695,-0.23357159108685158,-0.614206492869086,-1.187291968402438,-1.3141017949867926,-0.3888008986421099,-0.10052917088631763,1,0
4002,-1.5891605200818957,1.2380795030031027,-0.614206492869086,-0.46438562494195806,0.5466309751060695,-0.3888008986421099,-0.10052917088631763,0,0
3995,0.2041158625704827,1.4644873636323266,0.11380938572285176,-0.8068149455285011,-1.3141017949867926,-0.3888008986421099,-0.10052917088631763,0,0
1368,-0.6734449204296173,-1.5354167897048887,-1.342222371461024,-1.187291968402438,-0.3837354099403615,-0.3888008986421099,-0.10052917088631763,1,1
2166,1.2342959121792958,1.1248755726884911,-0.614206492869086,-0.9590057546780758,-0.3837354099403615,-0.3888008986421099,-0.10052917088631763,1,0
508,-0.7115997370817956,-1.025999103289135,-1.342222371461024,-0.8448626478158948,-0.3837354099403615,-0.3888008986421099,-0.10052917088631763,1,1
1131,-0.7879093703861523,-1.422212859390277,-1.342222371461024,-1.0160773081091663,-0.3837354099403615,-0.3888008986421099,-0.10052917088631763,0,1
3579,0.3185803125270176,1.1248755726884911,-1.342222371461024,-1.9101983118629176,0.5466309751060695,-0.3888008986421099,-0.10052917088631763,0,0
864,-0.7115997370817956,-0.9693971381318289,-1.342222371461024,-1.073148861540257,-0.3837354099403615,-0.3888008986421099,-0.10052917088631763,1,1
963,-0.6352901037774392,-1.5354167897048887,-1.342222371461024,-0.9970534569654695,-0.3837354099403615,-0.3888008986421099,-0.10052917088631763,0,1
2709,-0.33005157056001305,0.2758460953289018,0.11380938572285176,0.29656842080591533,-1.3141017949867926,-0.3888008986421099,-0.10052917088631763,1,0
3627,0.5093543957879086,0.4456519908008198,-0.614206492869086,-0.38829022036717076,-1.3141017949867926,2.572010516160091,-0.10052917088631763,1,0
3860,-0.17743230395129986,-1.252406963918359,1.5698411429067274,1.1716655734159698,2.4073637451989316,-0.3888008986421099,-0.10052917088631763,1,0
3587,1.0053670122662262,0.7286618165873492,0.11380938572285176,0.8292362528294267,-1.3141017949867926,-0.3888008986421099,-0.10052917088631763,1,0
2312,0.2804254958748393,-1.252406963918359,0.8418252643147895,1.2858086802781508,-1.3141017949867926,-0.3888008986421099,-0.10052917088631763,1,0
4411,0.9672121956140478,0.7286618165873492,0.11380938572285176,1.1145940199848794,-0.3837354099403615,-0.3888008986421099,-0.10052917088631763,1,0
3992,-0.10112267064694327,-0.7429892775026056,-0.614206492869086,0.8102124016857299,-0.3837354099403615,-0.3888008986421099,-0.10052917088631763,1,0
2711,1.2342959121792958,-1.422212859390277,-1.342222371461024,-1.8150790561444334,2.4073637451989316,2.572010516160091,-0.10052917088631763,1,0
3040,-1.5891605200818957,0.8418657469019611,-0.614206492869086,-1.9672698652940082,1.4769973601525006,2.572010516160091,-0.10052917088631763,0,0
520,-0.7115997370817956,-1.1958049987610528,-1.342222371461024,-1.396554330983103,-0.3837354099403615,-0.3888008986421099,-0.10052917088631763,1,1
1515,-1.8180894199949655,-0.23357159108685158,-0.614206492869086,-0.44536177379826125,-0.3837354099403615,-0.3888008986421099,-0.10052917088631763,0,1
1275,-0.48267083716872605,-1.0826010684464409,-1.342222371461024,-1.3585066286957095,-0.3837354099403615,-0.3888008986421099,-0.10052917088631763,0,1
834,1.1961410955271177,0.5588559211154311,0.8418252643147895,0.4107115276680964,2.4073637451989316,-0.3888008986421099,-0.10052917088631763,1,1
4844,0.47119957913573035,1.4644873636323266,0.11380938572285176,-0.5024333272293517,1.4769973601525006,-0.3888008986421099,-0.10052917088631763,1,0
3187,1.3869151787880087,-0.12036766077224019,0.8418252643147895,-1.05412501039656,-1.3141017949867926,-0.3888008986421099,-0.10052917088631763,0,0
1095,-1.7799346033427872,0.2758460953289018,1.5698411429067274,1.3809279359966349,0.5466309751060695,-0.3888008986421099,-0.10052917088631763,1,1
3690,0.1659610459183044,-0.5165814168733815,-1.342222371461024,-1.510697437845284,-1.3141017949867926,-0.3888008986421099,-0.10052917088631763,0,0
3482,0.3185803125270176,-0.6863873123452996,-0.614206492869086,-0.44536177379826125,0.5466309751060695,-0.3888008986421099,-0.10052917088631763,1,0
4304,-0.29189675390783476,-1.025999103289135,0.11380938572285176,-0.711695689810017,-0.3837354099403615,-0.3888008986421099,-0.10052917088631763,1,0
1665,-1.8180894199949655,1.3512834333177146,1.5698411429067274,1.1716655734159698,0.5466309751060695,-0.3888008986421099,-0.10052917088631763,0,1
1480,-0.7115997370817956,-0.8561932078172175,-1.342222371461024,-1.1492442661150442,-0.3837354099403615,-0.3888008986421099,-0.10052917088631763,0,1
4019,0.3185803125270176,1.5210893287896325,0.11380938572285176,1.152641722272273,-1.3141017949867926,-0.3888008986421099,-0.10052917088631763,1,0
2110,1.539534445396722,1.1248755726884911,0.11380938572285176,-0.026837048636930864,-0.3837354099403615,2.572010516160091,-0.10052917088631763,1,0
2542,0.9672121956140478,1.1814775378457971,0.8418252643147895,0.7341169971109426,-0.3837354099403615,-0.3888008986421099,-0.10052917088631763,1,0
1923,-0.597135287125261,-1.1392030336037469,-1.342222371461024,-1.3014350752646189,-0.3837354099403615,-0.3888008986421099,-0.10052917088631763,1,1
30,-0.7497545537339739,-1.252406963918359,-1.342222371461024,-1.3394827775520126,-0.3837354099403615,-0.3888008986421099,-0.10052917088631763,1,1
4,0.547509212440087,0.8418657469019611,0.8418252643147895,0.3916876765243995,1.4769973601525006,-0.3888008986421099,-0.10052917088631763,1,1
3777,-0.17743230395129986,-0.23357159108685158,0.11380938572285176,0.220473016231128,-0.3837354099403615,-0.3888008986421099,-0.10052917088631763,0,0
4033,0.2041158625704827,0.2192441301715958,0.11380938572285176,0.2775445696622185,-1.3141017949867926,2.572010516160091,-0.10052917088631763,0,0
941,1.3106055454836525,1.1248755726884911,0.11380938572285176,0.8102124016857299,1.4769973601525006,-0.3888008986421099,-0.10052917088631763,1,1
2887,1.5013796287445436,-0.12036766077224019,-0.614206492869086,0.011210653650462806,-0.3837354099403615,-0.3888008986421099,-0.10052917088631763,1,0
3069,0.47119957913573035,1.4078853984750206,0.11380938572285176,0.7911885505420331,-0.3837354099403615,-0.3888008986421099,-0.10052917088631763,0,0
585,-0.6352901037774392,-0.912795172974523,-1.342222371461024,-0.9209580523906822,-0.3837354099403615,-0.3888008986421099,9.94736145920113,0,1
1649,-1.8180894199949655,1.4078853984750206,2.297857021498665,1.5140948940025127,0.5466309751060695,-0.3888008986421099,-0.10052917088631763,1,1
2552,0.547509212440087,-0.5731833820306875,0.11380938572285176,1.019474764266395,-0.3837354099403615,-0.3888008986421099,-0.10052917088631763,1,0
2231,1.3487603621358308,0.4456519908008198,0.11380938572285176,0.8672839551168204,-0.3837354099403615,-0.3888008986421099,-0.10052917088631763,1,0
828,0.47119957913573035,0.1060401998569838,1.5698411429067274,-1.2633873729772251,-0.3837354099403615,-0.3888008986421099,-0.10052917088631763,1,1
881,-0.7497545537339739,0.8984677120592672,-0.614206492869086,-0.9209580523906822,0.5466309751060695,-0.3888008986421099,-0.10052917088631763,0,1
3978,-0.33005157056001305,-0.2901735562441576,0.11380938572285176,-0.33121866693608026,-1.3141017949867926,-0.3888008986421099,-0.10052917088631763,1,0
1832,-1.6654701533862522,-1.422212859390277,0.11380938572285176,-0.5214571783730486,-1.3141017949867926,-0.3888008986421099,-0.10052917088631763,0,1
4554,1.6158440787010784,0.2192441301715958,1.5698411429067274,0.8292362528294267,-0.3837354099403615,2.572010516160091,9.94736145920113,0,0
1803,-1.7799346033427872,0.8984677120592672,1.5698411429067274,0.9624032108353046,0.5466309751060695,-0.3888008986421099,-0.10052917088631763,1,1
1048,-0.7879093703861523,-1.309008929075665,-1.342222371461024,-0.9780296058217727,-0.3837354099403615,-0.3888008986421099,-0.10052917088631763,2,1
3033,1.3487603621358308,1.2380795030031027,0.11380938572285176,-0.2741471135049897,-0.3837354099403615,-0.3888008986421099,-0.10052917088631763,0,0
3445,1.4632248120923652,0.1626421650142898,0.8418252643147895,-0.5024333272293517,0.5466309751060695,-0.3888008986421099,-0.10052917088631763,1,0
1255,-0.7497545537339739,-1.309008929075665,-1.342222371461024,-1.1111965638276504,-0.3837354099403615,-0.3888008986421099,-0.10052917088631763,1,1
807,-0.48267083716872605,-1.025999103289135,-1.342222371461024,-1.2253396706898316,-0.3837354099403615,-0.3888008986421099,-0.10052917088631763,0,1
1405,0.8145929290053351,1.1814775378457971,0.8418252643147895,1.266784829134454,1.4769973601525006,-0.3888008986421099,-0.10052917088631763,1,1
4382,0.0896514126139478,-0.6297853471879936,0.11380938572285176,-0.6165764340915327,-0.3837354099403615,-0.3888008986421099,-0.10052917088631763,1,0
4957,0.35673512917919586,-0.8561932078172175,0.11380938572285176,-0.711695689810017,-0.3837354099403615,-0.3888008986421099,-0.10052917088631763,1,0
2324,1.0816766455705826,-0.12036766077224019,0.8418252643147895,-0.8068149455285011,-0.3837354099403615,-0.3888008986421099,-0.10052917088631763,0,0
180,-1.7799346033427872,0.7286618165873492,1.5698411429067274,2.0087150237386306,1.4769973601525006,-0.3888008986421099,-0.10052917088631763,0,1
4097,-0.29189675390783476,-0.17696962592954618,0.11380938572285176,-0.48340947608565493,-1.3141017949867926,-0.3888008986421099,-0.10052917088631763,1,0
2683,0.43304476248355206,0.8418657469019611,-0.614206492869086,-0.00781319749323403,-1.3141017949867926,-0.3888008986421099,-0.10052917088631763,0,0
4287,1.1579862788749393,-0.007163730457628193,-0.614206492869086,-0.045860899780627705,-1.3141017949867926,2.572010516160091,-0.10052917088631763,0,0
495,1.0053670122662262,1.5776912939469385,0.8418252643147895,0.29656842080591533,1.4769973601525006,-0.3888008986421099,-0.10052917088631763,0,1
3499,0.8909025623096917,0.2192441301715958,0.8418252643147895,-0.08390860206802138,0.5466309751060695,-0.3888008986421099,-0.10052917088631763,0,0
1490,-0.6734449204296173,-1.4788148245475827,-1.342222371461024,-0.8068149455285011,-0.3837354099403615,-0.3888008986421099,-0.10052917088631763,1,1
1191,-1.7799346033427872,0.9550696772165732,1.5698411429067274,1.1716655734159698,0.5466309751060695,-0.3888008986421099,-0.10052917088631763,1,1
2759,0.0514965959617695,0.6154578862727372,-0.614206492869086,-0.8829103501032884,-1.3141017949867926,-0.3888008986421099,-0.10052917088631763,0,0
2623,1.0053670122662262,-1.1958049987610528,-1.342222371461024,-1.624840544707465,0.5466309751060695,-0.3888008986421099,-0.10052917088631763,1,0
4987,-0.0248130373425871,-0.23357159108685158,-0.614206492869086,0.9814270619790014,0.5466309751060695,-0.3888008986421099,-0.10052917088631763,1,0
4116,0.9672121956140478,0.8984677120592672,0.8418252643147895,-0.597552582947836,-0.3837354099403615,2.572010516160091,-0.10052917088631763,0,0
2024,1.6158440787010784,-1.7618246503341126,0.11380938572285176,-0.5404810295167455,-0.3837354099403615,-0.3888008986421099,-0.10052917088631763,1,0
2308,-0.10112267064694327,0.6154578862727372,0.11380938572285176,-0.06488475092432454,-0.3837354099403615,-0.3888008986421099,-0.10052917088631763,1,0
2303,-0.06296785399476497,-0.5731833820306875,0.8418252643147895,0.6770454436798521,-0.3837354099403615,-0.3888008986421099,-0.10052917088631763,1,0
794,1.2724507288314741,0.9550696772165732,0.11380938572285176,0.8482601039731236,1.4769973601525006,-0.3888008986421099,-0.10052917088631763,1,1
4499,1.0435218289184045,-0.7995912426599115,0.11380938572285176,-1.1302204149713473,2.4073637451989316,2.572010516160091,-0.10052917088631763,0,0
2746,0.0133417793095912,1.4644873636323266,0.8418252643147895,0.29656842080591533,-0.3837354099403615,-0.3888008986421099,-0.10052917088631763,1,0
1028,-1.8562442366471437,1.0116716423738792,1.5698411429067274,1.609214149720997,0.5466309751060695,-0.3888008986421099,-0.10052917088631763,1,1
3382,-0.10112267064694327,-0.17696962592954618,-0.614206492869086,0.4297353788117932,-1.3141017949867926,-0.3888008986421099,-0.10052917088631763,0,0
1556,0.9672121956140478,1.1248755726884911,0.11380938572285176,1.0004509131226982,1.4769973601525006,-0.3888008986421099,-0.10052917088631763,1,1
3545,-1.0931479036035785,-1.7052226851768066,1.5698411429067274,0.9624032108353046,-0.3837354099403615,-0.3888008986421099,-0.10052917088631763,0,0
3484,0.2804254958748393,-0.12036766077224019,0.11380938572285176,0.1634014628000375,-1.3141017949867926,-0.3888008986421099,-0.10052917088631763,1,0
3799,-0.0248130373425871,-1.309008929075665,0.11380938572285176,0.8482601039731236,-1.3141017949867926,-0.3888008986421099,-0.10052917088631763,1,0
2365,1.0053670122662262,-1.025999103289135,0.11380938572285176,-0.8068149455285011,-0.3837354099403615,-0.3888008986421099,-0.10052917088631763,0,0
2411,0.0133417793095912,-1.252406963918359,-1.342222371461024,-1.3394827775520126,-0.3837354099403615,-0.3888008986421099,-0.10052917088631763,0,0
2675,-0.0248130373425871,0.8418657469019611,0.11380938572285176,-0.597552582947836,-1.3141017949867926,-0.3888008986421099,-0.10052917088631763,0,0
1259,0.7764381123531567,1.3512834333177146,0.11380938572285176,0.7341169971109426,1.4769973601525006,-0.3888008986421099,-0.10052917088631763,1,1
4270,-1.3983864368210046,-0.007163730457628193,-0.614206492869086,0.8102124016857299,2.4073637451989316,-0.3888008986421099,-0.10052917088631763,2,0
232,1.3106055454836525,1.5210893287896325,0.8418252643147895,1.0004509131226982,2.4073637451989316,-0.3888008986421099,-0.10052917088631763,1,1
136,-1.0168382702992218,0.6720598514300432,2.297857021498665,-1.3204589264083157,1.4769973601525006,-0.3888008986421099,-0.10052917088631763,1,1
762,-1.8562442366471437,1.1814775378457971,1.5698411429067274,0.8863078062605173,0.5466309751060695,-0.3888008986421099,-0.10052917088631763,1,1
841,-0.8260641870383305,-0.912795172974523,-1.342222371461024,-1.2253396706898316,-0.3837354099403615,-0.3888008986421099,-0.10052917088631763,0,1
3224,0.2804254958748393,1.5776912939469385,0.11380938572285176,0.8863078062605173,-0.3837354099403615,-0.3888008986421099,-0.10052917088631763,0,0
1169,0.8145929290053351,0.6720598514300432,0.8418252643147895,0.8102124016857299,1.4769973601525006,-0.3888008986421099,-0.10052917088631763,0,1
2772,1.539534445396722,-0.5165814168733815,-0.614206492869086,1.5711664474336033,2.4073637451989316,-0.3888008986421099,-0.10052917088631763,1,0
4082,0.6238188457444436,-1.252406963918359,0.11380938572285176,1.1906894245596666,-0.3837354099403615,-0.3888008986421099,-0.10052917088631763,0,0
2712,0.9672121956140478,1.3512834333177146,-0.614206492869086,-0.44536177379826125,-1.3141017949867926,-0.3888008986421099,-0.10052917088631763,1,0
4837,-0.29189675390783476,0.6720598514300432,-0.614206492869086,-0.8829103501032884,0.5466309751060695,-0.3888008986421099,-0.10052917088631763,1,0
4592,1.1579862788749393,-0.7429892775026056,0.8418252643147895,-1.05412501039656,0.5466309751060695,-0.3888008986421099,-0.10052917088631763,2,0
1386,-0.6734449204296173,-1.4788148245475827,-1.342222371461024,-1.073148861540257,-0.3837354099403615,-0.3888008986421099,-0.10052917088631763,1,1
4043,0.5093543957879086,0.9550696772165732,-0.614206492869086,0.7911885505420331,0.5466309751060695,-0.3888008986421099,-0.10052917088631763,0,0
2458,0.2804254958748393,-1.1392030336037469,0.8418252643147895,-1.0160773081091663,-0.3837354099403615,-0.3888008986421099,-0.10052917088631763,1,0
4596,1.119831462222761,0.6154578862727372,0.11380938572285176,0.23949686737482484,-1.3141017949867926,-0.3888008986421099,-0.10052917088631763,2,0
4536,1.1961410955271177,0.1060401998569838,0.11380938572285176,-0.5404810295167455,-1.3141017949867926,-0.3888008986421099,-0.10052917088631763,1,0
3659,0.7001284790488002,0.1060401998569838,0.11380938572285176,0.6199738902487616,-0.3837354099403615,-0.3888008986421099,-0.10052917088631763,2,0
3032,1.539534445396722,0.4456519908008198,0.11380938572285176,-1.3014350752646189,-1.3141017949867926,2.572010516160091,-0.10052917088631763,0,0
1285,0.9672121956140478,0.6154578862727372,0.8418252643147895,1.0955701688411825,1.4769973601525006,-0.3888008986421099,-0.10052917088631763,0,1
798,-1.7799346033427872,1.0682736075311852,0.8418252643147895,1.6853095542957843,0.5466309751060695,-0.3888008986421099,-0.10052917088631763,1,1
2130,-0.06296785399476497,0.2192441301715958,-0.614206492869086,0.20144916508743116,-1.3141017949867926,2.572010516160091,-0.10052917088631763,0,0
1123,-0.7115997370817956,-0.8561932078172175,-1.342222371461024,-1.3585066286957095,-0.3837354099403615,-0.3888008986421099,-0.10052917088631763,0,1
2637,0.8909025623096917,-0.5165814168733815,0.11380938572285176,-1.7960552050007366,2.4073637451989316,-0.3888008986421099,-0.10052917088631763,0,0
2602,0.7001284790488002,0.4456519908008198,0.8418252643147895,0.5058307833865805,-1.3141017949867926,-0.3888008986421099,-0.10052917088631763,0,0
4969,1.1579862788749393,1.3512834333177146,0.8418252643147895,-0.38829022036717076,0.5466309751060695,2.572010516160091,-0.10052917088631763,0,0
4088,0.1659610459183044,0.1626421650142898,-0.614206492869086,-1.0160773081091663,-1.3141017949867926,2.572010516160091,-0.10052917088631763,0,0
2807,0.0514965959617695,-0.5731833820306875,-0.614206492869086,-0.46438562494195806,0.5466309751060695,-0.3888008986421099,-0.10052917088631763,0,0
193,0.6238188457444436,1.0682736075311852,0.11380938572285176,0.5629023368176711,1.4769973601525006,-0.3888008986421099,-0.10052917088631763,0,1
4753,-0.06296785399476497,-0.007163730457628193,0.11380938572285176,0.8482601039731236,-1.3141017949867926,-0.3888008986421099,-0.10052917088631763,0,0
3408,-0.13927748729912157,-1.6486207200195007,-0.614206492869086,-0.19805170893020238,-1.3141017949867926,-0.3888008986421099,-0.10052917088631763,1,0
1156,-1.7799346033427872,0.9550696772165732,1.5698411429067274,1.8755480657327528,0.5466309751060695,-0.3888008986421099,-0.10052917088631763,0,1
1319,-1.7799346033427872,1.3512834333177146,1.5698411429067274,1.2287371268470604,0.5466309751060695,-0.3888008986421099,-0.10052917088631763,0,1
2050,0.0133417793095912,-0.9693971381318289,0.11380938572285176,-0.00781319749323403,-0.3837354099403615,-0.3888008986421099,-0.10052917088631763,0,0
2677,-0.29189675390783476,1.0682736075311852,0.8418252643147895,0.4107115276680964,-1.3141017949867926,2.572010516160091,-0.10052917088631763,0,0
1507,-0.6734449204296173,-1.1958049987610528,-1.342222371461024,-0.8068149455285011,-0.3837354099403615,-0.3888008986421099,-0.10052917088631763,0,1
3826,1.2342959121792958,-1.1958049987610528,0.11380938572285176,0.220473016231128,-1.3141017949867926,-0.3888008986421099,-0.10052917088631763,1,0
2292,1.4632248120923652,1.5210893287896325,-0.614206492869086,-1.0351011592528632,-0.3837354099403615,-0.3888008986421099,-0.10052917088631763,0,0
2297,-0.21558712060347818,-1.0826010684464409,-1.342222371461024,-0.7497433920974106,-1.3141017949867926,-0.3888008986421099,-0.10052917088631763,1,0
2815,0.3948899458313742,-1.7618246503341126,0.11380938572285176,0.9814270619790014,1.4769973601525006,-0.3888008986421099,-0.10052917088631763,1,0
210,-0.7497545537339739,-1.1392030336037469,-1.342222371461024,-0.9399819035343789,-0.3837354099403615,-0.3888008986421099,-0.10052917088631763,1,1
1092,-0.5208256538209044,-1.4788148245475827,-1.342222371461024,-0.8638864989595917,-0.3837354099403615,-0.3888008986421099,-0.10052917088631763,0,1
4253,-1.6654701533862522,-0.34677552140146356,1.5698411429067274,-1.1492442661150442,1.4769973601525006,-0.3888008986421099,-0.10052917088631763,1,0
1246,-1.8180894199949655,1.1814775378457971,1.5698411429067274,1.628238000864694,0.5466309751060695,-0.3888008986421099,-0.10052917088631763,0,1
4280,0.7001284790488002,-0.5731833820306875,0.11380938572285176,-0.1029324532117182,-0.3837354099403615,-0.3888008986421099,-0.10052917088631763,1,0
4158,1.2342959121792958,1.5210893287896325,-0.614206492869086,1.0765463176974857,-0.3837354099403615,2.572010516160091,-0.10052917088631763,0,0
3928,0.2041158625704827,1.4078853984750206,0.11380938572285176,0.6009500391050647,-1.3141017949867926,-0.3888008986421099,-0.10052917088631763,0,0
4757,1.1579862788749393,1.2946814681604086,-0.614206492869086,-1.2443635218335283,-0.3837354099403615,-0.3888008986421099,-0.10052917088631763,1,0
1096,-1.8180894199949655,0.2758460953289018,2.297857021498665,2.0087150237386306,0.5466309751060695,-0.3888008986421099,-0.10052917088631763,1,1
2894,0.547509212440087,-0.7995912426599115,0.11380938572285176,-1.0160773081091663,-0.3837354099403615,-0.3888008986421099,-0.10052917088631763,1,0
2524,1.2342959121792958,0.8418657469019611,0.8418252643147895,0.3155922719496122,-1.3141017949867926,-0.3888008986421099,-0.10052917088631763,0,0
1591,-0.5589804704730826,-1.365610894232971,-1.342222371461024,-1.05412501039656,-0.3837354099403615,-0.3888008986421099,-0.10052917088631763,0,1
792,-1.7799346033427872,0.8418657469019611,1.5698411429067274,1.8755480657327528,0.5466309751060695,-0.3888008986421099,-0.10052917088631763,1,1
4746,-0.36820638721219134,-1.252406963918359,0.11380938572285176,-0.44536177379826125,-0.3837354099403615,-0.3888008986421099,-0.10052917088631763,0,0
2599,-0.29189675390783476,1.1814775378457971,1.5698411429067274,-0.9970534569654695,-0.3837354099403615,2.572010516160091,-0.10052917088631763,0,0
4917,1.5776892620489003,-1.1392030336037469,0.11380938572285176,-0.6736479875226233,-0.3837354099403615,-0.3888008986421099,-0.10052917088631763,1,0
3616,0.6619736623966218,1.5776912939469385,-0.614206492869086,-1.9101983118629176,-0.3837354099403615,-0.3888008986421099,-0.10052917088631763,0,0
2536,-0.25374193725565647,-0.7995912426599115,-0.614206492869086,-0.9019342012469853,-0.3837354099403615,-0.3888008986421099,-0.10052917088631763,1,0
4214,-1.2839219868644698,0.2758460953289018,0.8418252643147895,-0.46438562494195806,1.4769973601525006,-0.3888008986421099,-0.10052917088631763,1,0
1983,-1.7799346033427872,0.3890500256435138,1.5698411429067274,0.8482601039731236,0.5466309751060695,-0.3888008986421099,-0.10052917088631763,0,1
4249,-0.21558712060347818,-1.422212859390277,1.5698411429067274,-1.168268117258741,1.4769973601525006,2.572010516160091,-0.10052917088631763,1,0
244,-0.6734449204296173,-1.252406963918359,-1.342222371461024,-1.4155781821267999,-0.3837354099403615,-0.3888008986421099,-0.10052917088631763,1,1
3667,0.3185803125270176,-0.6297853471879936,0.8418252643147895,1.0765463176974857,-0.3837354099403615,-0.3888008986421099,-0.10052917088631763,2,0
1311,0.7382832957009784,0.9550696772165732,0.11380938572285176,1.2858086802781508,1.4769973601525006,-0.3888008986421099,-0.10052917088631763,0,1
4447,0.8909025623096917,-0.2901735562441576,0.11380938572285176,0.4297353788117932,-0.3837354099403615,-0.3888008986421099,-0.10052917088631763,1,0
409,1.2724507288314741,1.1248755726884911,0.11380938572285176,0.8292362528294267,1.4769973601525006,-0.3888008986421099,-0.10052917088631763,1,1
1147,0.8527477456575133,1.2946814681604086,0.8418252643147895,0.2775445696622185,1.4769973601525006,-0.3888008986421099,-0.10052917088631763,1,1
1331,-0.597135287125261,-1.422212859390277,-1.342222371461024,-1.3775304798394061,-0.3837354099403615,-0.3888008986421099,-0.10052917088631763,1,1
3762,1.0053670122662262,-1.309008929075665,0.11380938572285176,-0.9590057546780758,-0.3837354099403615,-0.3888008986421099,-0.10052917088631763,1,0
1006,-0.13927748729912157,-0.912795172974523,0.11380938572285176,1.0955701688411825,-0.3837354099403615,-0.3888008986421099,-0.10052917088631763,0,1
1668,-0.5208256538209044,-0.9693971381318289,-1.342222371461024,-1.4155781821267999,-0.3837354099403615,-0.3888008986421099,9.94736145920113,0,1
2923,0.547509212440087,-1.1958049987610528,0.11380938572285176,-0.7307195409537138,-0.3837354099403615,-0.3888008986421099,-0.10052917088631763,0,0
2779,-0.10112267064694327,1.0116716423738792,0.11380938572285176,-0.06488475092432454,-0.3837354099403615,-0.3888008986421099,-0.10052917088631763,1,0
1419,-1.8180894199949655,1.2946814681604086,2.297857021498665,1.7804288100142684,0.5466309751060695,-0.3888008986421099,-0.10052917088631763,1,1
1627,-1.8180894199949655,0.8418657469019611,1.5698411429067274,1.1906894245596666,1.4769973601525006,-0.3888008986421099,-0.10052917088631763,0,1
4817,0.0896514126139478,0.8984677120592672,-0.614206492869086,1.1145940199848794,-0.3837354099403615,2.572010516160091,-0.10052917088631763,0,0
1210,-1.8180894199949655,1.1814775378457971,1.5698411429067274,0.7721646993983362,0.5466309751060695,-0.3888008986421099,-0.10052917088631763,1,1
1160,-1.7799346033427872,1.2946814681604086,2.297857021498665,1.266784829134454,1.4769973601525006,-0.3888008986421099,-0.10052917088631763,0,1
1236,-0.6734449204296173,-1.309008929075665,-1.342222371461024,-1.187291968402438,-0.3837354099403615,-0.3888008986421099,-0.10052917088631763,0,1
1991,-0.597135287125261,-0.912795172974523,-1.342222371461024,-1.2443635218335283,-0.3837354099403615,-0.3888008986421099,-0.10052917088631763,1,1
843,-1.8180894199949655,0.7286618165873492,1.5698411429067274,0.9814270619790014,0.5466309751060695,-0.3888008986421099,-0.10052917088631763,0,1
1039,1.1961410955271177,1.5776912939469385,0.11380938572285176,0.6580215925361552,1.4769973601525006,-0.3888008986421099,-0.10052917088631763,0,1
331,-0.7497545537339739,-0.8561932078172175,-1.342222371461024,-1.187291968402438,-0.3837354099403615,-0.3888008986421099,-0.10052917088631763,1,1
1112,-0.5208256538209044,-1.4788148245475827,-1.342222371461024,-1.0160773081091663,-0.3837354099403615,-0.3888008986421099,-0.10052917088631763,1,1
595,-1.8180894199949655,0.2758460953289018,1.5698411429067274,1.0004509131226982,0.5466309751060695,-0.3888008986421099,-0.10052917088631763,1,1
2758,-0.29189675390783476,-0.23357159108685158,0.11380938572285176,-0.7877910943848043,-0.3837354099403615,-0.3888008986421099,-0.10052917088631763,0,0
2530,0.5093543957879086,-0.5165814168733815,-0.614206492869086,0.9814270619790014,-0.3837354099403615,2.572010516160091,-0.10052917088631763,2,0
4166,0.0896514126139478,-0.9693971381318289,0.11380938572285176,0.030234504794159643,-0.3837354099403615,-0.3888008986421099,-0.10052917088631763,2,0
2534,0.6238188457444436,0.6720598514300432,-0.614206492869086,0.6960692948235488,0.5466309751060695,-0.3888008986421099,-0.10052917088631763,0,0
4706,0.8909025623096917,1.5776912939469385,0.8418252643147895,-1.1302204149713473,-1.3141017949867926,-0.3888008986421099,-0.10052917088631763,1,0
3390,-0.5589804704730826,-0.007163730457628193,-0.614206492869086,1.0575224665537888,0.5466309751060695,-0.3888008986421099,-0.10052917088631763,0,0
1074,-0.48267083716872605,-1.025999103289135,-1.342222371461024,-0.9209580523906822,-0.3837354099403615,-0.3888008986421099,-0.10052917088631763,1,1
4293,-0.29189675390783476,1.4078853984750206,0.11380938572285176,1.266784829134454,-0.3837354099403615,-0.3888008986421099,-0.10052917088631763,1,0
430,-0.6352901037774392,-1.1392030336037469,-1.342222371461024,-1.4346020332704967,-0.3837354099403615,2.572010516160091,-0.10052917088631763,1,1
3316,-0.29189675390783476,1.0116716423738792,0.11380938572285176,-0.597552582947836,-1.3141017949867926,-0.3888008986421099,-0.10052917088631763,1,0
558,-0.5589804704730826,-0.8561932078172175,-1.342222371461024,-0.8638864989595917,-0.3837354099403615,-0.3888008986421099,-0.10052917088631763,1,1
4938,-0.06296785399476497,-0.7995912426599115,-0.614206492869086,-0.5595048806604422,-0.3837354099403615,-0.3888008986421099,-0.10052917088631763,0,0
4299,1.2724507288314741,-0.0637656956149342,-1.342222371461024,-0.825838796672198,-0.3837354099403615,2.572010516160091,-0.10052917088631763,1,0
3305,0.8527477456575133,-1.025999103289135,0.8418252643147895,1.1145940199848794,-1.3141017949867926,-0.3888008986421099,-0.10052917088631763,0,0
700,-0.7497545537339739,-1.5354167897048887,-1.342222371461024,-0.8829103501032884,-0.3837354099403615,-0.3888008986421099,-0.10052917088631763,0,1
518,-1.8562442366471437,0.7852637817446552,2.297857021498665,2.0277388748823273,0.5466309751060695,-0.3888008986421099,-0.10052917088631763,1,1
1251,1.1579862788749393,1.1248755726884911,0.11380938572285176,0.4297353788117932,1.4769973601525006,-0.3888008986421099,-0.10052917088631763,1,1
3884,-0.33005157056001305,-0.6297853471879936,-0.614206492869086,-0.40731407151086757,-0.3837354099403615,-0.3888008986421099,-0.10052917088631763,0,0
2355,0.8145929290053351,0.1060401998569838,0.8418252643147895,-0.5785287318041391,-1.3141017949867926,-0.3888008986421099,-0.10052917088631763,1,0
2554,-0.25374193725565647,-1.1958049987610528,0.11380938572285176,0.030234504794159643,-1.3141017949867926,-0.3888008986421099,-0.10052917088631763,1,0
4658,1.4250699954401869,0.2192441301715958,-0.614206492869086,0.6389977413924584,-1.3141017949867926,2.572010516160091,-0.10052917088631763,0,0
3974,1.3869151787880087,0.4456519908008198,0.11380938572285176,0.6770454436798521,-0.3837354099403615,2.572010516160091,-0.10052917088631763,0,0
3971,1.3869151787880087,0.6154578862727372,0.8418252643147895,-1.0351011592528632,-0.3837354099403615,-0.3888008986421099,-0.10052917088631763,1,0
4449,1.5013796287445436,0.1060401998569838,-0.614206492869086,-1.872150609575524,1.4769973601525006,-0.3888008986421099,-0.10052917088631763,1,0
3895,0.0133417793095912,1.5776912939469385,0.11380938572285176,1.0575224665537888,-0.3837354099403615,-0.3888008986421099,-0.10052917088631763,0,0
31,-1.8562442366471437,-0.5731833820306875,1.5698411429067274,1.742381107726875,0.5466309751060695,-0.3888008986421099,-0.10052917088631763,1,1
2630,1.3487603621358308,0.8984677120592672,0.11380938572285176,-0.48340947608565493,-0.3837354099403615,-0.3888008986421099,-0.10052917088631763,1,0
659,-0.7497545537339739,-1.0826010684464409,-1.342222371461024,-1.073148861540257,-0.3837354099403615,-0.3888008986421099,-0.10052917088631763,1,1
1706,-1.8180894199949655,1.0682736075311852,1.5698411429067274,1.0004509131226982,0.5466309751060695,-0.3888008986421099,-0.10052917088631763,0,1
1467,-1.8180894199949655,0.6154578862727372,1.5698411429067274,1.1716655734159698,0.5466309751060695,2.572010516160091,-0.10052917088631763,0,1
2232,0.1278062292661261,0.6720598514300432,0.8418252643147895,-1.872150609575524,0.5466309751060695,-0.3888008986421099,-0.10052917088631763,1,0
830,-0.7497545537339739,-1.0826010684464409,-1.342222371461024,-1.2253396706898316,-0.3837354099403615,-0.3888008986421099,-0.10052917088631763,1,1
3357,0.0896514126139478,-0.6863873123452996,-0.614206492869086,0.3536399742370058,-1.3141017949867926,-0.3888008986421099,-0.10052917088631763,0,0
1235,-0.597135287125261,-1.309008929075665,-1.342222371461024,-1.0921727126839538,-0.3837354099403615,-0.3888008986421099,-0.10052917088631763,0,1
1340,1.1961410955271177,1.3512834333177146,0.8418252643147895,0.3536399742370058,1.4769973601525006,-0.3888008986421099,-0.10052917088631763,1,1
3781,1.0816766455705826,1.3512834333177146,0.8418252643147895,0.6770454436798521,1.4769973601525006,-0.3888008986421099,-0.10052917088631763,1,0
1345,-0.7115997370817956,-0.8561932078172175,-1.342222371461024,-0.9970534569654695,-0.3837354099403615,-0.3888008986421099,-0.10052917088631763,1,1
3964,-0.0248130373425871,0.3324480604862078,-0.614206492869086,0.06828220708155332,0.5466309751060695,-0.3888008986421099,-0.10052917088631763,0,0
2389,0.547509212440087,-1.1958049987610528,-0.614206492869086,0.6199738902487616,-1.3141017949867926,-0.3888008986421099,-0.10052917088631763,1,0
3919,-0.7497545537339739,-1.252406963918359,-1.342222371461024,-0.2931709646486866,-1.3141017949867926,2.572010516160091,-0.10052917088631763,0,0
4701,0.5856640290922652,1.2946814681604086,0.11380938572285176,0.7721646993983362,-0.3837354099403615,-0.3888008986421099,-0.10052917088631763,0,0
3344,0.3185803125270176,0.4456519908008198,0.11380938572285176,0.9433793596916078,-0.3837354099403615,-0.3888008986421099,-0.10052917088631763,0,0
1109,-1.8180894199949655,1.0682736075311852,2.297857021498665,1.7994526611579653,0.5466309751060695,-0.3888008986421099,-0.10052917088631763,1,1
324,-1.7799346033427872,1.0682736075311852,2.297857021498665,1.609214149720997,0.5466309751060695,-0.3888008986421099,-0.10052917088631763,1,1
3474,-1.7036249700384305,1.0682736075311852,0.11380938572285176,-0.5214571783730486,1.4769973601525006,-0.3888008986421099,-0.10052917088631763,1,0
4904,1.3869151787880087,0.7852637817446552,-0.614206492869086,0.3916876765243995,0.5466309751060695,-0.3888008986421099,-0.10052917088631763,0,0
1548,-1.8562442366471437,0.6154578862727372,1.5698411429067274,0.9053316574042141,0.5466309751060695,-0.3888008986421099,-0.10052917088631763,0,1
3296,0.6238188457444436,0.7852637817446552,-0.614206492869086,-0.3121948157923834,-0.3837354099403615,2.572010516160091,-0.10052917088631763,2,0
2591,0.3948899458313742,1.0116716423738792,-1.342222371461024,-1.3204589264083157,0.5466309751060695,-0.3888008986421099,-0.10052917088631763,1,0
1341,-1.8180894199949655,1.3512834333177146,1.5698411429067274,1.3809279359966349,0.5466309751060695,-0.3888008986421099,-0.10052917088631763,1,1
1650,-0.7497545537339739,-1.1958049987610528,-1.342222371461024,-1.2253396706898316,-0.3837354099403615,-0.3888008986421099,-0.10052917088631763,1,1
3537,-1.7036249700384305,1.0682736075311852,-1.342222371461024,-1.0160773081091663,1.4769973601525006,-0.3888008986421099,-0.10052917088631763,0,0
2266,0.7382832957009784,-0.6297853471879936,0.8418252643147895,-1.073148861540257,-0.3837354099403615,-0.3888008986421099,-0.10052917088631763,1,0
1124,-1.8180894199949655,1.0116716423738792,2.297857021498665,1.8755480657327528,0.5466309751060695,-0.3888008986421099,-0.10052917088631763,0,1
2438,0.547509212440087,0.7852637817446552,0.11380938572285176,-0.21707556007389922,-1.3141017949867926,-0.3888008986421099,-0.10052917088631763,1,0
1382,1.2342959121792958,0.6720598514300432,0.8418252643147895,0.3536399742370058,1.4769973601525006,-0.3888008986421099,-0.10052917088631763,1,1
1817,-0.5589804704730826,-1.252406963918359,-1.342222371461024,-0.9590057546780758,-0.3837354099403615,-0.3888008986421099,-0.10052917088631763,0,1
3286,-0.25374193725565647,-1.1392030336037469,-0.614206492869086,-0.7307195409537138,-0.3837354099403615,-0.3888008986421099,-0.10052917088631763,1,0
757,0.7382832957009784,1.1248755726884911,0.8418252643147895,0.6199738902487616,1.4769973601525006,-0.3888008986421099,-0.10052917088631763,1,1
4858,-0.36820638721219134,0.9550696772165732,-0.614206492869086,1.1145940199848794,-1.3141017949867926,-0.3888008986421099,-0.10052917088631763,0,0
3230,0.9672121956140478,-1.1958049987610528,0.8418252643147895,-1.1302204149713473,0.5466309751060695,-0.3888008986421099,-0.10052917088631763,0,0
3859,-0.29189675390783476,-0.4033774865587696,-0.614206492869086,0.23949686737482484,-1.3141017949867926,-0.3888008986421099,-0.10052917088631763,1,0
1526,-1.8180894199949655,0.4456519908008198,1.5698411429067274,1.1145940199848794,0.5466309751060695,-0.3888008986421099,-0.10052917088631763,1,1
1988,1.0053670122662262,0.6720598514300432,0.8418252643147895,0.6770454436798521,1.4769973601525006,-0.3888008986421099,-0.10052917088631763,0,1
4727,-0.21558712060347818,-1.025999103289135,0.11380938572285176,0.18242531394373432,-0.3837354099403615,-0.3888008986421099,-0.10052917088631763,1,0
3593,0.6619736623966218,-0.7429892775026056,0.8418252643147895,0.06828220708155332,-1.3141017949867926,-0.3888008986421099,-0.10052917088631763,1,0
4756,1.0816766455705826,-0.34677552140146356,-0.614206492869086,-0.9970534569654695,-1.3141017949867926,-0.3888008986421099,-0.10052917088631763,1,0
3927,0.0133417793095912,-0.5165814168733815,0.11380938572285176,-0.825838796672198,-0.3837354099403615,-0.3888008986421099,-0.10052917088631763,0,0
2689,0.9672121956140478,-0.9693971381318289,0.8418252643147895,1.1145940199848794,1.4769973601525006,-0.3888008986421099,-0.10052917088631763,0,0
2026,1.0053670122662262,-1.6486207200195007,1.5698411429067274,0.8292362528294267,0.5466309751060695,-0.3888008986421099,-0.10052917088631763,0,0
4759,1.4250699954401869,-0.912795172974523,0.8418252643147895,-0.16000400664280873,-1.3141017949867926,-0.3888008986421099,-0.10052917088631763,2,0
2107,1.0816766455705826,0.3890500256435138,-0.614206492869086,0.7531408482546395,-1.3141017949867926,-0.3888008986421099,-0.10052917088631763,1,0
1159,-0.0248130373425871,0.7286618165873492,0.11380938572285176,0.3155922719496122,-1.3141017949867926,2.572010516160091,-0.10052917088631763,0,1
1155,-0.7115997370817956,-1.0826010684464409,-1.342222371461024,-1.3585066286957095,-0.3837354099403615,-0.3888008986421099,-0.10052917088631763,0,1
4550,1.2342959121792958,0.3324480604862078,0.8418252643147895,0.23949686737482484,-0.3837354099403615,-0.3888008986421099,9.94736145920113,1,0
4980,0.35673512917919586,-2.0448344761206423,0.11380938572285176,-2.0053175675814017,0.5466309751060695,-0.3888008986421099,-0.10052917088631763,0,0
2678,0.7001284790488002,-0.7429892775026056,-0.614206492869086,-0.21707556007389922,0.5466309751060695,-0.3888008986421099,-0.10052917088631763,0,0
2611,0.7764381123531567,-1.252406963918359,0.11380938572285176,0.18242531394373432,-1.3141017949867926,-0.3888008986421099,-0.10052917088631763,0,0
902,-0.5589804704730826,-1.0826010684464409,-1.342222371461024,-1.0921727126839538,-0.3837354099403615,-0.3888008986421099,-0.10052917088631763,1,1
4597,0.3185803125270176,-0.34677552140146356,-0.614206492869086,0.1634014628000375,0.5466309751060695,-0.3888008986421099,-0.10052917088631763,2,0
2000,-0.6734449204296173,-1.1958049987610528,-1.342222371461024,-1.0351011592528632,-0.3837354099403615,-0.3888008986421099,-0.10052917088631763,1,1
2293,1.5776892620489003,0.1626421650142898,1.5698411429067274,-1.2063158195461348,1.4769973601525006,2.572010516160091,-0.10052917088631763,0,0
4141,0.2804254958748393,0.4456519908008198,0.11380938572285176,-0.7307195409537138,0.5466309751060695,-0.3888008986421099,-0.10052917088631763,1,0
2809,0.9672121956140478,1.4644873636323266,0.8418252643147895,-0.2551232623612929,0.5466309751060695,2.572010516160091,-0.10052917088631763,1,0
2610,0.2041158625704827,1.5210893287896325,-0.614206492869086,0.8482601039731236,-0.3837354099403615,-0.3888008986421099,-0.10052917088631763,0,0
1269,-0.8260641870383305,-0.9693971381318289,-1.342222371461024,-1.3014350752646189,-0.3837354099403615,-0.3888008986421099,-0.10052917088631763,1,1
2806,0.3185803125270176,1.5210893287896325,0.8418252643147895,0.7911885505420331,-0.3837354099403615,-0.3888008986421099,-0.10052917088631763,0,0
2812,1.119831462222761,1.0682736075311852,0.8418252643147895,1.247760977990757,-0.3837354099403615,-0.3888008986421099,-0.10052917088631763,1,0
4400,0.547509212440087,0.8418657469019611,0.11380938572285176,-0.3502425180797771,0.5466309751060695,-0.3888008986421099,-0.10052917088631763,0,0
241,-1.8180894199949655,0.8418657469019611,2.297857021498665,1.6472618520083906,0.5466309751060695,-0.3888008986421099,-0.10052917088631763,1,1
629,0.547509212440087,0.7286618165873492,0.8418252643147895,0.7911885505420331,2.4073637451989316,-0.3888008986421099,-0.10052917088631763,1,1
4258,1.0435218289184045,0.7852637817446552,0.11380938572285176,0.9053316574042141,-0.3837354099403615,-0.3888008986421099,-0.10052917088631763,1,0
4298,0.7764381123531567,1.4644873636323266,0.8418252643147895,0.9433793596916078,-0.3837354099403615,-0.3888008986421099,-0.10052917088631763,2,0
3806,0.3948899458313742,-0.7429892775026056,-0.614206492869086,-1.168268117258741,-0.3837354099403615,-0.3888008986421099,-0.10052917088631763,0,0
3785,0.8527477456575133,-0.8561932078172175,-0.614206492869086,0.4297353788117932,0.5466309751060695,-0.3888008986421099,-0.10052917088631763,1,0
4291,1.4250699954401869,0.3324480604862078,0.11380938572285176,0.8102124016857299,-0.3837354099403615,-0.3888008986421099,-0.10052917088631763,1,0
2549,0.43304476248355206,-1.252406963918359,-0.614206492869086,0.10632990936894698,0.5466309751060695,-0.3888008986421099,-0.10052917088631763,1,0
984,-0.5589804704730826,-1.1392030336037469,-1.342222371461024,-1.2063158195461348,-0.3837354099403615,-0.3888008986421099,-0.10052917088631763,1,1
4159,0.5856640290922652,-0.0637656956149342,0.8418252643147895,0.23949686737482484,2.4073637451989316,2.572010516160091,-0.10052917088631763,0,0
4115,-1.4746960701253609,1.2946814681604086,0.8418252643147895,-0.17902785778650554,-0.3837354099403615,-0.3888008986421099,-0.10052917088631763,0,0
3916,1.1961410955271177,1.1814775378457971,0.8418252643147895,-0.21707556007389922,0.5466309751060695,-0.3888008986421099,-0.10052917088631763,1,0
3878,0.242270679222661,-0.6297853471879936,0.11380938572285176,-0.21707556007389922,0.5466309751060695,-0.3888008986421099,-0.10052917088631763,1,0
293,-0.6352901037774392,-1.309008929075665,-1.342222371461024,-1.073148861540257,-0.3837354099403615,-0.3888008986421099,-0.10052917088631763,1,1
3951,0.0514965959617695,-0.17696962592954618,-0.614206492869086,-0.3121948157923834,-0.3837354099403615,-0.3888008986421099,-0.10052917088631763,1,0
4412,-1.4746960701253609,-1.1392030336037469,0.8418252643147895,-0.045860899780627705,1.4769973601525006,-0.3888008986421099,-0.10052917088631763,1,0
1519,1.1961410955271177,1.4644873636323266,0.8418252643147895,1.3619040848529382,1.4769973601525006,-0.3888008986421099,-0.10052917088631763,0,1
82,-0.7497545537339739,-1.309008929075665,-1.342222371461024,-0.9780296058217727,-0.3837354099403615,-0.3888008986421099,-0.10052917088631763,1,1
2583,0.0133417793095912,0.7852637817446552,0.8418252643147895,1.3048325314218476,-0.3837354099403615,-0.3888008986421099,-0.10052917088631763,1,0
1487,-1.7799346033427872,1.4078853984750206,1.5698411429067274,1.0955701688411825,0.5466309751060695,-0.3888008986421099,-0.10052917088631763,1,1
2423,0.1278062292661261,-0.23357159108685158,0.8418252643147895,0.4297353788117932,0.5466309751060695,-0.3888008986421099,-0.10052917088631763,1,0
2261,0.6619736623966218,-0.23357159108685158,-0.614206492869086,-0.9970534569654695,-1.3141017949867926,2.572010516160091,-0.10052917088631763,0,0
510,-0.7879093703861523,-0.8561932078172175,-1.342222371461024,-0.9019342012469853,-0.3837354099403615,-0.3888008986421099,-0.10052917088631763,1,1
485,-0.7497545537339739,-1.1392030336037469,-1.342222371461024,-1.0921727126839538,-0.3837354099403615,-0.3888008986421099,-0.10052917088631763,1,1
1307,-1.7799346033427872,1.1814775378457971,1.5698411429067274,1.3999517871403317,0.5466309751060695,-0.3888008986421099,-0.10052917088631763,1,1
582,0.8909025623096917,0.8984677120592672,0.8418252643147895,0.7531408482546395,1.4769973601525006,-0.3888008986421099,-0.10052917088631763,0,1
1149,-0.7115997370817956,-0.8561932078172175,-1.342222371461024,-0.8829103501032884,-0.3837354099403615,-0.3888008986421099,-0.10052917088631763,1,1
2595,1.5776892620489003,-0.007163730457628193,-0.614206492869086,-1.5867928424200715,-1.3141017949867926,2.572010516160091,-0.10052917088631763,1,0
3245,-0.33005157056001305,1.4644873636323266,-0.614206492869086,1.2287371268470604,-1.3141017949867926,-0.3888008986421099,-0.10052917088631763,1,0
2471,0.1659610459183044,-0.007163730457628193,0.8418252643147895,-0.42633792265456444,-0.3837354099403615,-0.3888008986421099,-0.10052917088631763,1,0
1087,1.2342959121792958,0.7852637817446552,0.8418252643147895,0.9814270619790014,1.4769973601525006,-0.3888008986421099,-0.10052917088631763,2,1
1806,-1.8180894199949655,0.8418657469019611,1.5698411429067274,0.9814270619790014,1.4769973601525006,-0.3888008986421099,-0.10052917088631763,1,1
2892,-1.0931479036035785,-0.7995912426599115,0.8418252643147895,0.6009500391050647,-1.3141017949867926,-0.3888008986421099,-0.10052917088631763,1,0
4966,0.7382832957009784,0.9550696772165732,-1.342222371461024,0.23949686737482484,1.4769973601525006,2.572010516160091,-0.10052917088631763,0,0
4767,1.1579862788749393,0.6154578862727372,0.11380938572285176,-0.7497433920974106,-0.3837354099403615,-0.3888008986421099,-0.10052917088631763,1,0
2651,-0.6734449204296173,-0.007163730457628193,-0.614206492869086,-1.2063158195461348,-1.3141017949867926,-0.3888008986421099,-0.10052917088631763,0,0
1215,-1.8562442366471437,0.8418657469019611,2.297857021498665,1.4379994894277255,0.5466309751060695,-0.3888008986421099,-0.10052917088631763,1,1
3776,0.47119957913573035,-0.0637656956149342,0.8418252643147895,1.266784829134454,-0.3837354099403615,-0.3888008986421099,-0.10052917088631763,1,0
4024,-1.207612353560113,1.4078853984750206,-0.614206492869086,-1.4726497355578905,-1.3141017949867926,-0.3888008986421099,-0.10052917088631763,1,0
376,0.5856640290922652,1.5210893287896325,0.8418252643147895,1.133617871128576,1.4769973601525006,-0.3888008986421099,-0.10052917088631763,0,1
2888,0.8145929290053351,-1.365610894232971,0.11380938572285176,-0.3502425180797771,1.4769973601525006,2.572010516160091,-0.10052917088631763,1,0
13,1.0053670122662262,1.1248755726884911,0.11380938572285176,0.6009500391050647,1.4769973601525006,-0.3888008986421099,-0.10052917088631763,1,1
1677,-1.8180894199949655,0.5022539559581258,2.297857021498665,1.2858086802781508,0.5466309751060695,-0.3888008986421099,-0.10052917088631763,0,1
284,-1.8180894199949655,1.1814775378457971,1.5698411429067274,1.6472618520083906,0.5466309751060695,2.572010516160091,-0.10052917088631763,1,1
2790,0.1659610459183044,-0.007163730457628193,-0.614206492869086,-0.2741471135049897,-0.3837354099403615,-0.3888008986421099,-0.10052917088631763,1,0
4766,1.539534445396722,1.0682736075311852,0.11380938572285176,1.3428802337092414,-1.3141017949867926,-0.3888008986421099,-0.10052917088631763,1,0
4598,1.2342959121792958,-0.23357159108685158,-0.614206492869086,-0.8829103501032884,-0.3837354099403615,2.572010516160091,-0.10052917088631763,2,0
2753,0.9290573789618695,-0.9693971381318289,-0.614206492869086,0.2775445696622185,0.5466309751060695,2.572010516160091,-0.10052917088631763,0,0
4080,0.242270679222661,0.1626421650142898,-0.614206492869086,0.220473016231128,-0.3837354099403615,-0.3888008986421099,-0.10052917088631763,0,0
4156,0.6619736623966218,-1.252406963918359,0.11380938572285176,-1.986293716437705,0.5466309751060695,-0.3888008986421099,-0.10052917088631763,0,0
2468,1.0435218289184045,0.1626421650142898,0.11380938572285176,-1.2063158195461348,-0.3837354099403615,-0.3888008986421099,-0.10052917088631763,1,0
2315,-1.7036249700384305,-1.6486207200195007,0.11380938572285176,-0.711695689810017,1.4769973601525006,-0.3888008986421099,-0.10052917088631763,1,0
2652,0.5856640290922652,0.5022539559581258,-0.614206492869086,-0.6546241363789265,-1.3141017949867926,-0.3888008986421099,-0.10052917088631763,0,0
2643,1.0435218289184045,1.0682736075311852,0.11380938572285176,-1.0921727126839538,-0.3837354099403615,-0.3888008986421099,-0.10052917088631763,0,0
906,0.7001284790488002,1.1814775378457971,0.8418252643147895,0.6770454436798521,1.4769973601525006,-0.3888008986421099,-0.10052917088631763,1,1
3329,0.8145929290053351,-0.7429892775026056,-0.614206492869086,-1.0921727126839538,-1.3141017949867926,-0.3888008986421099,-0.10052917088631763,1,0
1682,0.9672121956140478,1.2380795030031027,0.11380938572285176,1.1716655734159698,1.4769973601525006,-0.3888008986421099,-0.10052917088631763,1,1
3324,1.0053670122662262,-1.1958049987610528,0.11380938572285176,-0.5595048806604422,-1.3141017949867926,-0.3888008986421099,-0.10052917088631763,1,0
3548,-0.5589804704730826,0.7286618165873492,1.5698411429067274,-0.6546241363789265,-1.3141017949867926,-0.3888008986421099,-0.10052917088631763,1,0
3645,0.5856640290922652,1.3512834333177146,-1.342222371461024,-0.9780296058217727,-0.3837354099403615,-0.3888008986421099,-0.10052917088631763,0,0
2339,0.242270679222661,-1.0826010684464409,0.11380938572285176,-0.7497433920974106,-0.3837354099403615,-0.3888008986421099,-0.10052917088631763,0,0
58,-1.8180894199949655,0.5022539559581258,1.5698411429067274,2.0277388748823273,0.5466309751060695,-0.3888008986421099,-0.10052917088631763,1,1
3199,1.539534445396722,1.2946814681604086,0.11380938572285176,0.9053316574042141,-1.3141017949867926,2.572010516160091,-0.10052917088631763,2,0
3702,0.1278062292661261,-0.7429892775026056,-0.614206492869086,0.6580215925361552,-1.3141017949867926,-0.3888008986421099,-0.10052917088631763,2,0
2666,1.4632248120923652,0.6720598514300432,-0.614206492869086,1.1716655734159698,-0.3837354099403615,-0.3888008986421099,-0.10052917088631763,1,0
240,-1.8180894199949655,1.4078853984750206,2.297857021498665,0.9814270619790014,0.5466309751060695,-0.3888008986421099,-0.10052917088631763,1,1
4532,1.3487603621358308,1.3512834333177146,0.8418252643147895,-1.282411224120922,-0.3837354099403615,2.572010516160091,-0.10052917088631763,1,0
2178,-1.5510057034297173,1.1248755726884911,0.11380938572285176,-0.2551232623612929,-1.3141017949867926,-0.3888008986421099,-0.10052917088631763,0,0
315,-1.8180894199949655,0.5022539559581258,1.5698411429067274,1.247760977990757,0.5466309751060695,-0.3888008986421099,-0.10052917088631763,1,1
4508,-0.29189675390783476,-0.6863873123452996,0.11380938572285176,-0.045860899780627705,-1.3141017949867926,-0.3888008986421099,9.94736145920113,0,0
1570,-0.7879093703861523,-1.365610894232971,-1.342222371461024,-0.9399819035343789,-0.3837354099403615,-0.3888008986421099,-0.10052917088631763,1,1
3419,-0.8260641870383305,-0.9693971381318289,1.5698411429067274,0.44875922995549006,2.4073637451989316,-0.3888008986421099,-0.10052917088631763,0,0
1761,-0.7879093703861523,-0.9693971381318289,-1.342222371461024,-1.187291968402438,-0.3837354099403615,-0.3888008986421099,-0.10052917088631763,1,1
3432,0.0896514126139478,-1.1392030336037469,0.11380938572285176,0.08730605822525014,-1.3141017949867926,2.572010516160091,-0.10052917088631763,0,0
3122,0.3185803125270176,0.2192441301715958,-0.614206492869086,-0.9019342012469853,0.5466309751060695,2.572010516160091,-0.10052917088631763,1,0
4962,1.0053670122662262,1.3512834333177146,-0.614206492869086,-0.7877910943848043,-1.3141017949867926,2.572010516160091,-0.10052917088631763,1,0
4591,0.43304476248355206,0.6720598514300432,-0.614206492869086,0.46778308109918687,-0.3837354099403615,2.572010516160091,-0.10052917088631763,2,0
3345,0.242270679222661,1.2946814681604086,-0.614206492869086,-1.986293716437705,-0.3837354099403615,-0.3888008986421099,-0.10052917088631763,0,0
1065,-0.40636120386436964,0.5022539559581258,0.11380938572285176,-1.3204589264083157,-0.3837354099403615,-0.3888008986421099,-0.10052917088631763,1,1
2298,1.539534445396722,0.1060401998569838,-0.614206492869086,-0.7307195409537138,-0.3837354099403615,-0.3888008986421099,-0.10052917088631763,0,0
1314,0.547509212440087,0.7286618165873492,0.8418252643147895,0.8292362528294267,1.4769973601525006,-0.3888008986421099,-0.10052917088631763,0,1
970,-0.6352901037774392,-1.365610894232971,-1.342222371461024,-1.3775304798394061,-0.3837354099403615,-0.3888008986421099,-0.10052917088631763,2,1
2808,1.2724507288314741,-0.8561932078172175,-0.614206492869086,-0.7307195409537138,-0.3837354099403615,-0.3888008986421099,-0.10052917088631763,0,0
265,-0.597135287125261,-1.252406963918359,-1.342222371461024,-1.2063158195461348,-0.3837354099403615,-0.3888008986421099,-0.10052917088631763,0,1
1760,0.5856640290922652,1.5776912939469385,0.8418252643147895,0.9624032108353046,2.4073637451989316,-0.3888008986421099,-0.10052917088631763,1,1
3619,0.5856640290922652,0.6154578862727372,0.11380938572285176,1.2858086802781508,-1.3141017949867926,-0.3888008986421099,-0.10052917088631763,2,0
3714,1.539534445396722,0.2758460953289018,0.8418252643147895,0.3916876765243995,-1.3141017949867926,2.572010516160091,-0.10052917088631763,0,0
1441,0.9290573789618695,1.1814775378457971,0.11380938572285176,0.8672839551168204,1.4769973601525006,-0.3888008986421099,-0.10052917088631763,0,1
786,1.0435218289184045,1.5210893287896325,0.8418252643147895,0.8672839551168204,1.4769973601525006,-0.3888008986421099,-0.10052917088631763,1,1
417,0.9290573789618695,1.5776912939469385,0.11380938572285176,0.5058307833865805,2.4073637451989316,-0.3888008986421099,-0.10052917088631763,0,1
4755,0.7382832957009784,0.5588559211154311,-0.614206492869086,-1.05412501039656,0.5466309751060695,-0.3888008986421099,-0.10052917088631763,2,0
2348,0.43304476248355206,0.9550696772165732,0.11380938572285176,-0.5404810295167455,-1.3141017949867926,-0.3888008986421099,-0.10052917088631763,1,0
1545,0.8909025623096917,1.2946814681604086,0.11380938572285176,1.3809279359966349,1.4769973601525006,-0.3888008986421099,-0.10052917088631763,0,1
2739,0.2804254958748393,-1.7052226851768066,1.5698411429067274,0.334616123093309,-1.3141017949867926,-0.3888008986421099,-0.10052917088631763,1,0
411,-1.1313027202557564,-1.5354167897048887,1.5698411429067274,0.29656842080591533,0.5466309751060695,-0.3888008986421099,-0.10052917088631763,1,1
4094,0.43304476248355206,0.1060401998569838,0.11380938572285176,1.2097132757033635,-1.3141017949867926,2.572010516160091,-0.10052917088631763,1,0
1031,-1.8180894199949655,1.4078853984750206,1.5698411429067274,1.9896911725949338,0.5466309751060695,-0.3888008986421099,-0.10052917088631763,1,1
2822,-1.3602316201688263,-1.1392030336037469,0.8418252643147895,-1.05412501039656,1.4769973601525006,2.572010516160091,-0.10052917088631763,1,0
1673,1.0053670122662262,0.6154578862727372,0.11380938572285176,0.6960692948235488,1.4769973601525006,-0.3888008986421099,-0.10052917088631763,1,1
2277,0.8145929290053351,-0.007163730457628193,1.5698411429067274,0.7150931459672457,0.5466309751060695,-0.3888008986421099,-0.10052917088631763,1,0
4539,0.5856640290922652,1.4078853984750206,-0.614206492869086,0.8102124016857299,-1.3141017949867926,-0.3888008986421099,9.94736145920113,0,0
3209,1.4250699954401869,1.4644873636323266,0.8418252643147895,-0.9019342012469853,-0.3837354099403615,-0.3888008986421099,-0.10052917088631763,1,0
1082,1.2342959121792958,1.0682736075311852,0.11380938572285176,1.266784829134454,1.4769973601525006,-0.3888008986421099,-0.10052917088631763,0,1
3504,-0.0248130373425871,0.2758460953289018,0.11380938572285176,0.8102124016857299,-0.3837354099403615,-0.3888008986421099,-0.10052917088631763,0,0
4692,1.5776892620489003,-1.5920187548621947,1.5698411429067274,-1.872150609575524,2.4073637451989316,-0.3888008986421099,-0.10052917088631763,1,0
2360,0.2804254958748393,-0.6863873123452996,0.8418252643147895,0.46778308109918687,-0.3837354099403615,-0.3888008986421099,-0.10052917088631763,1,0
3721,1.539534445396722,1.1814775378457971,0.8418252643147895,0.011210653650462806,-1.3141017949867926,-0.3888008986421099,-0.10052917088631763,0,0
815,-1.8180894199949655,1.1248755726884911,2.297857021498665,0.9624032108353046,0.5466309751060695,2.572010516160091,-0.10052917088631763,1,1
4162,1.2342959121792958,0.1060401998569838,-0.614206492869086,1.0955701688411825,0.5466309751060695,-0.3888008986421099,-0.10052917088631763,2,0
491,-0.17743230395129986,-0.912795172974523,0.11380938572285176,1.495071042858816,2.4073637451989316,-0.3888008986421099,-0.10052917088631763,0,1
3315,0.5093543957879086,0.2758460953289018,0.11380938572285176,-1.1492442661150442,-1.3141017949867926,-0.3888008986421099,-0.10052917088631763,0,0
3071,0.547509212440087,-0.4033774865587696,0.8418252643147895,-0.9780296058217727,-0.3837354099403615,-0.3888008986421099,-0.10052917088631763,0,0
3603,1.119831462222761,1.0682736075311852,0.8418252643147895,-0.23609941121759606,-1.3141017949867926,-0.3888008986421099,-0.10052917088631763,1,0
1098,-0.7497545537339739,-1.365610894232971,-1.342222371461024,-1.3014350752646189,-0.3837354099403615,-0.3888008986421099,-0.10052917088631763,1,1
2342,0.7764381123531567,1.5776912939469385,-0.614206492869086,-1.2063158195461348,-0.3837354099403615,-0.3888008986421099,-0.10052917088631763,1,0
4772,-0.21558712060347818,-1.1958049987610528,-0.614206492869086,0.29656842080591533,-1.3141017949867926,2.572010516160091,-0.10052917088631763,0,0
711,0.242270679222661,1.0116716423738792,1.5698411429067274,0.9433793596916078,-1.3141017949867926,-0.3888008986421099,-0.10052917088631763,1,1
791,-1.322076803516648,1.5210893287896325,0.11380938572285176,0.030234504794159643,0.5466309751060695,2.572010516160091,-0.10052917088631763,1,1
4031,0.242270679222661,-1.1958049987610528,0.11380938572285176,0.08730605822525014,-1.3141017949867926,-0.3888008986421099,-0.10052917088631763,1,0
3182,0.2804254958748393,-0.12036766077224019,0.11380938572285176,-0.8638864989595917,0.5466309751060695,-0.3888008986421099,-0.10052917088631763,0,0
4074,-0.29189675390783476,-0.912795172974523,-0.614206492869086,-0.7307195409537138,-0.3837354099403615,-0.3888008986421099,-0.10052917088631763,0,0
1306,0.1659610459183044,0.2758460953289018,0.8418252643147895,0.46778308109918687,0.5466309751060695,-0.3888008986421099,-0.10052917088631763,1,1
3561,-1.5891605200818957,0.8984677120592672,1.5698411429067274,0.29656842080591533,-0.3837354099403615,-0.3888008986421099,-0.10052917088631763,1,0
2900,1.5013796287445436,-0.6297853471879936,-0.614206492869086,-0.711695689810017,-1.3141017949867926,-0.3888008986421099,-0.10052917088631763,1,0
4122,-1.4746960701253609,-1.252406963918359,0.8418252643147895,-1.4536258844141936,-0.3837354099403615,2.572010516160091,-0.10052917088631763,0,0
1193,-0.5208256538209044,-1.1958049987610528,-1.342222371461024,-1.396554330983103,-0.3837354099403615,-0.3888008986421099,-0.10052917088631763,0,1
1982,0.7001284790488002,1.5776912939469385,0.11380938572285176,0.334616123093309,2.4073637451989316,-0.3888008986421099,-0.10052917088631763,0,1
2048,1.119831462222761,-1.252406963918359,-0.614206492869086,0.7531408482546395,-1.3141017949867926,-0.3888008986421099,-0.10052917088631763,1,0
3990,0.9672121956140478,0.5022539559581258,-0.614206492869086,0.7531408482546395,2.4073637451989316,-0.3888008986421099,-0.10052917088631763,1,0
726,-0.5589804704730826,-1.4788148245475827,-1.342222371461024,-1.0160773081091663,-0.3837354099403615,-0.3888008986421099,-0.10052917088631763,0,1
3732,1.4250699954401869,-1.309008929075665,0.11380938572285176,0.5058307833865805,-0.3837354099403615,-0.3888008986421099,-0.10052917088631763,0,0
3472,1.4250699954401869,1.1814775378457971,-0.614206492869086,0.12535376051264382,-1.3141017949867926,-0.3888008986421099,-0.10052917088631763,1,0
4114,0.242270679222661,-0.8561932078172175,0.8418252643147895,-1.0160773081091663,-0.3837354099403615,2.572010516160091,-0.10052917088631763,0,0
1990,0.3185803125270176,1.0682736075311852,0.8418252643147895,0.8672839551168204,0.5466309751060695,-0.3888008986421099,-0.10052917088631763,1,1
4275,0.0514965959617695,0.3890500256435138,0.11380938572285176,-0.40731407151086757,-0.3837354099403615,-0.3888008986421099,-0.10052917088631763,0,0
2833,-0.13927748729912157,0.3324480604862078,0.11380938572285176,-0.5024333272293517,-1.3141017949867926,-0.3888008986421099,-0.10052917088631763,0,0
1670,0.35673512917919586,-1.025999103289135,-0.614206492869086,-0.6926718386663201,1.4769973601525006,-0.3888008986421099,-0.10052917088631763,0,1
297,-0.7115997370817956,-0.9693971381318289,-1.342222371461024,-0.8829103501032884,-0.3837354099403615,-0.3888008986421099,-0.10052917088631763,0,1
3837,0.0133417793095912,-0.5165814168733815,0.11380938572285176,1.3048325314218476,-0.3837354099403615,-0.3888008986421099,-0.10052917088631763,1,0
1973,-0.8260641870383305,-1.252406963918359,-1.342222371461024,-1.3585066286957095,-0.3837354099403615,-0.3888008986421099,-0.10052917088631763,0,1
2016,0.8909025623096917,-0.8561932078172175,-0.614206492869086,0.4107115276680964,-1.3141017949867926,-0.3888008986421099,-0.10052917088631763,0,0
1969,1.0053670122662262,1.0682736075311852,0.8418252643147895,0.5629023368176711,2.4073637451989316,-0.3888008986421099,-0.10052917088631763,1,1
444,0.8909025623096917,1.4644873636323266,0.8418252643147895,0.8102124016857299,1.4769973601525006,-0.3888008986421099,-0.10052917088631763,1,1
3623,0.1278062292661261,1.2380795030031027,-0.614206492869086,0.4107115276680964,0.5466309751060695,-0.3888008986421099,-0.10052917088631763,0,0
634,-0.7497545537339739,-0.912795172974523,-1.342222371461024,-0.9209580523906822,-0.3837354099403615,-0.3888008986421099,-0.10052917088631763,1,1
2918,0.6238188457444436,0.5022539559581258,0.8418252643147895,-1.8341029072881303,1.4769973601525006,-0.3888008986421099,-0.10052917088631763,0,0
3921,0.7001284790488002,-0.5731833820306875,0.11380938572285176,-0.8638864989595917,-0.3837354099403615,-0.3888008986421099,-0.10052917088631763,0,0
4078,0.1659610459183044,0.1060401998569838,0.11380938572285176,-0.9019342012469853,-0.3837354099403615,-0.3888008986421099,-0.10052917088631763,0,0
86,-1.7799346033427872,0.8418657469019611,1.5698411429067274,1.95164347030754,0.5466309751060695,-0.3888008986421099,-0.10052917088631763,1,1
1238,0.6238188457444436,1.0116716423738792,0.11380938572285176,0.44875922995549006,1.4769973601525006,-0.3888008986421099,-0.10052917088631763,0,1
314,-0.6352901037774392,-1.309008929075665,-1.342222371461024,-1.3775304798394061,-0.3837354099403615,-0.3888008986421099,-0.10052917088631763,1,1
3948,1.5776892620489003,0.7852637817446552,0.11380938572285176,0.06828220708155332,-1.3141017949867926,-0.3888008986421099,-0.10052917088631763,1,0
358,-0.7879093703861523,-1.025999103289135,-1.342222371461024,-1.0160773081091663,-0.3837354099403615,-0.3888008986421099,-0.10052917088631763,1,1
90,-1.8180894199949655,0.3890500256435138,1.5698411429067274,1.6853095542957843,0.5466309751060695,-0.3888008986421099,-0.10052917088631763,1,1
592,0.3185803125270176,-0.2901735562441576,-1.342222371461024,1.0004509131226982,-0.3837354099403615,-0.3888008986421099,-0.10052917088631763,1,1
3037,0.5093543957879086,0.2758460953289018,-0.614206492869086,-1.0921727126839538,-0.3837354099403615,-0.3888008986421099,-0.10052917088631763,2,0
2070,-0.17743230395129986,0.5022539559581258,-0.614206492869086,0.44875922995549006,-0.3837354099403615,2.572010516160091,-0.10052917088631763,1,0
3553,-0.0248130373425871,1.5210893287896325,-0.614206492869086,0.04925835593785648,-0.3837354099403615,-0.3888008986421099,-0.10052917088631763,1,0
3333,0.547509212440087,-0.23357159108685158,0.11380938572285176,0.6770454436798521,-0.3837354099403615,-0.3888008986421099,-0.10052917088631763,1,0
2399,-0.13927748729912157,1.1814775378457971,0.11380938572285176,-0.7877910943848043,0.5466309751060695,2.572010516160091,-0.10052917088631763,1,0
3638,-0.10112267064694327,-1.7618246503341126,0.11380938572285176,-1.3394827775520126,1.4769973601525006,2.572010516160091,-0.10052917088631763,0,0
2102,1.6158440787010784,0.1060401998569838,-0.614206492869086,0.334616123093309,0.5466309751060695,-0.3888008986421099,-0.10052917088631763,1,0
4860,1.3106055454836525,-1.309008929075665,0.8418252643147895,1.0765463176974857,-0.3837354099403615,2.572010516160091,-0.10052917088631763,0,0
1953,-0.44451602051654776,-0.9693971381318289,-1.342222371461024,-1.0921727126839538,-0.3837354099403615,-0.3888008986421099,-0.10052917088631763,1,1
3651,0.547509212440087,1.5776912939469385,-0.614206492869086,-0.1029324532117182,-0.3837354099403615,-0.3888008986421099,-0.10052917088631763,0,0
497,-1.8180894199949655,0.5588559211154311,1.5698411429067274,0.7911885505420331,0.5466309751060695,-0.3888008986421099,-0.10052917088631763,0,1
3080,0.9290573789618695,1.4078853984750206,-0.614206492869086,0.7911885505420331,1.4769973601525006,-0.3888008986421099,-0.10052917088631763,0,0
2891,0.5856640290922652,-0.17696962592954618,0.11380938572285176,-0.7877910943848043,-0.3837354099403615,-0.3888008986421099,-0.10052917088631763,1,0
2795,-1.7036249700384305,0.9550696772165732,0.11380938572285176,0.8863078062605173,2.4073637451989316,2.572010516160091,-0.10052917088631763,0,0
4595,-1.3602316201688263,0.9550696772165732,0.11380938572285176,1.133617871128576,0.5466309751060695,-0.3888008986421099,-0.10052917088631763,2,0
3214,1.539534445396722,0.8984677120592672,0.8418252643147895,0.5629023368176711,-0.3837354099403615,-0.3888008986421099,-0.10052917088631763,1,0
1339,-0.25374193725565647,0.3890500256435138,0.11380938572285176,-1.3014350752646189,-0.3837354099403615,-0.3888008986421099,-0.10052917088631763,1,1
1824,-1.8180894199949655,0.9550696772165732,1.5698411429067274,1.4760471917151192,0.5466309751060695,-0.3888008986421099,-0.10052917088631763,0,1
2597,0.7001284790488002,-0.45997945171607557,-0.614206492869086,-0.2551232623612929,-0.3837354099403615,-0.3888008986421099,-0.10052917088631763,0,0
2394,-0.9405286369948652,-1.8184266154914184,0.11380938572285176,0.18242531394373432,-1.3141017949867926,2.572010516160091,-0.10052917088631763,1,0
4520,-0.5208256538209044,-1.5354167897048887,-1.342222371461024,-1.4916735867015871,-0.3837354099403615,-0.3888008986421099,-0.10052917088631763,1,0
308,-1.7799346033427872,0.5022539559581258,0.8418252643147895,1.609214149720997,0.5466309751060695,-0.3888008986421099,-0.10052917088631763,1,1
2670,-0.9405286369948652,-0.12036766077224019,0.8418252643147895,1.3048325314218476,0.5466309751060695,-0.3888008986421099,-0.10052917088631763,1,0
325,-0.7879093703861523,-1.5354167897048887,-1.342222371461024,-1.3585066286957095,-0.3837354099403615,-0.3888008986421099,-0.10052917088631763,1,1
4924,0.7382832957009784,0.8984677120592672,-1.342222371461024,-0.6356002852352296,-0.3837354099403615,-0.3888008986421099,-0.10052917088631763,0,0
271,-0.5208256538209044,-1.1958049987610528,-1.342222371461024,-1.4346020332704967,-0.3837354099403615,-0.3888008986421099,-0.10052917088631763,0,1
2565,0.9672121956140478,0.1060401998569838,-0.614206492869086,0.3536399742370058,-1.3141017949867926,-0.3888008986421099,-0.10052917088631763,0,0
3630,-1.627315336734074,-0.2901735562441576,1.5698411429067274,0.12535376051264382,1.4769973601525006,-0.3888008986421099,-0.10052917088631763,1,0
4229,-0.17743230395129986,0.8984677120592672,-0.614206492869086,-0.9970534569654695,-0.3837354099403615,2.572010516160091,-0.10052917088631763,2,0
274,-1.8562442366471437,1.3512834333177146,1.5698411429067274,1.7804288100142684,0.5466309751060695,-0.3888008986421099,-0.10052917088631763,1,1
1468,-1.8180894199949655,0.9550696772165732,2.297857021498665,1.3238563825655445,0.5466309751060695,-0.3888008986421099,-0.10052917088631763,0,1
4999,-0.0248130373425871,0.5588559211154311,0.8418252643147895,-1.2253396706898316,-0.3837354099403615,-0.3888008986421099,-0.10052917088631763,1,0
4361,0.6238188457444436,0.8418657469019611,0.11380938572285176,1.0575224665537888,-1.3141017949867926,-0.3888008986421099,-0.10052917088631763,0,0
3450,1.5776892620489003,-1.9882325109633363,0.8418252643147895,-0.9019342012469853,-0.3837354099403615,-0.3888008986421099,-0.10052917088631763,1,0
2514,1.2342959121792958,0.8984677120592672,0.11380938572285176,-0.5404810295167455,-0.3837354099403615,-0.3888008986421099,-0.10052917088631763,1,0
4458,0.0896514126139478,0.6720598514300432,-1.342222371461024,0.3536399742370058,-0.3837354099403615,-0.3888008986421099,-0.10052917088631763,1,0
4404,0.43304476248355206,-0.8561932078172175,0.8418252643147895,0.46778308109918687,-1.3141017949867926,-0.3888008986421099,-0.10052917088631763,1,0
505,0.7764381123531567,0.6154578862727372,0.11380938572285176,0.2775445696622185,2.4073637451989316,-0.3888008986421099,-0.10052917088631763,0,1
2210,-0.29189675390783476,-0.5165814168733815,-0.614206492869086,-0.5785287318041391,-1.3141017949867926,-0.3888008986421099,-0.10052917088631763,0,0
4653,-0.48267083716872605,-0.7995912426599115,-0.614206492869086,-0.045860899780627705,-1.3141017949867926,-0.3888008986421099,-0.10052917088631763,0,0
1097,-0.7879093703861523,-1.4788148245475827,-1.342222371461024,-1.396554330983103,-0.3837354099403615,-0.3888008986421099,-0.10052917088631763,1,1
1105,-1.7799346033427872,0.9550696772165732,1.5698411429067274,0.9814270619790014,0.5466309751060695,-0.3888008986421099,-0.10052917088631763,1,1
3014,1.0816766455705826,1.2380795030031027,-0.614206492869086,-0.9780296058217727,-1.3141017949867926,-0.3888008986421099,-0.10052917088631763,1,0
1861,0.6619736623966218,1.5776912939469385,0.8418252643147895,0.3916876765243995,2.4073637451989316,-0.3888008986421099,-0.10052917088631763,0,1
1960,-0.7879093703861523,-1.365610894232971,-1.342222371461024,-0.8068149455285011,-0.3837354099403615,-0.3888008986421099,-0.10052917088631763,1,1
1443,-0.5589804704730826,-1.1392030336037469,-1.342222371461024,-0.9209580523906822,-0.3837354099403615,2.572010516160091,-0.10052917088631763,0,1
4894,1.2342959121792958,0.3324480604862078,0.11380938572285176,1.1145940199848794,-1.3141017949867926,2.572010516160091,-0.10052917088631763,0,0
166,-1.7799346033427872,0.6720598514300432,2.297857021498665,1.7804288100142684,0.5466309751060695,-0.3888008986421099,-0.10052917088631763,1,1
4990,0.43304476248355206,1.4078853984750206,-0.614206492869086,-0.8448626478158948,-1.3141017949867926,-0.3888008986421099,-0.10052917088631763,1,0
2756,-0.40636120386436964,-0.9693971381318289,0.11380938572285176,-1.5297212889889809,1.4769973601525006,2.572010516160091,-0.10052917088631763,0,0
3042,0.547509212440087,0.4456519908008198,0.8418252643147895,0.7911885505420331,-0.3837354099403615,-0.3888008986421099,-0.10052917088631763,0,0
4326,1.3487603621358308,0.2192441301715958,-0.614206492869086,0.7911885505420331,-0.3837354099403615,-0.3888008986421099,-0.10052917088631763,1,0
1313,-1.8180894199949655,1.1248755726884911,0.8418252643147895,1.3238563825655445,0.5466309751060695,-0.3888008986421099,-0.10052917088631763,0,1
229,1.0435218289184045,1.2946814681604086,0.8418252643147895,0.6389977413924584,1.4769973601525006,-0.3888008986421099,-0.10052917088631763,1,1
1342,1.2342959121792958,1.2380795030031027,0.8418252643147895,0.8482601039731236,1.4769973601525006,-0.3888008986421099,-0.10052917088631763,1,1
2556,-0.06296785399476497,1.2380795030031027,-0.614206492869086,0.44875922995549006,-1.3141017949867926,-0.3888008986421099,-0.10052917088631763,1,0
740,-1.7799346033427872,0.7286618165873492,2.297857021498665,1.3809279359966349,0.5466309751060695,-0.3888008986421099,-0.10052917088631763,0,1
347,0.8909025623096917,1.5776912939469385,0.11380938572285176,0.9624032108353046,1.4769973601525006,-0.3888008986421099,-0.10052917088631763,1,1
357,-0.6352901037774392,-0.9693971381318289,-1.342222371461024,-0.9209580523906822,-0.3837354099403615,-0.3888008986421099,-0.10052917088631763,1,1
2931,1.3487603621358308,0.7852637817446552,0.11380938572285176,0.3155922719496122,-0.3837354099403615,-0.3888008986421099,-0.10052917088631763,1,0
3988,-0.0248130373425871,0.5022539559581258,-0.614206492869086,-1.1111965638276504,-0.3837354099403615,-0.3888008986421099,-0.10052917088631763,1,0
836,-1.7799346033427872,0.3324480604862078,1.5698411429067274,1.856524214589056,0.5466309751060695,2.572010516160091,-0.10052917088631763,1,1
1221,-0.8260641870383305,-1.1392030336037469,-1.342222371461024,-1.2443635218335283,-0.3837354099403615,-0.3888008986421099,-0.10052917088631763,1,1
2093,-1.4365412534731827,-0.7995912426599115,-0.614206492869086,0.12535376051264382,1.4769973601525006,-0.3888008986421099,-0.10052917088631763,0,0
1273,-0.48267083716872605,-1.4788148245475827,-1.342222371461024,-1.1492442661150442,-0.3837354099403615,-0.3888008986421099,-0.10052917088631763,0,1
2349,0.6238188457444436,-0.007163730457628193,-0.614206492869086,0.20144916508743116,-0.3837354099403615,-0.3888008986421099,-0.10052917088631763,1,0
4185,-0.29189675390783476,-0.17696962592954618,0.8418252643147895,-0.5785287318041391,-1.3141017949867926,-0.3888008986421099,-0.10052917088631763,0,0
2782,-0.13927748729912157,-0.0637656956149342,0.8418252643147895,-0.5595048806604422,-1.3141017949867926,-0.3888008986421099,-0.10052917088631763,1,0
4648,-0.36820638721219134,-1.9316305458060303,-0.614206492869086,-1.3014350752646189,-0.3837354099403615,-0.3888008986421099,-0.10052917088631763,0,0
3640,0.5093543957879086,0.2758460953289018,-1.342222371461024,1.0004509131226982,-0.3837354099403615,-0.3888008986421099,-0.10052917088631763,0,0
4263,0.7001284790488002,-0.912795172974523,-0.614206492869086,-0.9209580523906822,-1.3141017949867926,-0.3888008986421099,-0.10052917088631763,1,0
3129,-1.7417797866906088,1.1814775378457971,1.5698411429067274,1.038498615410092,2.4073637451989316,2.572010516160091,-0.10052917088631763,1,0
3582,-0.21558712060347818,0.9550696772165732,0.8418252643147895,-0.17902785778650554,0.5466309751060695,-0.3888008986421099,-0.10052917088631763,0,0
189,-0.7879093703861523,-0.9693971381318289,-1.342222371461024,-0.9590057546780758,-0.3837354099403615,-0.3888008986421099,-0.10052917088631763,0,1
1428,-0.0248130373425871,-0.6297853471879936,0.11380938572285176,-0.8448626478158948,1.4769973601525006,-0.3888008986421099,-0.10052917088631763,0,1
4060,0.1278062292661261,-1.1958049987610528,-0.614206492869086,-1.168268117258741,-1.3141017949867926,-0.3888008986421099,-0.10052917088631763,1,0
4155,1.539534445396722,-0.34677552140146356,-0.614206492869086,-0.9970534569654695,-0.3837354099403615,-0.3888008986421099,-0.10052917088631763,0,0
1902,-0.44451602051654776,-0.9693971381318289,-1.342222371461024,-1.05412501039656,-0.3837354099403615,-0.3888008986421099,-0.10052917088631763,0,1
1964,-1.8562442366471437,0.9550696772165732,2.297857021498665,2.0467627260260244,0.5466309751060695,-0.3888008986421099,-0.10052917088631763,1,1
263,-0.5208256538209044,-0.912795172974523,-1.342222371461024,-1.3585066286957095,-0.3837354099403615,-0.3888008986421099,-0.10052917088631763,0,1
2163,-0.13927748729912157,1.3512834333177146,0.11380938572285176,0.8672839551168204,-0.3837354099403615,-0.3888008986421099,-0.10052917088631763,1,0
1661,-0.597135287125261,-1.422212859390277,-1.342222371461024,-1.2443635218335283,-0.3837354099403615,-0.3888008986421099,-0.10052917088631763,0,1
4514,-1.3983864368210046,0.8418657469019611,0.11380938572285176,-1.0351011592528632,1.4769973601525006,-0.3888008986421099,-0.10052917088631763,0,0
1366,-1.8180894199949655,0.6154578862727372,1.5698411429067274,1.723357256583178,0.5466309751060695,-0.3888008986421099,-0.10052917088631763,1,1
749,-0.6734449204296173,-1.252406963918359,-1.342222371461024,-1.4346020332704967,-0.3837354099403615,-0.3888008986421099,-0.10052917088631763,1,1
5000,0.242270679222661,1.4078853984750206,0.11380938572285176,1.247760977990757,-1.3141017949867926,-0.3888008986421099,-0.10052917088631763,1,0
3996,0.2041158625704827,-1.8184266154914184,1.5698411429067274,-0.48340947608565493,-1.3141017949867926,2.572010516160091,-0.10052917088631763,0,0
3265,0.0514965959617695,0.3890500256435138,0.11380938572285176,0.12535376051264382,-1.3141017949867926,-0.3888008986421099,-0.10052917088631763,0,0
3531,0.5093543957879086,0.2758460953289018,0.11380938572285176,-0.19805170893020238,0.5466309751060695,-0.3888008986421099,-0.10052917088631763,0,0
623,-1.8180894199949655,-0.9693971381318289,-1.342222371461024,0.8482601039731236,0.5466309751060695,-0.3888008986421099,-0.10052917088631763,0,1
410,0.9290573789618695,1.4644873636323266,0.11380938572285176,0.5819261879613679,1.4769973601525006,-0.3888008986421099,-0.10052917088631763,1,1
1834,-1.8180894199949655,0.7286618165873492,1.5698411429067274,1.2097132757033635,0.5466309751060695,-0.3888008986421099,-0.10052917088631763,1,1
3275,1.1579862788749393,-1.1392030336037469,0.8418252643147895,1.1716655734159698,0.5466309751060695,-0.3888008986421099,-0.10052917088631763,0,0
1176,0.7764381123531567,-0.0637656956149342,0.11380938572285176,1.7804288100142684,-0.3837354099403615,-0.3888008986421099,-0.10052917088631763,1,1
2811,0.43304476248355206,1.4078853984750206,0.11380938572285176,0.5819261879613679,-0.3837354099403615,-0.3888008986421099,-0.10052917088631763,1,0
3002,0.3185803125270176,0.1626421650142898,0.8418252643147895,0.46778308109918687,-0.3837354099403615,2.572010516160091,-0.10052917088631763,0,0
303,-1.8180894199949655,0.2758460953289018,2.297857021498665,0.9053316574042141,1.4769973601525006,-0.3888008986421099,-0.10052917088631763,0,1
4589,1.3869151787880087,0.9550696772165732,-0.614206492869086,0.5248546345302774,-0.3837354099403615,2.572010516160091,-0.10052917088631763,2,0
1851,-0.597135287125261,-1.422212859390277,-1.342222371461024,-1.282411224120922,-0.3837354099403615,-0.3888008986421099,-0.10052917088631763,1,1
1664,-0.7879093703861523,-1.4788148245475827,-1.342222371461024,-1.3775304798394061,-0.3837354099403615,2.572010516160091,-0.10052917088631763,0,1
1962,-1.7799346033427872,1.3512834333177146,1.5698411429067274,1.4760471917151192,0.5466309751060695,-0.3888008986421099,-0.10052917088631763,1,1
2927,0.9290573789618695,0.6720598514300432,-0.614206492869086,-1.2063158195461348,-1.3141017949867926,2.572010516160091,-0.10052917088631763,1,0
3223,0.6238188457444436,0.1060401998569838,0.11380938572285176,0.5819261879613679,-1.3141017949867926,-0.3888008986421099,-0.10052917088631763,0,0
787,0.7764381123531567,1.1814775378457971,0.8418252643147895,0.4297353788117932,1.4769973601525006,-0.3888008986421099,-0.10052917088631763,1,1
3607,0.0133417793095912,-0.5731833820306875,-0.614206492869086,-0.6356002852352296,-1.3141017949867926,-0.3888008986421099,-0.10052917088631763,0,0
793,1.2342959121792958,0.6154578862727372,0.8418252643147895,1.0765463176974857,1.4769973601525006,-0.3888008986421099,-0.10052917088631763,1,1
1335,-0.5208256538209044,-1.0826010684464409,-1.342222371461024,-1.05412501039656,-0.3837354099403615,-0.3888008986421099,-0.10052917088631763,1,1
4261,0.3948899458313742,-0.6297853471879936,0.8418252643147895,1.3048325314218476,-1.3141017949867926,-0.3888008986421099,-0.10052917088631763,2,0
200,0.7382832957009784,1.2380795030031027,0.8418252643147895,0.44875922995549006,2.4073637451989316,-0.3888008986421099,-0.10052917088631763,1,1
4848,0.7764381123531567,-0.7995912426599115,-0.614206492869086,-0.9970534569654695,-0.3837354099403615,2.572010516160091,-0.10052917088631763,1,0
3980,-1.627315336734074,0.1060401998569838,-1.342222371461024,-0.5024333272293517,-0.3837354099403615,2.572010516160091,-0.10052917088631763,1,0
2208,-0.25374193725565647,-0.17696962592954618,-0.614206492869086,-1.0921727126839538,-1.3141017949867926,2.572010516160091,-0.10052917088631763,0,0
1158,-0.597135287125261,-1.1392030336037469,-1.342222371461024,-1.168268117258741,-0.3837354099403615,2.572010516160091,-0.10052917088631763,0,1
109,0.5093543957879086,0.8418657469019611,-0.614206492869086,-0.48340947608565493,0.5466309751060695,-0.3888008986421099,-0.10052917088631763,0,1
2904,-1.0549930869514001,-0.12036766077224019,0.8418252643147895,1.4760471917151192,0.5466309751060695,2.572010516160091,-0.10052917088631763,1,0
2125,0.547509212440087,-1.252406963918359,-0.614206492869086,1.038498615410092,2.4073637451989316,-0.3888008986421099,-0.10052917088631763,1,0
19,-0.48267083716872605,-1.1958049987610528,-1.342222371461024,-0.8068149455285011,-0.3837354099403615,2.572010516160091,9.94736145920113,1,1
1712,-0.597135287125261,-1.252406963918359,-1.342222371461024,-1.1302204149713473,-0.3837354099403615,-0.3888008986421099,-0.10052917088631763,1,1
2219,0.7001284790488002,1.1814775378457971,-0.614206492869086,1.2097132757033635,-0.3837354099403615,2.572010516160091,-0.10052917088631763,1,0
4537,-1.3983864368210046,-1.9882325109633363,1.5698411429067274,1.2097132757033635,-0.3837354099403615,-0.3888008986421099,9.94736145920113,0,0
3629,-1.3983864368210046,1.1814775378457971,0.11380938572285176,0.7721646993983362,0.5466309751060695,-0.3888008986421099,-0.10052917088631763,1,0
3617,0.47119957913573035,-0.2901735562441576,0.11380938572285176,-0.40731407151086757,-0.3837354099403615,-0.3888008986421099,-0.10052917088631763,0,0
4796,-0.10112267064694327,0.5022539559581258,0.8418252643147895,0.9243555085479109,-0.3837354099403615,-0.3888008986421099,-0.10052917088631763,1,0
5,-0.7879093703861523,-1.1392030336037469,-1.342222371461024,-0.825838796672198,-0.3837354099403615,-0.3888008986421099,-0.10052917088631763,1,1
2941,-0.13927748729912157,1.4644873636323266,-0.614206492869086,-0.1029324532117182,-0.3837354099403615,-0.3888008986421099,-0.10052917088631763,1,0
2034,0.6619736623966218,-0.912795172974523,0.8418252643147895,-0.5214571783730486,0.5466309751060695,-0.3888008986421099,-0.10052917088631763,1,0
76,-1.7799346033427872,0.3890500256435138,2.297857021498665,1.970667321451237,0.5466309751060695,-0.3888008986421099,-0.10052917088631763,0,1
4637,0.547509212440087,1.2946814681604086,0.8418252643147895,-0.597552582947836,-0.3837354099403615,-0.3888008986421099,-0.10052917088631763,1,0
3498,0.6238188457444436,1.4078853984750206,-1.342222371461024,-1.282411224120922,0.5466309751060695,-0.3888008986421099,-0.10052917088631763,0,0
4721,-0.06296785399476497,0.7286618165873492,-0.614206492869086,0.4297353788117932,-0.3837354099403615,-0.3888008986421099,-0.10052917088631763,2,0
3418,0.5093543957879086,-0.17696962592954618,-1.342222371461024,-0.5785287318041391,-0.3837354099403615,-0.3888008986421099,-0.10052917088631763,0,0
944,0.8909025623096917,1.5776912939469385,0.8418252643147895,0.6199738902487616,1.4769973601525006,-0.3888008986421099,-0.10052917088631763,1,1
1675,-0.06296785399476497,0.7852637817446552,0.8418252643147895,0.9433793596916078,-1.3141017949867926,-0.3888008986421099,-0.10052917088631763,0,1
1150,0.7382832957009784,1.1248755726884911,0.8418252643147895,1.0004509131226982,1.4769973601525006,-0.3888008986421099,-0.10052917088631763,1,1
2215,0.0514965959617695,-1.1392030336037469,-1.342222371461024,-1.0160773081091663,-0.3837354099403615,-0.3888008986421099,-0.10052917088631763,0,0
4384,-1.4746960701253609,-0.23357159108685158,0.8418252643147895,-1.0160773081091663,-0.3837354099403615,-0.3888008986421099,-0.10052917088631763,0,0
137,-1.8180894199949655,0.6720598514300432,1.5698411429067274,1.5331187451462096,0.5466309751060695,2.572010516160091,-0.10052917088631763,1,1
4636,1.2724507288314741,0.5022539559581258,-0.614206492869086,0.334616123093309,-0.3837354099403615,2.572010516160091,-0.10052917088631763,1,0
997,-0.7497545537339739,-1.025999103289135,-1.342222371461024,-0.8638864989595917,-0.3837354099403615,-0.3888008986421099,-0.10052917088631763,0,1
50,-0.5589804704730826,-1.422212859390277,-1.342222371461024,-1.05412501039656,-0.3837354099403615,-0.3888008986421099,-0.10052917088631763,1,1
182,-1.8180894199949655,0.6720598514300432,1.5698411429067274,1.1145940199848794,0.5466309751060695,-0.3888008986421099,-0.10052917088631763,0,1
67,-0.5589804704730826,-1.025999103289135,-1.342222371461024,-0.9399819035343789,-0.3837354099403615,-0.3888008986421099,-0.10052917088631763,0,1
2053,0.3948899458313742,-1.025999103289135,0.11380938572285176,-0.9399819035343789,-0.3837354099403615,-0.3888008986421099,-0.10052917088631763,0,0
1297,-0.44451602051654776,-1.1392030336037469,-1.342222371461024,-1.0351011592528632,-0.3837354099403615,-0.3888008986421099,-0.10052917088631763,1,1
1920,0.547509212440087,1.2380795030031027,0.11380938572285176,1.0575224665537888,1.4769973601525006,-0.3888008986421099,-0.10052917088631763,1,1
2058,0.47119957913573035,-1.1392030336037469,0.11380938572285176,1.0004509131226982,-0.3837354099403615,-0.3888008986421099,-0.10052917088631763,0,0
231,-0.597135287125261,-1.422212859390277,-1.342222371461024,-0.825838796672198,-0.3837354099403615,-0.3888008986421099,-0.10052917088631763,1,1
14,-0.6352901037774392,-0.9693971381318289,-1.342222371461024,-1.0351011592528632,-0.3837354099403615,-0.3888008986421099,-0.10052917088631763,1,1
2066,-1.627315336734074,1.4078853984750206,-0.614206492869086,-0.08390860206802138,1.4769973601525006,-0.3888008986421099,-0.10052917088631763,0,0
464,0.8527477456575133,0.7286618165873492,0.11380938572285176,1.3428802337092414,1.4769973601525006,-0.3888008986421099,-0.10052917088631763,1,1
3427,0.9672121956140478,0.6720598514300432,-0.614206492869086,1.2287371268470604,-0.3837354099403615,-0.3888008986421099,-0.10052917088631763,2,0
679,-0.5589804704730826,-1.422212859390277,-1.342222371461024,-0.8448626478158948,-0.3837354099403615,-0.3888008986421099,-0.10052917088631763,1,1
766,-1.8562442366471437,0.8418657469019611,-0.614206492869086,0.220473016231128,-1.3141017949867926,-0.3888008986421099,-0.10052917088631763,0,1
1547,0.5856640290922652,0.6720598514300432,0.8418252643147895,0.9243555085479109,2.4073637451989316,-0.3888008986421099,-0.10052917088631763,0,1
2366,-0.7879093703861523,-0.5165814168733815,0.11380938572285176,-0.9399819035343789,-0.3837354099403615,2.572010516160091,-0.10052917088631763,0,0
3178,-0.0248130373425871,0.5588559211154311,0.8418252643147895,0.29656842080591533,-0.3837354099403615,-0.3888008986421099,-0.10052917088631763,0,0
1909,0.9672121956140478,0.7286618165873492,0.8418252643147895,0.6580215925361552,1.4769973601525006,-0.3888008986421099,-0.10052917088631763,0,1
3748,1.4632248120923652,-1.0826010684464409,0.8418252643147895,0.4107115276680964,0.5466309751060695,-0.3888008986421099,-0.10052917088631763,1,0
390,-0.597135287125261,-0.8561932078172175,-1.342222371461024,-0.9209580523906822,-0.3837354099403615,2.572010516160091,-0.10052917088631763,0,1
3018,1.539534445396722,0.3324480604862078,0.11380938572285176,-0.9019342012469853,-0.3837354099403615,2.572010516160091,-0.10052917088631763,1,0
2622,1.0435218289184045,-0.9693971381318289,0.11380938572285176,1.0955701688411825,-1.3141017949867926,2.572010516160091,-0.10052917088631763,1,0
4534,0.9672121956140478,-0.6297853471879936,0.11380938572285176,1.133617871128576,0.5466309751060695,-0.3888008986421099,-0.10052917088631763,1,0
4417,-0.6734449204296173,-1.365610894232971,0.11380938572285176,-2.0053175675814017,-1.3141017949867926,-0.3888008986421099,-0.10052917088631763,1,0
4530,-0.21558712060347818,-0.2901735562441576,-0.614206492869086,0.7911885505420331,-0.3837354099403615,-0.3888008986421099,-0.10052917088631763,1,0
1513,-0.48267083716872605,-1.1392030336037469,-1.342222371461024,-1.1302204149713473,-0.3837354099403615,-0.3888008986421099,-0.10052917088631763,0,1
2859,1.3487603621358308,1.5210893287896325,0.11380938572285176,-1.2633873729772251,0.5466309751060695,-0.3888008986421099,-0.10052917088631763,1,0
4667,1.119831462222761,-0.5731833820306875,0.8418252643147895,-0.1029324532117182,-1.3141017949867926,-0.3888008986421099,-0.10052917088631763,1,0
588,0.8527477456575133,0.6154578862727372,-1.342222371461024,0.1634014628000375,-0.3837354099403615,-0.3888008986421099,-0.10052917088631763,1,1
572,0.5856640290922652,1.5776912939469385,0.11380938572285176,0.9433793596916078,1.4769973601525006,-0.3888008986421099,-0.10052917088631763,0,1
3236,1.0053670122662262,0.1060401998569838,0.11380938572285176,0.44875922995549006,-1.3141017949867926,-0.3888008986421099,-0.10052917088631763,2,0
2142,-0.9405286369948652,-0.7995912426599115,-1.342222371461024,-0.3692663692234739,-1.3141017949867926,-0.3888008986421099,-0.10052917088631763,0,0
1224,0.6619736623966218,0.9550696772165732,0.11380938572285176,0.4868069322428837,1.4769973601525006,-0.3888008986421099,-0.10052917088631763,1,1
2901,1.1579862788749393,-0.2901735562441576,0.8418252643147895,1.0955701688411825,-0.3837354099403615,2.572010516160091,-0.10052917088631763,1,0
4780,0.0514965959617695,-0.5731833820306875,-0.614206492869086,0.011210653650462806,0.5466309751060695,-0.3888008986421099,-0.10052917088631763,0,0
2055,1.0435218289184045,-0.6863873123452996,-0.614206492869086,-0.38829022036717076,-0.3837354099403615,-0.3888008986421099,-0.10052917088631763,0,0
4037,0.7764381123531567,0.4456519908008198,0.11380938572285176,-0.5214571783730486,-0.3837354099403615,-0.3888008986421099,-0.10052917088631763,0,0
3754,-0.36820638721219134,0.2192441301715958,0.8418252643147895,0.6389977413924584,-1.3141017949867926,-0.3888008986421099,-0.10052917088631763,1,0
2928,0.3948899458313742,-0.912795172974523,0.11380938572285176,1.3238563825655445,-0.3837354099403615,-0.3888008986421099,-0.10052917088631763,1,0
3188,-0.06296785399476497,1.0116716423738792,0.11380938572285176,-1.6628882469948587,-0.3837354099403615,-0.3888008986421099,-0.10052917088631763,0,0
3448,0.0133417793095912,-0.007163730457628193,0.8418252643147895,0.6009500391050647,-0.3837354099403615,2.572010516160091,-0.10052917088631763,1,0
167,-0.5589804704730826,-0.9693971381318289,-1.342222371461024,-1.396554330983103,-0.3837354099403615,-0.3888008986421099,-0.10052917088631763,1,1
3007,1.0053670122662262,0.7286618165873492,-0.614206492869086,-0.9399819035343789,0.5466309751060695,-0.3888008986421099,-0.10052917088631763,1,0
407,0.5856640290922652,1.5210893287896325,0.8418252643147895,0.7341169971109426,1.4769973601525006,-0.3888008986421099,-0.10052917088631763,1,1
3881,0.9672121956140478,-1.025999103289135,0.11380938572285176,0.3155922719496122,-0.3837354099403615,-0.3888008986421099,-0.10052917088631763,0,0
1603,-0.5589804704730826,-1.0826010684464409,-1.342222371461024,-0.8638864989595917,-0.3837354099403615,-0.3888008986421099,-0.10052917088631763,1,1
4222,0.5093543957879086,1.5210893287896325,0.11380938572285176,0.6770454436798521,0.5466309751060695,2.572010516160091,-0.10052917088631763,2,0
688,-1.8562442366471437,1.1248755726884911,2.297857021498665,0.9814270619790014,0.5466309751060695,-0.3888008986421099,-0.10052917088631763,0,1
4579,-0.9023738203426869,1.1248755726884911,-0.614206492869086,0.06828220708155332,-0.3837354099403615,-0.3888008986421099,-0.10052917088631763,0,0
3202,0.35673512917919586,-0.9693971381318289,-0.614206492869086,0.2775445696622185,-1.3141017949867926,-0.3888008986421099,-0.10052917088631763,2,0
1527,0.9290573789618695,1.0116716423738792,0.8418252643147895,0.8672839551168204,1.4769973601525006,-0.3888008986421099,-0.10052917088631763,1,1
493,-1.7799346033427872,0.6154578862727372,1.5698411429067274,0.7911885505420331,0.5466309751060695,-0.3888008986421099,-0.10052917088631763,0,1
2786,0.5093543957879086,0.8984677120592672,-0.614206492869086,-1.187291968402438,-1.3141017949867926,-0.3888008986421099,-0.10052917088631763,1,0
2903,1.3487603621358308,1.4644873636323266,0.11380938572285176,-0.8068149455285011,-0.3837354099403615,-0.3888008986421099,-0.10052917088631763,1,0
1203,-0.5208256538209044,-0.9693971381318289,-1.342222371461024,-1.2633873729772251,-0.3837354099403615,-0.3888008986421099,-0.10052917088631763,0,1
4931,-0.7115997370817956,-1.365610894232971,-0.614206492869086,-0.6356002852352296,-0.3837354099403615,-0.3888008986421099,-0.10052917088631763,0,0
4897,-0.29189675390783476,0.3324480604862078,1.5698411429067274,-1.2253396706898316,-0.3837354099403615,-0.3888008986421099,-0.10052917088631763,0,0
2200,0.7764381123531567,0.6720598514300432,-0.614206492869086,0.5819261879613679,-0.3837354099403615,2.572010516160091,-0.10052917088631763,1,0
3306,-0.48267083716872605,-0.6863873123452996,1.5698411429067274,-0.5024333272293517,0.5466309751060695,-0.3888008986421099,-0.10052917088631763,0,0
3110,0.35673512917919586,-0.912795172974523,-0.614206492869086,0.6580215925361552,0.5466309751060695,-0.3888008986421099,-0.10052917088631763,0,0
186,-0.6734449204296173,-1.4788148245475827,-1.342222371461024,-1.4346020332704967,-0.3837354099403615,-0.3888008986421099,-0.10052917088631763,0,1
339,-0.7115997370817956,-1.252406963918359,-1.342222371461024,-1.1492442661150442,-0.3837354099403615,-0.3888008986421099,-0.10052917088631763,0,1
2151,0.43304476248355206,0.1060401998569838,-0.614206492869086,0.23949686737482484,-1.3141017949867926,-0.3888008986421099,-0.10052917088631763,1,0
833,-0.7115997370817956,-1.365610894232971,-1.342222371461024,-0.7877910943848043,-0.3837354099403615,-0.3888008986421099,-0.10052917088631763,1,1
4662,0.0514965959617695,1.5210893287896325,-0.614206492869086,0.6199738902487616,-1.3141017949867926,-0.3888008986421099,-0.10052917088631763,0,0
921,-0.7879093703861523,-1.5354167897048887,-1.342222371461024,-0.8068149455285011,-0.3837354099403615,-0.3888008986421099,-0.10052917088631763,0,1
3633,-0.8642190036905089,-0.34677552140146356,-1.342222371461024,-1.187291968402438,-1.3141017949867926,-0.3888008986421099,-0.10052917088631763,0,0
670,0.547509212440087,-0.6863873123452996,-0.614206492869086,-0.9399819035343789,1.4769973601525006,-0.3888008986421099,-0.10052917088631763,1,1
646,-0.6734449204296173,-1.025999103289135,-1.342222371461024,-1.168268117258741,-0.3837354099403615,-0.3888008986421099,-0.10052917088631763,0,1
278,0.6238188457444436,0.9550696772165732,0.8418252643147895,0.5058307833865805,2.4073637451989316,-0.3888008986421099,-0.10052917088631763,1,1
3500,0.35673512917919586,-0.9693971381318289,-0.614206492869086,-0.5214571783730486,-1.3141017949867926,-0.3888008986421099,-0.10052917088631763,0,0
1114,-1.8180894199949655,0.8418657469019611,1.5698411429067274,1.970667321451237,0.5466309751060695,-0.3888008986421099,-0.10052917088631763,0,1
4375,0.0896514126139478,0.3890500256435138,0.8418252643147895,0.2775445696622185,-1.3141017949867926,-0.3888008986421099,-0.10052917088631763,1,0
268,-0.48267083716872605,-1.0826010684464409,-1.342222371461024,-1.396554330983103,-0.3837354099403615,-0.3888008986421099,-0.10052917088631763,2,1
2908,-0.9786834536470435,0.4456519908008198,-0.614206492869086,1.152641722272273,-0.3837354099403615,-0.3888008986421099,-0.10052917088631763,0,0
4020,1.0435218289184045,-1.8750285806487244,0.11380938572285176,0.6960692948235488,0.5466309751060695,-0.3888008986421099,-0.10052917088631763,1,0
3374,1.0435218289184045,0.7852637817446552,-0.614206492869086,1.0004509131226982,-1.3141017949867926,-0.3888008986421099,-0.10052917088631763,1,0
4373,-0.21558712060347818,-0.0637656956149342,-1.342222371461024,0.5438784856739742,-1.3141017949867926,-0.3888008986421099,-0.10052917088631763,1,0
1347,0.5856640290922652,1.2946814681604086,0.11380938572285176,0.3916876765243995,2.4073637451989316,-0.3888008986421099,-0.10052917088631763,1,1
4018,0.43304476248355206,1.0682736075311852,0.11380938572285176,-0.3121948157923834,-0.3837354099403615,-0.3888008986421099,-0.10052917088631763,1,0
1580,0.2804254958748393,0.7852637817446552,-1.342222371461024,-0.40731407151086757,-1.3141017949867926,-0.3888008986421099,-0.10052917088631763,1,1
1083,1.119831462222761,0.8984677120592672,0.8418252643147895,0.5438784856739742,2.4073637451989316,-0.3888008986421099,-0.10052917088631763,0,1
164,0.8145929290053351,0.9550696772165732,0.8418252643147895,0.6960692948235488,1.4769973601525006,-0.3888008986421099,-0.10052917088631763,1,1
313,-0.6734449204296173,-1.025999103289135,-1.342222371461024,-1.2063158195461348,-0.3837354099403615,-0.3888008986421099,-0.10052917088631763,1,1
163,-0.48267083716872605,-1.1958049987610528,-1.342222371461024,-1.05412501039656,-0.3837354099403615,-0.3888008986421099,-0.10052917088631763,1,1
584,-0.5208256538209044,-0.912795172974523,-1.342222371461024,-1.0921727126839538,-0.3837354099403615,-0.3888008986421099,-0.10052917088631763,0,1
3458,1.3869151787880087,-0.7429892775026056,1.5698411429067274,0.18242531394373432,-1.3141017949867926,-0.3888008986421099,-0.10052917088631763,0,0
739,-1.7799346033427872,0.8418657469019611,1.5698411429067274,1.038498615410092,0.5466309751060695,-0.3888008986421099,-0.10052917088631763,0,1
4528,1.4632248120923652,0.8984677120592672,-0.614206492869086,-0.6546241363789265,-1.3141017949867926,-0.3888008986421099,-0.10052917088631763,1,0
1084,0.9672121956140478,1.2380795030031027,0.11380938572285176,1.2287371268470604,1.4769973601525006,-0.3888008986421099,-0.10052917088631763,0,1
4587,0.7382832957009784,1.4078853984750206,-0.614206492869086,-0.3502425180797771,-0.3837354099403615,2.572010516160091,-0.10052917088631763,0,0
2205,1.0053670122662262,0.3890500256435138,0.11380938572285176,1.2097132757033635,-0.3837354099403615,2.572010516160091,-0.10052917088631763,1,0
2286,0.5093543957879086,-1.252406963918359,0.11380938572285176,0.9624032108353046,-0.3837354099403615,-0.3888008986421099,-0.10052917088631763,0,0
3072,-0.33005157056001305,-0.17696962592954618,-1.342222371461024,-0.2741471135049897,0.5466309751060695,-0.3888008986421099,-0.10052917088631763,0,0
219,-0.5589804704730826,-1.0826010684464409,-1.342222371461024,-1.3585066286957095,-0.3837354099403615,-0.3888008986421099,-0.10052917088631763,1,1
2821,1.3106055454836525,-1.025999103289135,0.8418252643147895,-1.168268117258741,-1.3141017949867926,-0.3888008986421099,-0.10052917088631763,1,0
1367,-0.7115997370817956,-1.1392030336037469,-1.342222371461024,-1.396554330983103,-0.3837354099403615,-0.3888008986421099,-0.10052917088631763,1,1
4960,0.6238188457444436,0.6720598514300432,-0.614206492869086,0.06828220708155332,-0.3837354099403615,-0.3888008986421099,-0.10052917088631763,1,0
3584,1.539534445396722,-0.4033774865587696,0.11380938572285176,0.25852071851852165,0.5466309751060695,-0.3888008986421099,-0.10052917088631763,0,0
239,-0.5589804704730826,-1.0826010684464409,-1.342222371461024,-1.073148861540257,-0.3837354099403615,-0.3888008986421099,-0.10052917088631763,1,1
3335,1.5776892620489003,1.3512834333177146,0.8418252643147895,1.1145940199848794,-0.3837354099403615,-0.3888008986421099,-0.10052917088631763,2,0
207,0.7382832957009784,1.5210893287896325,0.8418252643147895,0.4868069322428837,1.4769973601525006,-0.3888008986421099,-0.10052917088631763,1,1
1865,-0.7879093703861523,-1.252406963918359,-1.342222371461024,-0.9209580523906822,-0.3837354099403615,-0.3888008986421099,-0.10052917088631763,0,1
1287,-0.597135287125261,-0.8561932078172175,-1.342222371461024,-1.3014350752646189,-0.3837354099403615,-0.3888008986421099,-0.10052917088631763,0,1
4992,0.8145929290053351,0.5588559211154311,-0.614206492869086,-1.986293716437705,-0.3837354099403615,2.572010516160091,-0.10052917088631763,1,0
1719,-0.5208256538209044,-1.025999103289135,-1.342222371461024,-1.3204589264083157,-0.3837354099403615,-0.3888008986421099,-0.10052917088631763,1,1
2755,-0.17743230395129986,0.5022539559581258,-0.614206492869086,0.9624032108353046,-0.3837354099403615,-0.3888008986421099,-0.10052917088631763,0,0
4850,0.5856640290922652,0.7852637817446552,0.11380938572285176,-0.44536177379826125,-0.3837354099403615,-0.3888008986421099,-0.10052917088631763,0,0
4250,1.4250699954401869,0.5022539559581258,-0.614206492869086,1.0955701688411825,-1.3141017949867926,-0.3888008986421099,-0.10052917088631763,1,0
1686,0.7001284790488002,1.4644873636323266,0.8418252643147895,0.7531408482546395,1.4769973601525006,-0.3888008986421099,-0.10052917088631763,1,1
4576,0.5093543957879086,0.1060401998569838,-0.614206492869086,-0.00781319749323403,-1.3141017949867926,-0.3888008986421099,-0.10052917088631763,0,0
2999,-0.17743230395129986,-1.0826010684464409,0.11380938572285176,0.04925835593785648,-0.3837354099403615,-0.3888008986421099,-0.10052917088631763,1,0
316,0.5856640290922652,0.7852637817446552,0.11380938572285176,0.8102124016857299,2.4073637451989316,-0.3888008986421099,-0.10052917088631763,1,1
3693,1.5013796287445436,-1.252406963918359,-0.614206492869086,-0.5595048806604422,-1.3141017949867926,-0.3888008986421099,-0.10052917088631763,0,0
3647,0.2041158625704827,0.4456519908008198,0.11380938572285176,1.019474764266395,0.5466309751060695,-0.3888008986421099,-0.10052917088631763,0,0
2267,-0.10112267064694327,-1.1958049987610528,-0.614206492869086,-0.23609941121759606,-0.3837354099403615,-0.3888008986421099,-0.10052917088631763,1,0
692,-0.597135287125261,0.1626421650142898,-0.614206492869086,0.29656842080591533,0.5466309751060695,-0.3888008986421099,-0.10052917088631763,0,1
3208,-0.0248130373425871,-0.6863873123452996,-0.614206492869086,0.29656842080591533,-0.3837354099403615,-0.3888008986421099,-0.10052917088631763,1,0
3378,-1.7036249700384305,-0.2901735562441576,0.8418252643147895,0.6009500391050647,2.4073637451989316,-0.3888008986421099,-0.10052917088631763,0,0
3867,0.47119957913573035,1.0116716423738792,0.11380938572285176,0.25852071851852165,-0.3837354099403615,-0.3888008986421099,-0.10052917088631763,1,0
4231,0.7382832957009784,0.3890500256435138,-0.614206492869086,-0.045860899780627705,0.5466309751060695,-0.3888008986421099,-0.10052917088631763,0,0
3028,-0.9405286369948652,1.3512834333177146,0.8418252643147895,-2.0053175675814017,-0.3837354099403615,-0.3888008986421099,-0.10052917088631763,0,0
564,-1.8180894199949655,0.2758460953289018,2.297857021498665,1.6853095542957843,0.5466309751060695,-0.3888008986421099,-0.10052917088631763,1,1
2295,0.6619736623966218,0.1060401998569838,0.11380938572285176,-0.9399819035343789,-1.3141017949867926,-0.3888008986421099,-0.10052917088631763,0,0
889,-1.7799346033427872,0.6154578862727372,1.5698411429067274,1.7614049588705718,0.5466309751060695,-0.3888008986421099,-0.10052917088631763,0,1
120,-0.6734449204296173,-1.4788148245475827,-1.342222371461024,-1.3394827775520126,-0.3837354099403615,-0.3888008986421099,-0.10052917088631763,1,1
436,-0.6352901037774392,-1.422212859390277,-1.342222371461024,-1.282411224120922,-0.3837354099403615,-0.3888008986421099,-0.10052917088631763,1,1
4052,-1.627315336734074,0.9550696772165732,-0.614206492869086,0.3155922719496122,2.4073637451989316,-0.3888008986421099,-0.10052917088631763,1,0
3111,-0.0248130373425871,1.5210893287896325,0.11380938572285176,0.3726638253807027,-1.3141017949867926,-0.3888008986421099,-0.10052917088631763,0,0
3250,-1.4746960701253609,0.3324480604862078,0.8418252643147895,-0.8829103501032884,2.4073637451989316,-0.3888008986421099,-0.10052917088631763,0,0
777,-1.8180894199949655,1.4078853984750206,1.5698411429067274,0.9814270619790014,1.4769973601525006,-0.3888008986421099,-0.10052917088631763,0,1
3481,1.119831462222761,-0.7429892775026056,0.8418252643147895,-0.9209580523906822,-0.3837354099403615,-0.3888008986421099,-0.10052917088631763,1,0
969,-0.597135287125261,-1.025999103289135,-1.342222371461024,-1.3775304798394061,-0.3837354099403615,-0.3888008986421099,-0.10052917088631763,0,1
344,-0.6352901037774392,-0.912795172974523,-1.342222371461024,-1.1302204149713473,-0.3837354099403615,-0.3888008986421099,-0.10052917088631763,0,1
2778,1.1961410955271177,1.2946814681604086,0.11380938572285176,-1.168268117258741,-0.3837354099403615,-0.3888008986421099,-0.10052917088631763,1,0
2510,0.0133417793095912,0.1626421650142898,0.11380938572285176,-0.3121948157923834,-1.3141017949867926,-0.3888008986421099,-0.10052917088631763,1,0
1462,-0.597135287125261,-1.0826010684464409,-1.342222371461024,-1.1492442661150442,-0.3837354099403615,-0.3888008986421099,-0.10052917088631763,1,1
1927,0.7764381123531567,-0.34677552140146356,-0.614206492869086,-0.7307195409537138,-0.3837354099403615,-0.3888008986421099,-0.10052917088631763,1,1
3150,0.5856640290922652,-1.365610894232971,0.11380938572285176,-1.2063158195461348,1.4769973601525006,-0.3888008986421099,-0.10052917088631763,0,0
4882,-1.5891605200818957,1.3512834333177146,1.5698411429067274,0.1634014628000375,2.4073637451989316,2.572010516160091,-0.10052917088631763,1,0
3075,-1.3983864368210046,0.5022539559581258,0.11380938572285176,-1.1111965638276504,0.5466309751060695,-0.3888008986421099,-0.10052917088631763,0,0
3612,0.0896514126139478,1.5210893287896325,0.11380938572285176,0.4297353788117932,-0.3837354099403615,-0.3888008986421099,-0.10052917088631763,0,0
1769,-0.7879093703861523,-1.1392030336037469,-1.342222371461024,-1.168268117258741,-0.3837354099403615,-0.3888008986421099,-0.10052917088631763,1,1
4496,1.1961410955271177,0.3324480604862078,0.11380938572285176,0.3916876765243995,-0.3837354099403615,-0.3888008986421099,-0.10052917088631763,1,0
3789,0.7001284790488002,-0.912795172974523,-0.614206492869086,0.25852071851852165,-0.3837354099403615,-0.3888008986421099,-0.10052917088631763,1,0
3323,1.6158440787010784,0.8984677120592672,0.11380938572285176,-0.21707556007389922,0.5466309751060695,-0.3888008986421099,-0.10052917088631763,1,0
2176,-1.7036249700384305,-0.7429892775026056,0.8418252643147895,-0.8068149455285011,1.4769973601525006,-0.3888008986421099,-0.10052917088631763,0,0
1381,1.119831462222761,1.1248755726884911,0.11380938572285176,0.9624032108353046,2.4073637451989316,-0.3888008986421099,-0.10052917088631763,1,1
3074,-0.0248130373425871,1.3512834333177146,0.11380938572285176,1.038498615410092,-0.3837354099403615,-0.3888008986421099,-0.10052917088631763,0,0
2721,0.2041158625704827,-0.5731833820306875,0.11380938572285176,-0.3502425180797771,0.5466309751060695,-0.3888008986421099,-0.10052917088631763,0,0
4529,0.8527477456575133,0.2758460953289018,0.11380938572285176,0.04925835593785648,-1.3141017949867926,-0.3888008986421099,-0.10052917088631763,1,0
3933,1.0816766455705826,0.049438234699677806,0.8418252643147895,1.0765463176974857,-1.3141017949867926,-0.3888008986421099,-0.10052917088631763,0,0
4564,1.119831462222761,1.2946814681604086,0.11380938572285176,0.9243555085479109,-0.3837354099403615,-0.3888008986421099,-0.10052917088631763,0,0
277,-1.8180894199949655,1.4078853984750206,1.5698411429067274,1.2287371268470604,0.5466309751060695,2.572010516160091,-0.10052917088631763,1,1
1837,0.1278062292661261,-0.7995912426599115,-1.342222371461024,1.1716655734159698,0.5466309751060695,-0.3888008986421099,-0.10052917088631763,1,1
4639,1.5013796287445436,0.1626421650142898,-0.614206492869086,0.7341169971109426,-1.3141017949867926,-0.3888008986421099,-0.10052917088631763,1,0
3395,1.5776892620489003,-0.6863873123452996,0.11380938572285176,1.0765463176974857,0.5466309751060695,-0.3888008986421099,-0.10052917088631763,1,0
1532,-0.8260641870383305,-0.8561932078172175,-1.342222371461024,-1.1111965638276504,-0.3837354099403615,-0.3888008986421099,-0.10052917088631763,1,1
3343,0.9290573789618695,-0.7995912426599115,0.11380938572285176,-0.3692663692234739,-0.3837354099403615,-0.3888008986421099,-0.10052917088631763,0,0
4782,0.547509212440087,-0.12036766077224019,-0.614206492869086,-1.0160773081091663,-0.3837354099403615,-0.3888008986421099,-0.10052917088631763,0,0
4001,0.35673512917919586,-0.9693971381318289,-0.614206492869086,-1.2443635218335283,-0.3837354099403615,-0.3888008986421099,-0.10052917088631763,0,0
307,-0.7879093703861523,-1.4788148245475827,-1.342222371461024,-1.0160773081091663,-0.3837354099403615,-0.3888008986421099,-0.10052917088631763,2,1
398,-1.8562442366471437,0.3890500256435138,1.5698411429067274,1.723357256583178,1.4769973601525006,-0.3888008986421099,-0.10052917088631763,1,1
3383,0.9672121956140478,1.2946814681604086,-0.614206492869086,0.1634014628000375,-1.3141017949867926,-0.3888008986421099,-0.10052917088631763,0,0
1090,-0.8260641870383305,-1.0826010684464409,-1.342222371461024,-1.3204589264083157,-0.3837354099403615,-0.3888008986421099,-0.10052917088631763,0,1
3165,-1.627315336734074,1.1814775378457971,0.11380938572285176,-0.33121866693608026,1.4769973601525006,-0.3888008986421099,-0.10052917088631763,1,0
2687,-0.29189675390783476,1.3512834333177146,0.11380938572285176,-1.05412501039656,-0.3837354099403615,-0.3888008986421099,-0.10052917088631763,1,0
2696,1.0816766455705826,-0.4033774865587696,-0.614206492869086,-0.7877910943848043,-0.3837354099403615,-0.3888008986421099,-0.10052917088631763,1,0
3263,0.8145929290053351,-0.4033774865587696,-1.342222371461024,-0.17902785778650554,1.4769973601525006,-0.3888008986421099,-0.10052917088631763,0,0
4870,0.5093543957879086,-1.025999103289135,0.11380938572285176,-0.08390860206802138,-0.3837354099403615,-0.3888008986421099,-0.10052917088631763,1,0
4543,0.5093543957879086,-0.4033774865587696,0.11380938572285176,1.152641722272273,-1.3141017949867926,2.572010516160091,9.94736145920113,0,0
4476,0.35673512917919586,-1.1392030336037469,0.11380938572285176,1.133617871128576,-1.3141017949867926,-0.3888008986421099,-0.10052917088631763,0,0
2832,-0.33005157056001305,1.3512834333177146,-0.614206492869086,-1.187291968402438,-0.3837354099403615,-0.3888008986421099,-0.10052917088631763,0,0
4329,1.1961410955271177,0.3890500256435138,0.11380938572285176,0.18242531394373432,-0.3837354099403615,-0.3888008986421099,-0.10052917088631763,1,0
908,-1.8562442366471437,0.7852637817446552,1.5698411429067274,1.6853095542957843,0.5466309751060695,-0.3888008986421099,-0.10052917088631763,1,1
2250,1.2342959121792958,-1.365610894232971,0.11380938572285176,0.030234504794159643,-0.3837354099403615,-0.3888008986421099,-0.10052917088631763,0,0
1869,-0.5208256538209044,-0.912795172974523,-1.342222371461024,-1.3204589264083157,-0.3837354099403615,-0.3888008986421099,-0.10052917088631763,0,1
3404,0.1659610459183044,1.0682736075311852,0.11380938572285176,0.5438784856739742,-0.3837354099403615,-0.3888008986421099,-0.10052917088631763,1,0
1256,-0.7115997370817956,-1.422212859390277,-1.342222371461024,-1.1492442661150442,-0.3837354099403615,-0.3888008986421099,-0.10052917088631763,1,1
2304,0.0133417793095912,-0.17696962592954618,0.11380938572285176,0.3916876765243995,0.5466309751060695,-0.3888008986421099,-0.10052917088631763,1,0
3737,0.3185803125270176,-0.45997945171607557,0.11380938572285176,0.030234504794159643,-1.3141017949867926,-0.3888008986421099,-0.10052917088631763,1,0
393,1.0053670122662262,1.5776912939469385,0.11380938572285176,1.1145940199848794,1.4769973601525006,-0.3888008986421099,-0.10052917088631763,1,1
3259,-0.36820638721219134,-0.6297853471879936,-0.614206492869086,0.3916876765243995,-0.3837354099403615,2.572010516160091,-0.10052917088631763,0,0
4473,0.0896514126139478,-0.7429892775026056,-0.614206492869086,-0.5785287318041391,-0.3837354099403615,-0.3888008986421099,-0.10052917088631763,0,0
2656,0.0133417793095912,1.4078853984750206,0.8418252643147895,-0.00781319749323403,-1.3141017949867926,-0.3888008986421099,-0.10052917088631763,1,0
2716,1.3487603621358308,1.4078853984750206,0.11380938572285176,-0.8448626478158948,-0.3837354099403615,2.572010516160091,-0.10052917088631763,0,0
904,-0.5589804704730826,-1.422212859390277,-1.342222371461024,-1.4155781821267999,-0.3837354099403615,-0.3888008986421099,-0.10052917088631763,1,1
4297,1.0053670122662262,-0.5731833820306875,0.8418252643147895,0.2775445696622185,-0.3837354099403615,-0.3888008986421099,-0.10052917088631763,1,0
4339,1.3487603621358308,-0.912795172974523,-0.614206492869086,1.2097132757033635,-1.3141017949867926,-0.3888008986421099,-0.10052917088631763,1,0
2209,0.0896514126139478,0.9550696772165732,-0.614206492869086,-0.6736479875226233,0.5466309751060695,-0.3888008986421099,-0.10052917088631763,0,0
3064,0.547509212440087,-1.0826010684464409,0.8418252643147895,0.7150931459672457,-1.3141017949867926,-0.3888008986421099,-0.10052917088631763,0,0
243,-0.7497545537339739,-1.0826010684464409,-1.342222371461024,-0.8829103501032884,-0.3837354099403615,-0.3888008986421099,-0.10052917088631763,1,1
2771,-0.10112267064694327,1.0116716423738792,0.11380938572285176,1.3428802337092414,-1.3141017949867926,2.572010516160091,-0.10052917088631763,1,0
3676,0.242270679222661,-0.2901735562441576,-0.614206492869086,-0.711695689810017,-0.3837354099403615,-0.3888008986421099,-0.10052917088631763,1,0
117,1.0816766455705826,-0.23357159108685158,0.8418252643147895,1.152641722272273,-1.3141017949867926,-0.3888008986421099,-0.10052917088631763,0,1
304,-0.7879093703861523,-0.9693971381318289,-1.342222371461024,-1.4346020332704967,-0.3837354099403615,-0.3888008986421099,-0.10052917088631763,0,1
567,-1.7799346033427872,0.3890500256435138,2.297857021498665,2.0467627260260244,0.5466309751060695,-0.3888008986421099,-0.10052917088631763,1,1
52,-0.5208256538209044,-0.9693971381318289,-1.342222371461024,-1.282411224120922,-0.3837354099403615,-0.3888008986421099,-0.10052917088631763,1,1
2543,1.3869151787880087,0.5588559211154311,-0.614206492869086,-0.2931709646486866,-0.3837354099403615,-0.3888008986421099,-0.10052917088631763,1,0
454,-0.7879093703861523,-1.025999103289135,-1.342222371461024,-1.0921727126839538,-0.3837354099403615,-0.3888008986421099,-0.10052917088631763,0,1
290,-0.8260641870383305,-1.365610894232971,-1.342222371461024,-1.2443635218335283,-0.3837354099403615,-0.3888008986421099,-0.10052917088631763,1,1
2827,0.1659610459183044,1.0116716423738792,0.11380938572285176,-0.9019342012469853,0.5466309751060695,-0.3888008986421099,-0.10052917088631763,1,0
2577,0.47119957913573035,-1.0826010684464409,0.11380938572285176,-0.9590057546780758,-0.3837354099403615,-0.3888008986421099,-0.10052917088631763,1,0
2329,0.1659610459183044,-0.45997945171607557,-0.614206492869086,0.7150931459672457,-1.3141017949867926,-0.3888008986421099,-0.10052917088631763,0,0
4571,0.3185803125270176,1.0116716423738792,-0.614206492869086,0.2775445696622185,0.5466309751060695,-0.3888008986421099,-0.10052917088631763,0,0
4631,-1.2839219868644698,0.9550696772165732,0.8418252643147895,0.4868069322428837,0.5466309751060695,2.572010516160091,-0.10052917088631763,2,0
2132,0.9290573789618695,1.1814775378457971,0.11380938572285176,-0.33121866693608026,-1.3141017949867926,-0.3888008986421099,-0.10052917088631763,0,0
4133,1.539534445396722,0.4456519908008198,-1.342222371461024,-0.026837048636930864,-1.3141017949867926,-0.3888008986421099,-0.10052917088631763,2,0
4671,1.3869151787880087,-0.9693971381318289,0.8418252643147895,0.5438784856739742,-1.3141017949867926,-0.3888008986421099,-0.10052917088631763,0,0
3778,1.2342959121792958,1.2380795030031027,0.11380938572285176,0.5438784856739742,-0.3837354099403615,-0.3888008986421099,-0.10052917088631763,0,0
1442,-1.7799346033427872,0.6154578862727372,2.297857021498665,1.0004509131226982,1.4769973601525006,-0.3888008986421099,-0.10052917088631763,0,1
838,-1.8562442366471437,1.1814775378457971,1.5698411429067274,2.0087150237386306,0.5466309751060695,-0.3888008986421099,-0.10052917088631763,1,1
2071,1.0816766455705826,1.5210893287896325,-0.614206492869086,-0.6356002852352296,-1.3141017949867926,2.572010516160091,-0.10052917088631763,1,0
1813,-0.6734449204296173,-1.0826010684464409,-1.342222371461024,-1.4346020332704967,-0.3837354099403615,-0.3888008986421099,-0.10052917088631763,1,1
4535,0.47119957913573035,0.6720598514300432,1.5698411429067274,0.4297353788117932,2.4073637451989316,-0.3888008986421099,-0.10052917088631763,1,0
685,-0.597135287125261,1.5776912939469385,-0.614206492869086,-0.00781319749323403,-0.3837354099403615,-0.3888008986421099,-0.10052917088631763,0,1
2991,0.6238188457444436,-1.365610894232971,0.8418252643147895,-1.1111965638276504,-0.3837354099403615,-0.3888008986421099,-0.10052917088631763,0,0
3514,-0.29189675390783476,-0.5731833820306875,0.11380938572285176,-0.6926718386663201,-0.3837354099403615,2.572010516160091,-0.10052917088631763,1,0
1411,1.2342959121792958,1.4644873636323266,0.8418252643147895,1.3048325314218476,1.4769973601525006,-0.3888008986421099,-0.10052917088631763,1,1
3899,-0.25374193725565647,1.1248755726884911,-0.614206492869086,0.7721646993983362,-0.3837354099403615,-0.3888008986421099,-0.10052917088631763,1,0
177,-0.6352901037774392,-1.365610894232971,-1.342222371461024,-1.0351011592528632,-0.3837354099403615,-0.3888008986421099,-0.10052917088631763,1,1
169,-0.9786834536470435,-1.252406963918359,-1.342222371461024,-1.282411224120922,1.4769973601525006,-0.3888008986421099,-0.10052917088631763,1,1
1955,1.1961410955271177,0.8984677120592672,0.8418252643147895,0.4868069322428837,1.4769973601525006,2.572010516160091,-0.10052917088631763,1,1
3823,-1.0931479036035785,0.1626421650142898,-0.614206492869086,-1.4916735867015871,0.5466309751060695,-0.3888008986421099,-0.10052917088631763,0,0
973,-1.7799346033427872,0.1060401998569838,1.5698411429067274,1.6662857031520875,1.4769973601525006,-0.3888008986421099,-0.10052917088631763,0,1
3894,0.35673512917919586,1.2946814681604086,0.11380938572285176,0.7341169971109426,0.5466309751060695,-0.3888008986421099,-0.10052917088631763,0,0
3242,1.2342959121792958,0.2192441301715958,-1.342222371461024,0.1634014628000375,0.5466309751060695,-0.3888008986421099,-0.10052917088631763,1,0
2027,-0.06296785399476497,0.7852637817446552,0.11380938572285176,-0.026837048636930864,-0.3837354099403615,2.572010516160091,-0.10052917088631763,0,0
3981,1.2724507288314741,0.9550696772165732,0.11380938572285176,1.0955701688411825,-0.3837354099403615,-0.3888008986421099,-0.10052917088631763,1,0
779,-1.8180894199949655,1.1248755726884911,2.297857021498665,1.266784829134454,0.5466309751060695,-0.3888008986421099,-0.10052917088631763,0,1
1979,-0.5208256538209044,-0.912795172974523,-1.342222371461024,-0.8829103501032884,-0.3837354099403615,-0.3888008986421099,-0.10052917088631763,0,1
3958,-0.13927748729912157,1.0682736075311852,-0.614206492869086,-0.9780296058217727,-0.3837354099403615,-0.3888008986421099,-0.10052917088631763,0,0
378,-0.5208256538209044,-0.912795172974523,-1.342222371461024,-0.8448626478158948,-0.3837354099403615,-0.3888008986421099,-0.10052917088631763,0,1
3201,-0.0248130373425871,0.049438234699677806,-0.614206492869086,-1.073148861540257,-0.3837354099403615,-0.3888008986421099,-0.10052917088631763,2,0
4763,1.0053670122662262,0.6154578862727372,-0.614206492869086,0.23949686737482484,-0.3837354099403615,-0.3888008986421099,-0.10052917088631763,2,0
3207,-0.6734449204296173,-1.9316305458060303,-0.614206492869086,1.4760471917151192,-1.3141017949867926,-0.3888008986421099,-0.10052917088631763,1,0
3143,0.8909025623096917,0.4456519908008198,0.11380938572285176,0.5058307833865805,-1.3141017949867926,-0.3888008986421099,-0.10052917088631763,0,0
4407,-0.7879093703861523,-1.8184266154914184,0.11380938572285176,-0.7877910943848043,-1.3141017949867926,-0.3888008986421099,-0.10052917088631763,1,0
1132,-0.7879093703861523,-1.365610894232971,-1.342222371461024,-0.8068149455285011,-0.3837354099403615,-0.3888008986421099,-0.10052917088631763,1,1
3849,0.2041158625704827,1.5776912939469385,0.8418252643147895,0.7911885505420331,-1.3141017949867926,-0.3888008986421099,-0.10052917088631763,0,0
2004,0.7764381123531567,0.5588559211154311,0.8418252643147895,0.8482601039731236,-0.3837354099403615,-0.3888008986421099,-0.10052917088631763,1,0
2377,0.0896514126139478,-0.8561932078172175,-1.342222371461024,-0.3502425180797771,-0.3837354099403615,-0.3888008986421099,-0.10052917088631763,0,0
3413,1.539534445396722,-0.12036766077224019,0.11380938572285176,0.9624032108353046,-1.3141017949867926,-0.3888008986421099,-0.10052917088631763,1,0
1004,-0.5589804704730826,-1.365610894232971,-1.342222371461024,-0.8068149455285011,-0.3837354099403615,-0.3888008986421099,-0.10052917088631763,0,1
3757,1.4632248120923652,0.5022539559581258,0.11380938572285176,0.1634014628000375,-0.3837354099403615,-0.3888008986421099,-0.10052917088631763,2,0
4061,0.2041158625704827,0.8984677120592672,-0.614206492869086,-0.48340947608565493,-0.3837354099403615,-0.3888008986421099,-0.10052917088631763,1,0
871,-0.7115997370817956,-0.912795172974523,-1.342222371461024,-1.4536258844141936,-0.3837354099403615,-0.3888008986421099,-0.10052917088631763,1,1
3426,1.1961410955271177,-1.025999103289135,-0.614206492869086,0.220473016231128,-1.3141017949867926,-0.3888008986421099,-0.10052917088631763,0,0
2432,0.7382832957009784,1.0116716423738792,0.11380938572285176,-1.872150609575524,1.4769973601525006,-0.3888008986421099,-0.10052917088631763,1,0
1122,-0.7497545537339739,-1.422212859390277,-1.342222371461024,-1.05412501039656,-0.3837354099403615,-0.3888008986421099,-0.10052917088631763,0,1
1218,0.7001284790488002,1.2946814681604086,0.11380938572285176,1.0765463176974857,1.4769973601525006,-0.3888008986421099,-0.10052917088631763,1,1
2539,0.8145929290053351,0.2192441301715958,-0.614206492869086,-0.8068149455285011,-0.3837354099403615,-0.3888008986421099,-0.10052917088631763,1,0
2627,1.1961410955271177,-0.0637656956149342,0.8418252643147895,-0.16000400664280873,-0.3837354099403615,-0.3888008986421099,-0.10052917088631763,1,0
1058,-0.6734449204296173,-1.1958049987610528,-1.342222371461024,-1.2633873729772251,-0.3837354099403615,-0.3888008986421099,-0.10052917088631763,1,1
2590,0.9290573789618695,-0.7429892775026056,0.8418252643147895,-0.026837048636930864,-0.3837354099403615,-0.3888008986421099,-0.10052917088631763,1,0
2126,-0.0248130373425871,-1.365610894232971,-1.342222371461024,-0.16000400664280873,-1.3141017949867926,-0.3888008986421099,-0.10052917088631763,1,0
4834,-1.3602316201688263,0.8984677120592672,0.8418252643147895,-0.9209580523906822,1.4769973601525006,-0.3888008986421099,-0.10052917088631763,1,0
940,-0.7115997370817956,-1.422212859390277,-1.342222371461024,-1.282411224120922,-0.3837354099403615,-0.3888008986421099,-0.10052917088631763,1,1
989,0.6238188457444436,0.9550696772165732,0.8418252643147895,1.0765463176974857,1.4769973601525006,-0.3888008986421099,-0.10052917088631763,1,1
3436,-1.2839219868644698,-1.365610894232971,0.8418252643147895,-1.510697437845284,1.4769973601525006,2.572010516160091,-0.10052917088631763,1,0
649,-0.48267083716872605,-1.025999103289135,-1.342222371461024,-1.396554330983103,-0.3837354099403615,-0.3888008986421099,-0.10052917088631763,0,1
4163,0.242270679222661,1.1814775378457971,0.8418252643147895,-0.08390860206802138,-1.3141017949867926,-0.3888008986421099,-0.10052917088631763,2,0
3076,-0.44451602051654776,-0.8561932078172175,0.11380938572285176,1.3809279359966349,-0.3837354099403615,-0.3888008986421099,-0.10052917088631763,2,0
401,1.2724507288314741,1.5776912939469385,0.8418252643147895,0.9243555085479109,2.4073637451989316,-0.3888008986421099,-0.10052917088631763,1,1
3898,0.2041158625704827,0.6154578862727372,0.11380938572285176,0.2775445696622185,-0.3837354099403615,-0.3888008986421099,-0.10052917088631763,1,0
2644,0.9672121956140478,0.6154578862727372,0.11380938572285176,0.4107115276680964,0.5466309751060695,-0.3888008986421099,-0.10052917088631763,0,0
946,1.119831462222761,1.5776912939469385,0.8418252643147895,1.3619040848529382,1.4769973601525006,-0.3888008986421099,-0.10052917088631763,1,1
206,-0.7497545537339739,-1.252406963918359,-1.342222371461024,-0.9399819035343789,-0.3837354099403615,-0.3888008986421099,-0.10052917088631763,1,1
3369,0.9672121956140478,0.5588559211154311,0.8418252643147895,1.3428802337092414,0.5466309751060695,-0.3888008986421099,-0.10052917088631763,1,0
2614,0.47119957913573035,1.0116716423738792,-0.614206492869086,0.4297353788117932,-1.3141017949867926,-0.3888008986421099,-0.10052917088631763,1,0
1843,-0.7497545537339739,-1.1958049987610528,-1.342222371461024,-0.825838796672198,-0.3837354099403615,-0.3888008986421099,-0.10052917088631763,1,1
2708,0.9672121956140478,-0.912795172974523,0.11380938572285176,-0.711695689810017,-1.3141017949867926,-0.3888008986421099,-0.10052917088631763,1,0
4025,-0.8642190036905089,-1.7618246503341126,-0.614206492869086,-0.8638864989595917,-1.3141017949867926,-0.3888008986421099,-0.10052917088631763,1,0
1360,-0.44451602051654776,-1.4788148245475827,-1.342222371461024,-1.0921727126839538,-0.3837354099403615,-0.3888008986421099,-0.10052917088631763,2,1
1037,-0.44451602051654776,-1.025999103289135,-1.342222371461024,-0.8448626478158948,-0.3837354099403615,-0.3888008986421099,-0.10052917088631763,0,1
360,-1.8562442366471437,1.0682736075311852,1.5698411429067274,1.3809279359966349,0.5466309751060695,-0.3888008986421099,-0.10052917088631763,1,1
3986,-0.10112267064694327,-0.45997945171607557,-0.614206492869086,-1.2253396706898316,-0.3837354099403615,2.572010516160091,-0.10052917088631763,1,0
3622,1.539534445396722,0.9550696772165732,0.11380938572285176,-0.6356002852352296,-0.3837354099403615,-0.3888008986421099,-0.10052917088631763,0,0
2042,1.539534445396722,1.0682736075311852,0.11380938572285176,0.7150931459672457,-0.3837354099403615,-0.3888008986421099,-0.10052917088631763,1,0
3135,1.3487603621358308,1.2946814681604086,1.5698411429067274,-1.05412501039656,-0.3837354099403615,-0.3888008986421099,-0.10052917088631763,1,0
3731,0.8145929290053351,0.3324480604862078,-0.614206492869086,-1.9292221630066144,-1.3141017949867926,2.572010516160091,-0.10052917088631763,0,0
870,-0.7497545537339739,-0.8561932078172175,-1.342222371461024,-0.9590057546780758,-0.3837354099403615,2.572010516160091,-0.10052917088631763,1,1
4169,-0.48267083716872605,0.1626421650142898,-0.614206492869086,-1.5297212889889809,-0.3837354099403615,-0.3888008986421099,-0.10052917088631763,2,0
1655,-1.8180894199949655,0.9550696772165732,2.297857021498665,0.9624032108353046,0.5466309751060695,-0.3888008986421099,-0.10052917088631763,1,1
4751,-1.627315336734074,-1.7052226851768066,0.11380938572285176,0.6770454436798521,-0.3837354099403615,-0.3888008986421099,-0.10052917088631763,0,0
4891,-1.2839219868644698,-0.7995912426599115,0.8418252643147895,1.4570233405714224,0.5466309751060695,-0.3888008986421099,-0.10052917088631763,0,0
1754,1.2724507288314741,1.5776912939469385,0.11380938572285176,0.8102124016857299,2.4073637451989316,-0.3888008986421099,-0.10052917088631763,0,1
878,-0.33005157056001305,-0.5165814168733815,1.5698411429067274,1.1906894245596666,-0.3837354099403615,-0.3888008986421099,-0.10052917088631763,1,1
100,1.2342959121792958,1.5776912939469385,0.8418252643147895,0.3536399742370058,2.4073637451989316,-0.3888008986421099,-0.10052917088631763,0,1
1011,-0.5589804704730826,-1.0826010684464409,-1.342222371461024,-0.9590057546780758,-0.3837354099403615,-0.3888008986421099,-0.10052917088631763,0,1
813,-0.7497545537339739,-1.309008929075665,-1.342222371461024,-1.4346020332704967,-0.3837354099403615,-0.3888008986421099,-0.10052917088631763,0,1
627,-0.5208256538209044,-1.309008929075665,-1.342222371461024,-1.0921727126839538,-0.3837354099403615,-0.3888008986421099,-0.10052917088631763,1,1
4805,1.2724507288314741,1.2946814681604086,0.11380938572285176,-0.597552582947836,-0.3837354099403615,-0.3888008986421099,-0.10052917088631763,1,0
2244,1.3106055454836525,-1.309008929075665,-0.614206492869086,0.7150931459672457,-1.3141017949867926,-0.3888008986421099,-0.10052917088631763,1,0
4221,1.119831462222761,0.3324480604862078,-0.614206492869086,-0.6165764340915327,-1.3141017949867926,-0.3888008986421099,-0.10052917088631763,1,0
4888,0.2804254958748393,0.8984677120592672,0.11380938572285176,1.247760977990757,0.5466309751060695,-0.3888008986421099,-0.10052917088631763,0,0
1237,-0.8260641870383305,-1.422212859390277,-1.342222371461024,-1.396554330983103,-0.3837354099403615,-0.3888008986421099,-0.10052917088631763,0,1
2028,1.3106055454836525,1.1814775378457971,0.11380938572285176,0.10632990936894698,-0.3837354099403615,-0.3888008986421099,-0.10052917088631763,0,0
876,-1.7799346033427872,1.2380795030031027,1.5698411429067274,1.4189756382840286,1.4769973601525006,-0.3888008986421099,-0.10052917088631763,1,1
1875,0.47119957913573035,0.6720598514300432,1.5698411429067274,-0.7877910943848043,0.5466309751060695,-0.3888008986421099,-0.10052917088631763,1,1
1621,-0.48267083716872605,-1.025999103289135,-1.342222371461024,-1.3585066286957095,-0.3837354099403615,-0.3888008986421099,-0.10052917088631763,0,1
3308,0.7001284790488002,-1.1392030336037469,-1.342222371461024,-1.0351011592528632,-0.3837354099403615,-0.3888008986421099,-0.10052917088631763,2,0
1225,-1.8562442366471437,0.6720598514300432,1.5698411429067274,1.8755480657327528,0.5466309751060695,-0.3888008986421099,-0.10052917088631763,1,1
3656,0.43304476248355206,-0.12036766077224019,-0.614206492869086,0.18242531394373432,-1.3141017949867926,-0.3888008986421099,-0.10052917088631763,0,0
639,1.0053670122662262,0.6154578862727372,0.11380938572285176,0.46778308109918687,1.4769973601525006,-0.3888008986421099,-0.10052917088631763,1,1
4409,-0.0248130373425871,-0.17696962592954618,0.11380938572285176,-1.073148861540257,-0.3837354099403615,-0.3888008986421099,-0.10052917088631763,1,0
577,-0.36820638721219134,0.3324480604862078,-1.342222371461024,-0.08390860206802138,-1.3141017949867926,-0.3888008986421099,-0.10052917088631763,0,1
2580,0.7001284790488002,-1.1958049987610528,0.11380938572285176,1.495071042858816,-0.3837354099403615,-0.3888008986421099,-0.10052917088631763,1,0
148,-1.7799346033427872,0.8418657469019611,1.5698411429067274,1.970667321451237,0.5466309751060695,-0.3888008986421099,-0.10052917088631763,1,1
1644,-1.8562442366471437,0.6154578862727372,1.5698411429067274,1.7614049588705718,1.4769973601525006,-0.3888008986421099,-0.10052917088631763,1,1
413,-0.48267083716872605,-1.0826010684464409,-1.342222371461024,-1.2253396706898316,-0.3837354099403615,-0.3888008986421099,-0.10052917088631763,0,1
4111,0.3948899458313742,0.8418657469019611,-0.614206492869086,-0.6546241363789265,-0.3837354099403615,-0.3888008986421099,-0.10052917088631763,0,0
2498,1.0435218289184045,0.3324480604862078,0.11380938572285176,-1.8341029072881303,-1.3141017949867926,-0.3888008986421099,-0.10052917088631763,1,0
2686,0.2041158625704827,-1.252406963918359,-0.614206492869086,-1.187291968402438,-1.3141017949867926,-0.3888008986421099,-0.10052917088631763,2,0
1640,-0.597135287125261,-1.4788148245475827,-1.342222371461024,-1.282411224120922,-0.3837354099403615,-0.3888008986421099,-0.10052917088631763,1,1
2523,1.5776892620489003,1.4078853984750206,0.11380938572285176,0.10632990936894698,-0.3837354099403615,-0.3888008986421099,-0.10052917088631763,0,0
741,-1.8180894199949655,0.9550696772165732,2.297857021498665,1.6853095542957843,0.5466309751060695,-0.3888008986421099,-0.10052917088631763,0,1
3463,1.119831462222761,0.1060401998569838,-0.614206492869086,0.12535376051264382,-0.3837354099403615,-0.3888008986421099,-0.10052917088631763,0,0
4908,0.1659610459183044,-1.309008929075665,-0.614206492869086,-0.8448626478158948,-1.3141017949867926,-0.3888008986421099,-0.10052917088631763,1,0
3490,1.0816766455705826,1.1814775378457971,-1.342222371461024,1.0955701688411825,-1.3141017949867926,-0.3888008986421099,-0.10052917088631763,1,0
3655,0.43304476248355206,-1.0826010684464409,0.11380938572285176,1.495071042858816,0.5466309751060695,-0.3888008986421099,-0.10052917088631763,0,0
4874,0.1659610459183044,-0.7995912426599115,-0.614206492869086,-0.19805170893020238,-1.3141017949867926,-0.3888008986421099,-0.10052917088631763,1,0
2977,-1.2839219868644698,-0.9693971381318289,0.8418252643147895,0.10632990936894698,1.4769973601525006,-0.3888008986421099,-0.10052917088631763,1,0
2437,0.6619736623966218,-0.7429892775026056,0.11380938572285176,-0.06488475092432454,-1.3141017949867926,-0.3888008986421099,-0.10052917088631763,1,0
2481,-0.06296785399476497,1.0116716423738792,-0.614206492869086,0.6199738902487616,-1.3141017949867926,-0.3888008986421099,-0.10052917088631763,0,0
3910,0.1659610459183044,0.8984677120592672,0.8418252643147895,-1.073148861540257,-0.3837354099403615,-0.3888008986421099,-0.10052917088631763,1,0
2793,1.4632248120923652,1.1248755726884911,0.11380938572285176,-1.0351011592528632,-0.3837354099403615,-0.3888008986421099,-0.10052917088631763,0,0
4260,-0.10112267064694327,-0.007163730457628193,-0.614206492869086,-1.0160773081091663,-0.3837354099403615,-0.3888008986421099,-0.10052917088631763,1,0
2249,-0.17743230395129986,0.1626421650142898,0.11380938572285176,0.6960692948235488,-1.3141017949867926,2.572010516160091,-0.10052917088631763,0,0
2492,1.6158440787010784,1.2380795030031027,0.11380938572285176,-1.1111965638276504,-0.3837354099403615,-0.3888008986421099,-0.10052917088631763,1,0
1393,-0.7115997370817956,-0.8561932078172175,-1.342222371461024,-0.8638864989595917,-0.3837354099403615,-0.3888008986421099,-0.10052917088631763,0,1
1645,0.9672121956140478,1.5776912939469385,0.8418252643147895,0.4107115276680964,1.4769973601525006,-0.3888008986421099,-0.10052917088631763,1,1
1119,0.6619736623966218,1.4078853984750206,0.11380938572285176,0.8102124016857299,1.4769973601525006,-0.3888008986421099,-0.10052917088631763,0,1
2515,0.47119957913573035,-0.5165814168733815,-0.614206492869086,-0.9019342012469853,0.5466309751060695,2.572010516160091,-0.10052917088631763,1,0
4340,0.5856640290922652,0.7286618165873492,0.8418252643147895,0.4107115276680964,0.5466309751060695,-0.3888008986421099,-0.10052917088631763,1,0
1478,-0.7497545537339739,-1.4788148245475827,-1.342222371461024,-0.9019342012469853,-0.3837354099403615,-0.3888008986421099,-0.10052917088631763,1,1
4186,1.4250699954401869,-0.007163730457628193,-0.614206492869086,-0.6546241363789265,1.4769973601525006,-0.3888008986421099,-0.10052917088631763,0,0
2193,0.242270679222661,-0.7995912426599115,0.8418252643147895,-1.6628882469948587,1.4769973601525006,-0.3888008986421099,-0.10052917088631763,1,0
2354,1.1961410955271177,0.6154578862727372,-0.614206492869086,-0.7307195409537138,-0.3837354099403615,-0.3888008986421099,-0.10052917088631763,1,0
2346,1.4250699954401869,-0.34677552140146356,0.11380938572285176,-0.3692663692234739,-0.3837354099403615,-0.3888008986421099,-0.10052917088631763,1,0
2442,-1.3602316201688263,-0.9693971381318289,0.11380938572285176,1.1145940199848794,-0.3837354099403615,2.572010516160091,-0.10052917088631763,0,0
2044,-0.9405286369948652,0.8984677120592672,1.5698411429067274,1.0955701688411825,-0.3837354099403615,-0.3888008986421099,-0.10052917088631763,1,0
1298,-0.6734449204296173,-1.309008929075665,-1.342222371461024,-1.0160773081091663,-0.3837354099403615,-0.3888008986421099,-0.10052917088631763,1,1
4811,0.7764381123531567,0.8418657469019611,0.11380938572285176,1.1716655734159698,-0.3837354099403615,-0.3888008986421099,-0.10052917088631763,0,0
1762,-1.8562442366471437,0.7286618165873492,2.297857021498665,1.9896911725949338,0.5466309751060695,-0.3888008986421099,-0.10052917088631763,1,1
4072,0.8145929290053351,1.4078853984750206,0.11380938572285176,0.030234504794159643,-0.3837354099403615,-0.3888008986421099,-0.10052917088631763,0,0
920,0.9290573789618695,0.7852637817446552,0.11380938572285176,1.1716655734159698,1.4769973601525006,-0.3888008986421099,-0.10052917088631763,0,1
1461,0.7764381123531567,-1.5354167897048887,0.11380938572285176,-1.4155781821267999,-1.3141017949867926,-0.3888008986421099,-0.10052917088631763,1,1
1866,-1.7799346033427872,1.1814775378457971,0.8418252643147895,-1.187291968402438,1.4769973601525006,-0.3888008986421099,-0.10052917088631763,0,1
4553,-0.25374193725565647,1.0682736075311852,0.11380938572285176,1.266784829134454,1.4769973601525006,-0.3888008986421099,9.94736145920113,0,0
694,-1.8180894199949655,0.6154578862727372,1.5698411429067274,1.4379994894277255,0.5466309751060695,-0.3888008986421099,-0.10052917088631763,0,1
3252,0.3185803125270176,-0.7429892775026056,0.8418252643147895,1.133617871128576,-1.3141017949867926,-0.3888008986421099,-0.10052917088631763,0,0
3015,0.7001284790488002,0.049438234699677806,-0.614206492869086,-0.8448626478158948,-1.3141017949867926,-0.3888008986421099,-0.10052917088631763,1,0
494,-1.8180894199949655,1.2380795030031027,1.5698411429067274,2.0277388748823273,0.5466309751060695,-0.3888008986421099,-0.10052917088631763,0,1
1836,-0.13927748729912157,0.6154578862727372,1.5698411429067274,-0.711695689810017,2.4073637451989316,-0.3888008986421099,-0.10052917088631763,1,1
4226,0.2804254958748393,0.2758460953289018,-0.614206492869086,0.5819261879613679,-1.3141017949867926,-0.3888008986421099,-0.10052917088631763,2,0
790,-1.8180894199949655,1.1248755726884911,1.5698411429067274,0.7721646993983362,0.5466309751060695,2.572010516160091,-0.10052917088631763,1,1
4649,0.242270679222661,-1.8184266154914184,-0.614206492869086,0.8672839551168204,-0.3837354099403615,-0.3888008986421099,-0.10052917088631763,0,0
2156,-1.207612353560113,0.6154578862727372,-0.614206492869086,-0.6546241363789265,-0.3837354099403615,-0.3888008986421099,-0.10052917088631763,1,0
2114,1.539534445396722,-0.9693971381318289,0.11380938572285176,1.0004509131226982,-1.3141017949867926,-0.3888008986421099,-0.10052917088631763,1,0
4885,0.3185803125270176,1.0682736075311852,0.8418252643147895,-0.06488475092432454,-0.3837354099403615,2.572010516160091,-0.10052917088631763,1,0
2388,0.6238188457444436,0.3324480604862078,0.8418252643147895,0.25852071851852165,-1.3141017949867926,-0.3888008986421099,-0.10052917088631763,1,0
2243,0.47119957913573035,-0.7429892775026056,0.11380938572285176,0.25852071851852165,-0.3837354099403615,-0.3888008986421099,-0.10052917088631763,1,0
3491,0.5093543957879086,1.3512834333177146,0.11380938572285176,-0.7877910943848043,-0.3837354099403615,-0.3888008986421099,-0.10052917088631763,1,0
4715,0.8145929290053351,0.9550696772165732,-0.614206492869086,-1.872150609575524,0.5466309751060695,-0.3888008986421099,-0.10052917088631763,1,0
2967,0.5856640290922652,0.7852637817446552,0.11380938572285176,-0.12195630435541505,0.5466309751060695,2.572010516160091,-0.10052917088631763,1,0
2849,-0.17743230395129986,1.1248755726884911,-0.614206492869086,0.08730605822525014,0.5466309751060695,2.572010516160091,-0.10052917088631763,1,0
359,-1.0168382702992218,-0.5731833820306875,1.5698411429067274,-1.282411224120922,1.4769973601525006,-0.3888008986421099,-0.10052917088631763,1,1
214,-0.48267083716872605,-1.4788148245475827,-1.342222371461024,-0.9399819035343789,-0.3837354099403615,-0.3888008986421099,-0.10052917088631763,1,1
845,-0.7115997370817956,-1.422212859390277,-1.342222371461024,-0.9590057546780758,-0.3837354099403615,-0.3888008986421099,-0.10052917088631763,0,1
2326,0.0133417793095912,-0.9693971381318289,0.8418252643147895,0.06828220708155332,-0.3837354099403615,-0.3888008986421099,-0.10052917088631763,0,0
547,-0.7879093703861523,-1.422212859390277,-1.342222371461024,-1.0160773081091663,-0.3837354099403615,-0.3888008986421099,-0.10052917088631763,1,1
4234,1.1579862788749393,-0.4033774865587696,0.11380938572285176,0.4107115276680964,-1.3141017949867926,-0.3888008986421099,-0.10052917088631763,2,0
4739,0.3948899458313742,1.5210893287896325,-0.614206492869086,1.152641722272273,-0.3837354099403615,2.572010516160091,9.94736145920113,0,0
653,-1.8562442366471437,0.2758460953289018,1.5698411429067274,1.6662857031520875,0.5466309751060695,-0.3888008986421099,-0.10052917088631763,0,1
1485,-0.5208256538209044,-0.912795172974523,-1.342222371461024,-1.1492442661150442,-0.3837354099403615,-0.3888008986421099,-0.10052917088631763,1,1
4471,-0.21558712060347818,-0.007163730457628193,-1.342222371461024,-0.8068149455285011,-1.3141017949867926,-0.3888008986421099,-0.10052917088631763,2,0
165,1.2342959121792958,1.5210893287896325,0.8418252643147895,1.0955701688411825,1.4769973601525006,-0.3888008986421099,-0.10052917088631763,1,1
249,1.119831462222761,1.0682736075311852,0.11380938572285176,0.4868069322428837,1.4769973601525006,-0.3888008986421099,-0.10052917088631763,1,1
4670,1.3869151787880087,0.6154578862727372,0.11380938572285176,-0.8829103501032884,-1.3141017949867926,-0.3888008986421099,-0.10052917088631763,0,0
3850,0.2804254958748393,-0.9693971381318289,0.8418252643147895,1.1145940199848794,-0.3837354099403615,2.572010516160091,-0.10052917088631763,0,0
3621,0.1659610459183044,-0.23357159108685158,0.8418252643147895,1.1906894245596666,-0.3837354099403615,-0.3888008986421099,-0.10052917088631763,0,0
2274,0.2041158625704827,1.1814775378457971,0.11380938572285176,-0.026837048636930864,-0.3837354099403615,-0.3888008986421099,-0.10052917088631763,1,0
294,-1.7799346033427872,1.0682736075311852,1.5698411429067274,2.0087150237386306,0.5466309751060695,2.572010516160091,-0.10052917088631763,1,1
2426,1.2342959121792958,0.1060401998569838,0.11380938572285176,0.06828220708155332,0.5466309751060695,2.572010516160091,-0.10052917088631763,1,0
4708,-0.33005157056001305,-1.365610894232971,0.11380938572285176,0.8863078062605173,-0.3837354099403615,-0.3888008986421099,-0.10052917088631763,0,0
3544,0.5856640290922652,-0.6863873123452996,-0.614206492869086,-1.2443635218335283,-0.3837354099403615,-0.3888008986421099,-0.10052917088631763,0,0
3356,0.5093543957879086,-1.8750285806487244,-0.614206492869086,1.1145940199848794,-0.3837354099403615,-0.3888008986421099,-0.10052917088631763,0,0
602,1.0053670122662262,1.2380795030031027,0.8418252643147895,0.3726638253807027,2.4073637451989316,-0.3888008986421099,-0.10052917088631763,1,1
4584,0.8145929290053351,1.1248755726884911,-0.614206492869086,0.030234504794159643,-0.3837354099403615,-0.3888008986421099,-0.10052917088631763,0,0
143,-1.7799346033427872,0.4456519908008198,1.5698411429067274,1.019474764266395,0.5466309751060695,-0.3888008986421099,-0.10052917088631763,1,1
4469,1.4632248120923652,0.7286618165873492,0.11380938572285176,-0.045860899780627705,0.5466309751060695,-0.3888008986421099,-0.10052917088631763,0,0
1111,-1.8562442366471437,0.5588559211154311,2.297857021498665,1.2287371268470604,0.5466309751060695,-0.3888008986421099,-0.10052917088631763,1,1
4178,-0.48267083716872605,0.8984677120592672,0.8418252643147895,1.247760977990757,-0.3837354099403615,2.572010516160091,-0.10052917088631763,0,0
4818,-0.6352901037774392,-0.23357159108685158,0.11380938572285176,1.3428802337092414,-0.3837354099403615,-0.3888008986421099,-0.10052917088631763,0,0
1385,-1.7799346033427872,1.0682736075311852,1.5698411429067274,1.4570233405714224,0.5466309751060695,-0.3888008986421099,-0.10052917088631763,1,1
2121,0.35673512917919586,-1.1958049987610528,0.8418252643147895,-0.38829022036717076,-0.3837354099403615,-0.3888008986421099,-0.10052917088631763,1,0
174,-1.8180894199949655,0.8984677120592672,1.5698411429067274,1.5521425962899065,0.5466309751060695,-0.3888008986421099,-0.10052917088631763,1,1
4695,0.7001284790488002,-0.007163730457628193,-0.614206492869086,0.7531408482546395,1.4769973601525006,2.572010516160091,-0.10052917088631763,0,0
3118,0.6619736623966218,1.3512834333177146,-0.614206492869086,-1.2253396706898316,-1.3141017949867926,-0.3888008986421099,-0.10052917088631763,0,0
2427,0.2804254958748393,-1.8184266154914184,-1.342222371461024,-1.168268117258741,-1.3141017949867926,-0.3888008986421099,-0.10052917088631763,1,0
112,-1.8562442366471437,0.7286618165873492,1.5698411429067274,1.6472618520083906,0.5466309751060695,-0.3888008986421099,-0.10052917088631763,2,1
3657,1.119831462222761,-0.7429892775026056,0.8418252643147895,1.1145940199848794,-0.3837354099403615,-0.3888008986421099,-0.10052917088631763,0,0
4440,0.5093543957879086,-0.5731833820306875,0.11380938572285176,-0.19805170893020238,0.5466309751060695,-0.3888008986421099,-0.10052917088631763,0,0
601,0.7382832957009784,1.4644873636323266,0.8418252643147895,1.0765463176974857,2.4073637451989316,-0.3888008986421099,-0.10052917088631763,1,1
4799,-0.9405286369948652,0.5588559211154311,0.8418252643147895,0.8863078062605173,2.4073637451989316,-0.3888008986421099,-0.10052917088631763,1,0
4787,0.5856640290922652,1.1814775378457971,0.11380938572285176,-0.7687672432411075,-1.3141017949867926,2.572010516160091,-0.10052917088631763,0,0
4743,-0.29189675390783476,0.1060401998569838,0.11380938572285176,-0.711695689810017,-1.3141017949867926,2.572010516160091,-0.10052917088631763,0,0
756,-0.7879093703861523,-1.365610894232971,-1.342222371461024,-0.8068149455285011,-0.3837354099403615,-0.3888008986421099,-0.10052917088631763,1,1
1642,-0.6352901037774392,-0.912795172974523,-1.342222371461024,-0.9209580523906822,-0.3837354099403615,-0.3888008986421099,-0.10052917088631763,1,1
4397,1.5013796287445436,0.5588559211154311,-0.614206492869086,-1.282411224120922,-1.3141017949867926,-0.3888008986421099,-0.10052917088631763,1,0
1013,-1.8180894199949655,0.8418657469019611,1.5698411429067274,1.5521425962899065,0.5466309751060695,-0.3888008986421099,-0.10052917088631763,0,1
2247,0.35673512917919586,0.7286618165873492,-0.614206492869086,-0.8068149455285011,0.5466309751060695,-0.3888008986421099,-0.10052917088631763,0,0
1915,-0.7115997370817956,-0.23357159108685158,-1.342222371461024,1.5140948940025127,1.4769973601525006,-0.3888008986421099,-0.10052917088631763,1,1
2545,0.0133417793095912,0.8418657469019611,-0.614206492869086,1.247760977990757,-1.3141017949867926,-0.3888008986421099,-0.10052917088631763,1,0
3861,1.1579862788749393,0.9550696772165732,-1.342222371461024,-0.8068149455285011,0.5466309751060695,-0.3888008986421099,-0.10052917088631763,1,0
2865,0.242270679222661,-0.34677552140146356,-0.614206492869086,0.29656842080591533,-0.3837354099403615,-0.3888008986421099,-0.10052917088631763,1,0
4068,-1.1694575369079347,-0.34677552140146356,-0.614206492869086,-1.3204589264083157,2.4073637451989316,-0.3888008986421099,-0.10052917088631763,1,0
3365,-1.627315336734074,0.6720598514300432,0.11380938572285176,1.3809279359966349,1.4769973601525006,-0.3888008986421099,-0.10052917088631763,1,0
3030,0.9290573789618695,0.9550696772165732,0.11380938572285176,0.6580215925361552,-0.3837354099403615,-0.3888008986421099,-0.10052917088631763,0,0
4203,-1.7036249700384305,-0.4033774865587696,0.11380938572285176,-0.16000400664280873,0.5466309751060695,-0.3888008986421099,-0.10052917088631763,0,0
1005,-1.8562442366471437,0.4456519908008198,1.5698411429067274,0.8482601039731236,0.5466309751060695,-0.3888008986421099,-0.10052917088631763,0,1
3234,-0.0248130373425871,0.8418657469019611,0.11380938572285176,-1.0351011592528632,-0.3837354099403615,-0.3888008986421099,-0.10052917088631763,2,0
3913,-0.5208256538209044,-0.8561932078172175,0.8418252643147895,-0.3692663692234739,-1.3141017949867926,2.572010516160091,-0.10052917088631763,1,0
3280,0.43304476248355206,-0.9693971381318289,-0.614206492869086,-0.2741471135049897,-0.3837354099403615,-0.3888008986421099,-0.10052917088631763,0,0
412,1.0053670122662262,1.5210893287896325,0.11380938572285176,1.133617871128576,2.4073637451989316,-0.3888008986421099,-0.10052917088631763,0,1
2095,-0.36820638721219134,-0.912795172974523,-1.342222371461024,-0.9780296058217727,-0.3837354099403615,-0.3888008986421099,-0.10052917088631763,0,0
2009,-0.29189675390783476,0.1626421650142898,1.5698411429067274,-1.4346020332704967,-0.3837354099403615,-0.3888008986421099,-0.10052917088631763,1,0
2356,-0.44451602051654776,-0.7995912426599115,0.11380938572285176,-0.597552582947836,-0.3837354099403615,-0.3888008986421099,-0.10052917088631763,1,0
987,-0.8260641870383305,-1.252406963918359,-1.342222371461024,-0.8448626478158948,-0.3837354099403615,-0.3888008986421099,-0.10052917088631763,1,1
2870,1.5776892620489003,-0.912795172974523,-0.614206492869086,-0.17902785778650554,-0.3837354099403615,2.572010516160091,-0.10052917088631763,0,0
2290,-0.6734449204296173,-0.17696962592954618,-1.342222371461024,-0.5404810295167455,-0.3837354099403615,-0.3888008986421099,-0.10052917088631763,0,0
3477,0.8909025623096917,0.2192441301715958,0.8418252643147895,-1.3014350752646189,-1.3141017949867926,-0.3888008986421099,-0.10052917088631763,1,0
3294,-0.21558712060347818,-1.025999103289135,0.11380938572285176,-0.3502425180797771,-0.3837354099403615,-0.3888008986421099,-0.10052917088631763,1,0
4628,-1.5510057034297173,0.6154578862727372,1.5698411429067274,-0.1409801554991119,1.4769973601525006,-0.3888008986421099,-0.10052917088631763,2,0
3798,0.2804254958748393,-0.7429892775026056,0.11380938572285176,-0.19805170893020238,-0.3837354099403615,-0.3888008986421099,-0.10052917088631763,1,0
1498,-0.7879093703861523,-1.365610894232971,-1.342222371461024,-1.396554330983103,-0.3837354099403615,-0.3888008986421099,-0.10052917088631763,1,1
1303,-1.8562442366471437,0.3324480604862078,2.297857021498665,1.6662857031520875,0.5466309751060695,-0.3888008986421099,-0.10052917088631763,1,1
527,-0.6352901037774392,-1.5354167897048887,-1.342222371461024,-1.1111965638276504,-0.3837354099403615,2.572010516160091,-0.10052917088631763,1,1
3454,0.8527477456575133,1.2380795030031027,0.11380938572285176,-0.045860899780627705,0.5466309751060695,-0.3888008986421099,-0.10052917088631763,0,0
404,1.3106055454836525,1.1814775378457971,0.8418252643147895,0.7150931459672457,1.4769973601525006,-0.3888008986421099,-0.10052917088631763,1,1
2646,0.7764381123531567,-0.4033774865587696,0.11380938572285176,0.08730605822525014,-1.3141017949867926,-0.3888008986421099,-0.10052917088631763,0,0
3851,0.7001284790488002,0.5022539559581258,-0.614206492869086,0.4297353788117932,-0.3837354099403615,-0.3888008986421099,-0.10052917088631763,0,0
4371,1.2342959121792958,0.2758460953289018,0.11380938572285176,0.6389977413924584,-0.3837354099403615,-0.3888008986421099,-0.10052917088631763,1,0
3124,1.119831462222761,-0.8561932078172175,0.11380938572285176,0.46778308109918687,-0.3837354099403615,-0.3888008986421099,-0.10052917088631763,1,0
4771,1.5776892620489003,-0.912795172974523,1.5698411429067274,-1.4155781821267999,0.5466309751060695,-0.3888008986421099,-0.10052917088631763,0,0
1792,-1.8562442366471437,1.1248755726884911,2.297857021498665,0.8102124016857299,0.5466309751060695,-0.3888008986421099,-0.10052917088631763,0,1
2402,0.0896514126139478,0.7286618165873492,-0.614206492869086,0.12535376051264382,-1.3141017949867926,2.572010516160091,-0.10052917088631763,0,0
784,-0.8260641870383305,-1.4788148245475827,-1.342222371461024,-1.3394827775520126,-0.3837354099403615,-0.3888008986421099,-0.10052917088631763,1,1
3875,0.35673512917919586,-0.8561932078172175,-1.342222371461024,0.6009500391050647,0.5466309751060695,-0.3888008986421099,-0.10052917088631763,1,0
1250,-1.8180894199949655,0.5588559211154311,2.297857021498665,1.5521425962899065,0.5466309751060695,-0.3888008986421099,-0.10052917088631763,1,1
323,0.1278062292661261,-1.422212859390277,-1.342222371461024,0.9624032108353046,-0.3837354099403615,-0.3888008986421099,-0.10052917088631763,1,1
4439,0.547509212440087,-0.007163730457628193,-0.614206492869086,0.2775445696622185,-1.3141017949867926,-0.3888008986421099,-0.10052917088631763,0,0
1148,0.9672121956140478,1.2946814681604086,0.8418252643147895,1.0575224665537888,1.4769973601525006,-0.3888008986421099,-0.10052917088631763,1,1
728,-0.5589804704730826,-0.8561932078172175,-1.342222371461024,-0.8068149455285011,-0.3837354099403615,-0.3888008986421099,-0.10052917088631763,0,1
1254,1.0435218289184045,1.5776912939469385,0.11380938572285176,0.6009500391050647,1.4769973601525006,-0.3888008986421099,-0.10052917088631763,1,1
1395,-0.6352901037774392,-1.1392030336037469,-1.342222371461024,-1.1492442661150442,-0.3837354099403615,-0.3888008986421099,-0.10052917088631763,0,1
3272,-0.10112267064694327,-1.1958049987610528,0.11380938572285176,-0.9019342012469853,-0.3837354099403615,-0.3888008986421099,-0.10052917088631763,1,0
1874,-1.8562442366471437,1.1814775378457971,1.5698411429067274,1.4570233405714224,0.5466309751060695,-0.3888008986421099,-0.10052917088631763,1,1
3573,0.9290573789618695,-0.7429892775026056,-0.614206492869086,0.8863078062605173,-0.3837354099403615,-0.3888008986421099,-0.10052917088631763,0,0
3873,0.9672121956140478,-1.365610894232971,-0.614206492869086,0.7531408482546395,0.5466309751060695,-0.3888008986421099,-0.10052917088631763,1,0
2975,-1.3983864368210046,0.2192441301715958,0.8418252643147895,0.6960692948235488,-1.3141017949867926,-0.3888008986421099,-0.10052917088631763,1,0
236,0.9672121956140478,0.7286618165873492,0.11380938572285176,1.0004509131226982,1.4769973601525006,-0.3888008986421099,-0.10052917088631763,1,1
2040,-0.21558712060347818,0.8984677120592672,-0.614206492869086,-0.44536177379826125,-1.3141017949867926,2.572010516160091,-0.10052917088631763,1,0
4836,1.1961410955271177,1.0682736075311852,0.8418252643147895,0.4107115276680964,-0.3837354099403615,2.572010516160091,-0.10052917088631763,1,0
3460,0.2041158625704827,-0.5731833820306875,0.8418252643147895,0.18242531394373432,2.4073637451989316,-0.3888008986421099,-0.10052917088631763,0,0
2371,-1.7417797866906088,-0.9693971381318289,0.8418252643147895,0.7531408482546395,0.5466309751060695,-0.3888008986421099,-0.10052917088631763,0,0
3114,1.539534445396722,0.6720598514300432,-0.614206492869086,1.5901902985773002,0.5466309751060695,-0.3888008986421099,-0.10052917088631763,0,0
911,0.8145929290053351,1.4644873636323266,0.11380938572285176,1.3048325314218476,1.4769973601525006,-0.3888008986421099,-0.10052917088631763,1,1
4765,1.1961410955271177,0.1626421650142898,-0.614206492869086,-1.3014350752646189,-0.3837354099403615,-0.3888008986421099,-0.10052917088631763,1,0
4093,0.2804254958748393,0.5588559211154311,0.11380938572285176,0.08730605822525014,-1.3141017949867926,-0.3888008986421099,-0.10052917088631763,1,0
4022,1.6158440787010784,-1.309008929075665,-0.614206492869086,-1.8341029072881303,0.5466309751060695,-0.3888008986421099,-0.10052917088631763,1,0
4872,-0.0248130373425871,-0.6297853471879936,-0.614206492869086,-0.6736479875226233,-1.3141017949867926,2.572010516160091,-0.10052917088631763,1,0
3846,0.242270679222661,1.0116716423738792,0.11380938572285176,0.1634014628000375,-0.3837354099403615,-0.3888008986421099,-0.10052917088631763,0,0
3203,-1.7417797866906088,-0.6297853471879936,1.5698411429067274,-0.5785287318041391,2.4073637451989316,-0.3888008986421099,-0.10052917088631763,2,0
1022,0.8527477456575133,1.2946814681604086,-0.614206492869086,-1.073148861540257,1.4769973601525006,-0.3888008986421099,-0.10052917088631763,1,1
4054,1.3106055454836525,-0.2901735562441576,0.11380938572285176,-0.7877910943848043,0.5466309751060695,2.572010516160091,-0.10052917088631763,1,0
3352,0.1659610459183044,-1.1392030336037469,0.8418252643147895,1.019474764266395,0.5466309751060695,-0.3888008986421099,-0.10052917088631763,0,0
1751,1.1579862788749393,1.4078853984750206,0.11380938572285176,1.0004509131226982,1.4769973601525006,2.572010516160091,-0.10052917088631763,1,1
2705,0.2041158625704827,-1.252406963918359,0.8418252643147895,0.8292362528294267,-1.3141017949867926,-0.3888008986421099,-0.10052917088631763,1,0
1852,-0.44451602051654776,-1.0826010684464409,-1.342222371461024,-1.05412501039656,-0.3837354099403615,-0.3888008986421099,-0.10052917088631763,1,1
2183,-1.207612353560113,0.7286618165873492,1.5698411429067274,-0.9590057546780758,0.5466309751060695,-0.3888008986421099,-0.10052917088631763,0,0
2097,1.0816766455705826,1.5776912939469385,0.11380938572285176,1.019474764266395,-0.3837354099403615,-0.3888008986421099,-0.10052917088631763,0,0
341,-1.8562442366471437,0.9550696772165732,2.297857021498665,2.0087150237386306,1.4769973601525006,-0.3888008986421099,-0.10052917088631763,0,1
4720,1.4632248120923652,0.1626421650142898,0.11380938572285176,-0.48340947608565493,-1.3141017949867926,-0.3888008986421099,-0.10052917088631763,1,0
3755,-1.4746960701253609,1.5210893287896325,-0.614206492869086,-0.9209580523906822,-1.3141017949867926,-0.3888008986421099,-0.10052917088631763,2,0
4168,-1.627315336734074,1.2380795030031027,0.8418252643147895,0.7911885505420331,2.4073637451989316,-0.3888008986421099,-0.10052917088631763,2,0
3373,1.5013796287445436,-1.1392030336037469,0.11380938572285176,0.5438784856739742,-0.3837354099403615,-0.3888008986421099,-0.10052917088631763,1,0
1826,0.9290573789618695,1.0682736075311852,0.8418252643147895,1.3999517871403317,2.4073637451989316,-0.3888008986421099,-0.10052917088631763,0,1
2333,1.4632248120923652,-0.23357159108685158,0.11380938572285176,-0.7687672432411075,-1.3141017949867926,-0.3888008986421099,-0.10052917088631763,0,0
3897,-0.06296785399476497,-0.23357159108685158,-0.614206492869086,-1.0160773081091663,-1.3141017949867926,-0.3888008986421099,-0.10052917088631763,0,0
24,-0.44451602051654776,-0.8561932078172175,-1.342222371461024,-1.2063158195461348,-0.3837354099403615,-0.3888008986421099,-0.10052917088631763,1,1
3949,0.7001284790488002,-1.5920187548621947,0.11380938572285176,-0.19805170893020238,0.5466309751060695,2.572010516160091,-0.10052917088631763,1,0
3835,-1.4746960701253609,-1.252406963918359,1.5698411429067274,-1.1302204149713473,1.4769973601525006,2.572010516160091,-0.10052917088631763,1,0
824,-0.5208256538209044,-1.0826010684464409,-1.342222371461024,-0.9209580523906822,-0.3837354099403615,-0.3888008986421099,-0.10052917088631763,1,1
4868,0.35673512917919586,0.7286618165873492,-0.614206492869086,-0.9399819035343789,0.5466309751060695,-0.3888008986421099,-0.10052917088631763,1,0
2212,-0.29189675390783476,-0.12036766077224019,0.11380938572285176,-0.026837048636930864,0.5466309751060695,-0.3888008986421099,-0.10052917088631763,0,0
1616,-1.8180894199949655,1.1814775378457971,1.5698411429067274,1.9896911725949338,0.5466309751060695,-0.3888008986421099,-0.10052917088631763,1,1
4368,0.9672121956140478,-1.0826010684464409,-0.614206492869086,0.1634014628000375,0.5466309751060695,2.572010516160091,-0.10052917088631763,1,0
976,-0.8260641870383305,-1.025999103289135,-1.342222371461024,-1.2633873729772251,-0.3837354099403615,-0.3888008986421099,-0.10052917088631763,1,1
2558,0.1278062292661261,-0.9693971381318289,0.8418252643147895,1.0955701688411825,-0.3837354099403615,-0.3888008986421099,-0.10052917088631763,0,0
4314,0.43304476248355206,-0.7429892775026056,0.11380938572285176,1.2097132757033635,0.5466309751060695,-0.3888008986421099,-0.10052917088631763,0,0
1963,-0.7879093703861523,-1.1392030336037469,-1.342222371461024,-0.8448626478158948,-0.3837354099403615,-0.3888008986421099,-0.10052917088631763,1,1
333,-1.8562442366471437,1.4644873636323266,1.5698411429067274,1.3048325314218476,0.5466309751060695,-0.3888008986421099,-0.10052917088631763,1,1
2969,-1.2839219868644698,0.7286618165873492,0.11380938572285176,-0.9019342012469853,1.4769973601525006,-0.3888008986421099,-0.10052917088631763,1,0
1697,-0.7115997370817956,-0.912795172974523,-1.342222371461024,-0.8068149455285011,-0.3837354099403615,-0.3888008986421099,-0.10052917088631763,1,1
2713,1.3106055454836525,0.6720598514300432,0.8418252643147895,1.1716655734159698,-0.3837354099403615,-0.3888008986421099,-0.10052917088631763,0,0
2509,0.9672121956140478,0.9550696772165732,0.8418252643147895,-1.168268117258741,-0.3837354099403615,2.572010516160091,-0.10052917088631763,1,0
46,1.0053670122662262,0.1060401998569838,-0.614206492869086,-0.38829022036717076,0.5466309751060695,-0.3888008986421099,-0.10052917088631763,1,1
3024,0.43304476248355206,-0.23357159108685158,0.11380938572285176,-0.6546241363789265,-0.3837354099403615,-0.3888008986421099,-0.10052917088631763,1,0
2820,1.4632248120923652,-1.9882325109633363,-1.342222371461024,-0.825838796672198,2.4073637451989316,-0.3888008986421099,-0.10052917088631763,1,0
4594,0.8527477456575133,-0.7995912426599115,0.11380938572285176,0.6770454436798521,-1.3141017949867926,-0.3888008986421099,-0.10052917088631763,2,0
2322,1.6158440787010784,-0.4033774865587696,0.11380938572285176,-0.00781319749323403,0.5466309751060695,2.572010516160091,-0.10052917088631763,1,0
3455,1.1961410955271177,0.7852637817446552,-0.614206492869086,-0.46438562494195806,0.5466309751060695,-0.3888008986421099,-0.10052917088631763,0,0
2694,0.5856640290922652,-0.7995912426599115,0.8418252643147895,0.5248546345302774,-0.3837354099403615,-0.3888008986421099,-0.10052917088631763,1,0
2974,0.3185803125270176,-0.12036766077224019,0.11380938572285176,-0.7877910943848043,-0.3837354099403615,-0.3888008986421099,-0.10052917088631763,1,0
606,1.0816766455705826,1.1248755726884911,0.8418252643147895,0.9433793596916078,1.4769973601525006,-0.3888008986421099,-0.10052917088631763,1,1
671,-1.7799346033427872,1.2946814681604086,1.5698411429067274,0.8102124016857299,0.5466309751060695,-0.3888008986421099,-0.10052917088631763,1,1
2650,0.7001284790488002,-0.912795172974523,-0.614206492869086,1.0004509131226982,-0.3837354099403615,-0.3888008986421099,-0.10052917088631763,0,0
1774,-1.7799346033427872,0.8418657469019611,1.5698411429067274,1.3428802337092414,0.5466309751060695,-0.3888008986421099,-0.10052917088631763,1,1
4262,1.2724507288314741,-0.23357159108685158,0.11380938572285176,-0.2931709646486866,-1.3141017949867926,-0.3888008986421099,-0.10052917088631763,1,0
844,0.3185803125270176,-1.422212859390277,2.297857021498665,-0.8829103501032884,-1.3141017949867926,-0.3888008986421099,-0.10052917088631763,0,1
2483,-1.3983864368210046,-1.252406963918359,0.8418252643147895,1.0004509131226982,1.4769973601525006,-0.3888008986421099,-0.10052917088631763,0,0
2789,-1.5891605200818957,1.4078853984750206,1.5698411429067274,0.6199738902487616,-0.3837354099403615,-0.3888008986421099,-0.10052917088631763,1,0
770,-0.597135287125261,-1.4788148245475827,-1.342222371461024,-1.168268117258741,-0.3837354099403615,-0.3888008986421099,-0.10052917088631763,0,1
1372,-0.597135287125261,-1.4788148245475827,-1.342222371461024,-1.1302204149713473,-0.3837354099403615,-0.3888008986421099,-0.10052917088631763,1,1
3938,-0.10112267064694327,-1.025999103289135,-0.614206492869086,0.9624032108353046,-1.3141017949867926,-0.3888008986421099,-0.10052917088631763,1,0
4984,-1.6654701533862522,0.049438234699677806,0.8418252643147895,1.2097132757033635,2.4073637451989316,-0.3888008986421099,-0.10052917088631763,1,0
4907,0.7382832957009784,-0.4033774865587696,0.11380938572285176,1.247760977990757,-0.3837354099403615,-0.3888008986421099,-0.10052917088631763,1,0
1170,-0.48267083716872605,-1.5354167897048887,-1.342222371461024,-1.0921727126839538,-0.3837354099403615,-0.3888008986421099,-0.10052917088631763,0,1
4565,-0.21558712060347818,-1.422212859390277,-0.614206492869086,-1.7960552050007366,1.4769973601525006,-0.3888008986421099,-0.10052917088631763,0,0
1574,-1.7799346033427872,1.0116716423738792,0.8418252643147895,1.9896911725949338,0.5466309751060695,-0.3888008986421099,-0.10052917088631763,1,1
3139,-0.25374193725565647,-1.8750285806487244,-0.614206492869086,-1.0160773081091663,-0.3837354099403615,-0.3888008986421099,-0.10052917088631763,1,0
2063,0.547509212440087,1.2380795030031027,0.11380938572285176,0.7150931459672457,0.5466309751060695,-0.3888008986421099,-0.10052917088631763,1,0
3652,0.547509212440087,-1.0826010684464409,-0.614206492869086,-0.9780296058217727,0.5466309751060695,-0.3888008986421099,-0.10052917088631763,0,0
1226,-0.7115997370817956,-1.4788148245475827,-1.342222371461024,-1.4346020332704967,-0.3837354099403615,-0.3888008986421099,-0.10052917088631763,1,1
4665,0.5856640290922652,0.3324480604862078,-0.614206492869086,-0.6926718386663201,-1.3141017949867926,-0.3888008986421099,-0.10052917088631763,0,0
1579,-1.8180894199949655,1.3512834333177146,1.5698411429067274,2.0467627260260244,1.4769973601525006,-0.3888008986421099,-0.10052917088631763,1,1
2850,0.2804254958748393,-0.007163730457628193,-0.614206492869086,-1.3014350752646189,-0.3837354099403615,-0.3888008986421099,-0.10052917088631763,1,0
3279,0.7764381123531567,1.4644873636323266,0.11380938572285176,0.6960692948235488,-0.3837354099403615,-0.3888008986421099,-0.10052917088631763,0,0
2914,1.0053670122662262,0.1060401998569838,-0.614206492869086,-1.2063158195461348,-0.3837354099403615,-0.3888008986421099,-0.10052917088631763,0,0
3577,-0.0248130373425871,1.0116716423738792,-0.614206492869086,1.133617871128576,-1.3141017949867926,-0.3888008986421099,-0.10052917088631763,0,0
4184,-0.13927748729912157,-0.7429892775026056,0.11380938572285176,0.4868069322428837,-0.3837354099403615,-0.3888008986421099,-0.10052917088631763,0,0
4013,-0.29189675390783476,-0.8561932078172175,-0.614206492869086,0.3916876765243995,-0.3837354099403615,-0.3888008986421099,-0.10052917088631763,1,0
223,-0.7879093703861523,-1.1958049987610528,-1.342222371461024,-0.9399819035343789,-0.3837354099403615,-0.3888008986421099,-0.10052917088631763,1,1
3833,0.43304476248355206,1.0116716423738792,0.8418252643147895,0.44875922995549006,0.5466309751060695,-0.3888008986421099,-0.10052917088631763,2,0
2188,-0.597135287125261,-1.025999103289135,-0.614206492869086,-1.5297212889889809,0.5466309751060695,-0.3888008986421099,-0.10052917088631763,1,0
1698,-1.8180894199949655,0.8418657469019611,2.297857021498665,1.837500363445359,0.5466309751060695,-0.3888008986421099,-0.10052917088631763,1,1
4284,0.3185803125270176,1.2380795030031027,0.11380938572285176,-0.23609941121759606,-0.3837354099403615,-0.3888008986421099,-0.10052917088631763,0,0
2766,0.7001284790488002,-0.5165814168733815,-0.614206492869086,-0.7687672432411075,-1.3141017949867926,-0.3888008986421099,-0.10052917088631763,0,0
680,1.0816766455705826,1.5776912939469385,0.8418252643147895,0.5058307833865805,1.4769973601525006,-0.3888008986421099,-0.10052917088631763,1,1
2625,0.9290573789618695,-0.5731833820306875,0.11380938572285176,-0.00781319749323403,-1.3141017949867926,-0.3888008986421099,-0.10052917088631763,1,0
3334,0.3948899458313742,0.7286618165873492,0.11380938572285176,-0.8829103501032884,-1.3141017949867926,-0.3888008986421099,-0.10052917088631763,1,0
4526,1.2724507288314741,-1.309008929075665,1.5698411429067274,1.3238563825655445,2.4073637451989316,-0.3888008986421099,-0.10052917088631763,1,0
1055,-1.8562442366471437,0.6720598514300432,1.5698411429067274,1.0575224665537888,0.5466309751060695,-0.3888008986421099,-0.10052917088631763,1,1
4893,-0.7497545537339739,-1.025999103289135,-1.342222371461024,-1.7199598004259493,-0.3837354099403615,-0.3888008986421099,-0.10052917088631763,0,0
4343,-0.06296785399476497,-0.5731833820306875,0.11380938572285176,0.8482601039731236,-0.3837354099403615,-0.3888008986421099,-0.10052917088631763,1,0
1780,-0.7497545537339739,-1.1392030336037469,-1.342222371461024,-1.4155781821267999,-0.3837354099403615,-0.3888008986421099,-0.10052917088631763,0,1
3193,-0.33005157056001305,0.2192441301715958,0.8418252643147895,0.6580215925361552,-0.3837354099403615,-0.3888008986421099,-0.10052917088631763,2,0
4629,1.539534445396722,0.5022539559581258,-0.614206492869086,-0.42633792265456444,-1.3141017949867926,2.572010516160091,-0.10052917088631763,2,0
4406,1.5013796287445436,0.1626421650142898,0.8418252643147895,0.6199738902487616,-0.3837354099403615,2.572010516160091,-0.10052917088631763,1,0
2098,1.3869151787880087,0.6154578862727372,-1.342222371461024,-0.33121866693608026,-0.3837354099403615,2.572010516160091,-0.10052917088631763,0,0
1476,-0.5208256538209044,-1.422212859390277,-1.342222371461024,-0.8829103501032884,-0.3837354099403615,2.572010516160091,-0.10052917088631763,0,1
625,-0.7497545537339739,-1.252406963918359,-1.342222371461024,-1.187291968402438,-0.3837354099403615,-0.3888008986421099,-0.10052917088631763,1,1
3232,1.5013796287445436,1.4078853984750206,0.8418252643147895,-0.597552582947836,-1.3141017949867926,-0.3888008986421099,-0.10052917088631763,2,0
2171,0.8909025623096917,1.2380795030031027,-0.614206492869086,0.4297353788117932,0.5466309751060695,-0.3888008986421099,-0.10052917088631763,0,0
4939,1.2342959121792958,-0.12036766077224019,-0.614206492869086,1.3619040848529382,-0.3837354099403615,-0.3888008986421099,-0.10052917088631763,0,0
3968,-1.5128508867775392,0.3890500256435138,0.11380938572285176,0.2775445696622185,0.5466309751060695,-0.3888008986421099,-0.10052917088631763,0,0
1746,-1.8562442366471437,0.3324480604862078,1.5698411429067274,1.0955701688411825,0.5466309751060695,-0.3888008986421099,-0.10052917088631763,0,1
531,-0.6734449204296173,-0.912795172974523,-1.342222371461024,-1.2443635218335283,-0.3837354099403615,-0.3888008986421099,-0.10052917088631763,0,1
1073,-0.17743230395129986,1.2946814681604086,1.5698411429067274,0.04925835593785648,0.5466309751060695,-0.3888008986421099,-0.10052917088631763,1,1
3827,1.5013796287445436,-0.4033774865587696,-0.614206492869086,-0.40731407151086757,-0.3837354099403615,-0.3888008986421099,-0.10052917088631763,1,0
4824,0.7382832957009784,0.1060401998569838,0.8418252643147895,1.152641722272273,-1.3141017949867926,-0.3888008986421099,-0.10052917088631763,0,0
2842,-1.7036249700384305,-0.17696962592954618,0.11380938572285176,-1.4346020332704967,0.5466309751060695,-0.3888008986421099,-0.10052917088631763,2,0
4935,0.3948899458313742,0.5022539559581258,-0.614206492869086,0.5629023368176711,-1.3141017949867926,-0.3888008986421099,-0.10052917088631763,0,0
45,-1.8562442366471437,0.9550696772165732,1.5698411429067274,1.3999517871403317,0.5466309751060695,-0.3888008986421099,-0.10052917088631763,1,1
1371,0.6238188457444436,1.5210893287896325,0.8418252643147895,1.152641722272273,1.4769973601525006,-0.3888008986421099,-0.10052917088631763,1,1
1961,-0.7879093703861523,-1.0826010684464409,-1.342222371461024,-1.1302204149713473,-0.3837354099403615,-0.3888008986421099,-0.10052917088631763,1,1
3339,-0.06296785399476497,1.2946814681604086,-0.614206492869086,0.7341169971109426,-0.3837354099403615,-0.3888008986421099,-0.10052917088631763,0,0
3084,-0.44451602051654776,-1.309008929075665,-0.614206492869086,0.20144916508743116,-0.3837354099403615,-0.3888008986421099,-0.10052917088631763,1,0
3243,1.4250699954401869,0.7852637817446552,-0.614206492869086,0.08730605822525014,-1.3141017949867926,-0.3888008986421099,-0.10052917088631763,1,0
1999,1.0053670122662262,1.3512834333177146,0.11380938572285176,0.8482601039731236,1.4769973601525006,-0.3888008986421099,-0.10052917088631763,1,1
666,0.6619736623966218,0.7286618165873492,0.8418252643147895,1.2287371268470604,1.4769973601525006,-0.3888008986421099,-0.10052917088631763,1,1
500,1.1961410955271177,1.2946814681604086,-1.342222371461024,-0.40731407151086757,1.4769973601525006,-0.3888008986421099,-0.10052917088631763,0,1
1440,0.7001284790488002,1.5210893287896325,0.11380938572285176,0.9624032108353046,1.4769973601525006,2.572010516160091,-0.10052917088631763,0,1
2072,1.3106055454836525,-0.4033774865587696,0.11380938572285176,0.6770454436798521,-1.3141017949867926,-0.3888008986421099,-0.10052917088631763,1,0
2620,1.1579862788749393,0.7852637817446552,0.11380938572285176,0.4107115276680964,-0.3837354099403615,2.572010516160091,-0.10052917088631763,1,0
432,-0.6352901037774392,-0.8561932078172175,-1.342222371461024,-0.8068149455285011,-0.3837354099403615,-0.3888008986421099,-0.10052917088631763,1,1
1046,-0.6734449204296173,-0.8561932078172175,-1.342222371461024,-1.4155781821267999,-0.3837354099403615,-0.3888008986421099,-0.10052917088631763,0,1
3468,1.539534445396722,-0.23357159108685158,-0.614206492869086,0.011210653650462806,-0.3837354099403615,-0.3888008986421099,-0.10052917088631763,0,0
1474,-1.8562442366471437,1.3512834333177146,1.5698411429067274,0.8102124016857299,0.5466309751060695,-0.3888008986421099,-0.10052917088631763,0,1
1245,-1.8180894199949655,0.2758460953289018,1.5698411429067274,1.4760471917151192,0.5466309751060695,-0.3888008986421099,-0.10052917088631763,0,1
4259,0.7764381123531567,0.4456519908008198,0.11380938572285176,-0.1029324532117182,-0.3837354099403615,2.572010516160091,-0.10052917088631763,1,0
465,0.9290573789618695,1.4644873636323266,0.8418252643147895,0.6009500391050647,1.4769973601525006,-0.3888008986421099,-0.10052917088631763,0,1
1290,-0.5589804704730826,-0.912795172974523,1.5698411429067274,-1.0160773081091663,0.5466309751060695,-0.3888008986421099,-0.10052917088631763,1,1
1409,-0.7115997370817956,-1.0826010684464409,-1.342222371461024,-1.2633873729772251,-0.3837354099403615,-0.3888008986421099,-0.10052917088631763,1,1
4863,0.5856640290922652,0.3890500256435138,0.11380938572285176,-0.8638864989595917,-0.3837354099403615,-0.3888008986421099,-0.10052917088631763,0,0
1035,-1.8180894199949655,0.7852637817446552,1.5698411429067274,1.2097132757033635,0.5466309751060695,2.572010516160091,-0.10052917088631763,1,1
3814,0.9672121956140478,0.4456519908008198,0.11380938572285176,1.3619040848529382,-0.3837354099403615,-0.3888008986421099,-0.10052917088631763,2,0
2197,0.47119957913573035,0.8418657469019611,-0.614206492869086,1.0955701688411825,-1.3141017949867926,-0.3888008986421099,-0.10052917088631763,1,0
4819,-0.29189675390783476,-1.6486207200195007,-0.614206492869086,-0.3502425180797771,-1.3141017949867926,-0.3888008986421099,-0.10052917088631763,0,0
600,-1.7799346033427872,1.1248755726884911,2.297857021498665,1.9896911725949338,0.5466309751060695,-0.3888008986421099,-0.10052917088631763,1,1
20,0.7001284790488002,0.9550696772165732,0.8418252643147895,1.133617871128576,1.4769973601525006,-0.3888008986421099,-0.10052917088631763,1,1
330,-0.5208256538209044,-1.365610894232971,-1.342222371461024,-1.0351011592528632,-0.3837354099403615,-0.3888008986421099,-0.10052917088631763,1,1
4090,-0.17743230395129986,0.6154578862727372,0.11380938572285176,0.8863078062605173,-0.3837354099403615,2.572010516160091,-0.10052917088631763,1,0
2648,1.3487603621358308,-0.23357159108685158,0.11380938572285176,-0.12195630435541505,-1.3141017949867926,2.572010516160091,-0.10052917088631763,1,0
1059,-1.0168382702992218,1.2946814681604086,1.5698411429067274,0.6199738902487616,1.4769973601525006,-0.3888008986421099,-0.10052917088631763,1,1
1786,-1.8562442366471437,1.3512834333177146,2.297857021498665,1.1716655734159698,0.5466309751060695,-0.3888008986421099,-0.10052917088631763,0,1
1622,1.2724507288314741,1.2946814681604086,0.8418252643147895,0.7341169971109426,1.4769973601525006,-0.3888008986421099,-0.10052917088631763,0,1
536,-0.7879093703861523,-0.912795172974523,-1.342222371461024,-0.8829103501032884,-0.3837354099403615,-0.3888008986421099,-0.10052917088631763,0,1
4207,0.8527477456575133,0.2758460953289018,-0.614206492869086,-0.597552582947836,-1.3141017949867926,-0.3888008986421099,-0.10052917088631763,0,0
4900,1.3106055454836525,1.1248755726884911,-0.614206492869086,0.7911885505420331,-1.3141017949867926,-0.3888008986421099,-0.10052917088631763,2,0
2857,0.9290573789618695,0.1060401998569838,-0.614206492869086,0.5629023368176711,-0.3837354099403615,-0.3888008986421099,-0.10052917088631763,1,0
3779,0.8527477456575133,0.3324480604862078,-0.614206492869086,-0.5214571783730486,-0.3837354099403615,-0.3888008986421099,-0.10052917088631763,0,0
1977,-0.7879093703861523,-1.422212859390277,-1.342222371461024,-0.825838796672198,-0.3837354099403615,2.572010516160091,-0.10052917088631763,0,1
4051,1.3869151787880087,1.0682736075311852,-0.614206492869086,0.9053316574042141,-0.3837354099403615,2.572010516160091,-0.10052917088631763,1,0
2029,0.1278062292661261,1.4644873636323266,-0.614206492869086,1.2287371268470604,-0.3837354099403615,-0.3888008986421099,-0.10052917088631763,1,0
2989,1.5776892620489003,0.2192441301715958,0.11380938572285176,0.030234504794159643,-1.3141017949867926,-0.3888008986421099,-0.10052917088631763,0,0
2763,1.2724507288314741,0.7286618165873492,-0.614206492869086,0.8672839551168204,-0.3837354099403615,-0.3888008986421099,-0.10052917088631763,0,0
2014,0.5856640290922652,-0.5731833820306875,-0.614206492869086,0.29656842080591533,-0.3837354099403615,-0.3888008986421099,-0.10052917088631763,0,0
2902,-0.29189675390783476,-0.12036766077224019,-0.614206492869086,1.3619040848529382,-0.3837354099403615,-0.3888008986421099,-0.10052917088631763,1,0
4686,-1.322076803516648,-0.34677552140146356,0.11380938572285176,0.18242531394373432,0.5466309751060695,2.572010516160091,-0.10052917088631763,1,0
96,-0.7879093703861523,-1.1958049987610528,-1.342222371461024,-0.9019342012469853,-0.3837354099403615,-0.3888008986421099,-0.10052917088631763,1,1
4663,0.3185803125270176,-0.8561932078172175,-0.614206492869086,-0.6356002852352296,0.5466309751060695,2.572010516160091,-0.10052917088631763,0,0
4949,0.0514965959617695,0.2758460953289018,-0.614206492869086,-0.6356002852352296,-0.3837354099403615,-0.3888008986421099,-0.10052917088631763,1,0
1213,0.6619736623966218,0.6154578862727372,0.8418252643147895,1.133617871128576,1.4769973601525006,-0.3888008986421099,-0.10052917088631763,1,1
4210,1.4632248120923652,-1.252406963918359,-0.614206492869086,-0.8448626478158948,-1.3141017949867926,2.572010516160091,-0.10052917088631763,0,0
1483,-1.8562442366471437,0.2758460953289018,1.5698411429067274,2.0467627260260244,0.5466309751060695,-0.3888008986421099,-0.10052917088631763,1,1
1325,0.7001284790488002,0.5588559211154311,0.11380938572285176,0.9814270619790014,1.4769973601525006,2.572010516160091,-0.10052917088631763,0,1
1975,-0.8260641870383305,-1.365610894232971,-1.342222371461024,-0.9590057546780758,-0.3837354099403615,-0.3888008986421099,-0.10052917088631763,0,1
3376,1.2724507288314741,0.7286618165873492,-0.614206492869086,0.7911885505420331,-0.3837354099403615,2.572010516160091,-0.10052917088631763,0,0
3320,0.0514965959617695,-0.007163730457628193,-0.614206492869086,-0.2741471135049897,-0.3837354099403615,2.572010516160091,-0.10052917088631763,1,0
1637,-0.8260641870383305,-1.309008929075665,-1.342222371461024,-1.3204589264083157,-0.3837354099403615,-0.3888008986421099,-0.10052917088631763,0,1
215,-0.6734449204296173,-1.0826010684464409,-1.342222371461024,-0.9780296058217727,-0.3837354099403615,-0.3888008986421099,-0.10052917088631763,1,1
2056,-0.13927748729912157,-0.12036766077224019,0.8418252643147895,0.6960692948235488,1.4769973601525006,-0.3888008986421099,-0.10052917088631763,0,0
102,-0.8260641870383305,-1.1392030336037469,-1.342222371461024,-1.05412501039656,-0.3837354099403615,-0.3888008986421099,-0.10052917088631763,0,1
735,-1.7799346033427872,1.1248755726884911,2.297857021498665,1.0004509131226982,0.5466309751060695,-0.3888008986421099,-0.10052917088631763,0,1
742,-0.29189675390783476,-1.025999103289135,0.8418252643147895,-0.9399819035343789,0.5466309751060695,-0.3888008986421099,-0.10052917088631763,1,1
1121,-1.7799346033427872,1.0682736075311852,1.5698411429067274,1.4379994894277255,0.5466309751060695,-0.3888008986421099,-0.10052917088631763,0,1
273,0.8909025623096917,1.1814775378457971,0.8418252643147895,1.2858086802781508,1.4769973601525006,-0.3888008986421099,-0.10052917088631763,0,1
3394,0.5093543957879086,-1.0826010684464409,-0.614206492869086,-0.3121948157923834,-1.3141017949867926,-0.3888008986421099,-0.10052917088631763,1,0
340,-1.8180894199949655,1.0682736075311852,1.5698411429067274,0.8292362528294267,0.5466309751060695,-0.3888008986421099,-0.10052917088631763,0,1
3194,-0.33005157056001305,-0.7995912426599115,0.8418252643147895,-0.3121948157923834,-1.3141017949867926,-0.3888008986421099,-0.10052917088631763,2,0
3937,0.6238188457444436,-0.6863873123452996,-0.614206492869086,-0.9399819035343789,-1.3141017949867926,-0.3888008986421099,-0.10052917088631763,1,0
4056,0.8527477456575133,-0.34677552140146356,0.11380938572285176,-0.40731407151086757,-0.3837354099403615,2.572010516160091,-0.10052917088631763,1,0
1274,1.119831462222761,1.2946814681604086,0.8418252643147895,0.46778308109918687,1.4769973601525006,-0.3888008986421099,-0.10052917088631763,0,1
3327,1.3869151787880087,1.4078853984750206,0.8418252643147895,-0.1029324532117182,1.4769973601525006,2.572010516160091,-0.10052917088631763,1,0
4269,1.4632248120923652,1.0116716423738792,-0.614206492869086,-0.7877910943848043,-0.3837354099403615,-0.3888008986421099,-0.10052917088631763,0,0
4466,1.2342959121792958,-0.5731833820306875,-0.614206492869086,0.9814270619790014,-0.3837354099403615,-0.3888008986421099,-0.10052917088631763,0,0
2382,-1.627315336734074,-1.0826010684464409,0.11380938572285176,0.04925835593785648,1.4769973601525006,2.572010516160091,-0.10052917088631763,1,0
885,-0.7497545537339739,-1.252406963918359,-1.342222371461024,-0.9399819035343789,-0.3837354099403615,-0.3888008986421099,-0.10052917088631763,0,1
4104,-1.0168382702992218,-1.025999103289135,0.8418252643147895,1.0765463176974857,1.4769973601525006,2.572010516160091,-0.10052917088631763,0,0
3608,0.242270679222661,-0.34677552140146356,-0.614206492869086,-0.2741471135049897,0.5466309751060695,-0.3888008986421099,-0.10052917088631763,0,0
4792,0.3185803125270176,1.2946814681604086,0.11380938572285176,-0.3692663692234739,-0.3837354099403615,-0.3888008986421099,-0.10052917088631763,1,0
3591,0.242270679222661,-0.0637656956149342,0.8418252643147895,0.18242531394373432,-1.3141017949867926,-0.3888008986421099,-0.10052917088631763,1,0
394,-1.7799346033427872,1.1814775378457971,1.5698411429067274,1.5140948940025127,0.5466309751060695,-0.3888008986421099,-0.10052917088631763,1,1
571,-0.5208256538209044,-1.1392030336037469,-1.342222371461024,-1.2443635218335283,-0.3837354099403615,-0.3888008986421099,-0.10052917088631763,0,1
4079,1.6158440787010784,0.7286618165873492,-0.614206492869086,-0.00781319749323403,-1.3141017949867926,-0.3888008986421099,-0.10052917088631763,0,0
73,-0.48267083716872605,-1.309008929075665,-1.342222371461024,-1.0160773081091663,-0.3837354099403615,-0.3888008986421099,-0.10052917088631763,2,1
3494,0.2041158625704827,0.4456519908008198,-0.614206492869086,0.7721646993983362,-0.3837354099403615,-0.3888008986421099,-0.10052917088631763,0,0
2448,-0.36820638721219134,1.0116716423738792,0.11380938572285176,-0.026837048636930864,0.5466309751060695,-0.3888008986421099,-0.10052917088631763,0,0
2140,0.5093543957879086,0.2192441301715958,0.8418252643147895,-0.5785287318041391,-1.3141017949867926,2.572010516160091,-0.10052917088631763,2,0
4038,1.0816766455705826,-0.45997945171607557,0.8418252643147895,-0.2741471135049897,-0.3837354099403615,-0.3888008986421099,-0.10052917088631763,0,0
4173,1.3869151787880087,0.6720598514300432,-0.614206492869086,0.14437761165634067,-1.3141017949867926,-0.3888008986421099,-0.10052917088631763,1,0
2702,0.0514965959617695,0.1626421650142898,-0.614206492869086,-1.8341029072881303,-1.3141017949867926,-0.3888008986421099,-0.10052917088631763,1,0
2562,0.7764381123531567,0.6720598514300432,-0.614206492869086,1.266784829134454,-1.3141017949867926,-0.3888008986421099,-0.10052917088631763,0,0
2431,1.3487603621358308,-1.0826010684464409,-0.614206492869086,-0.045860899780627705,-0.3837354099403615,2.572010516160091,-0.10052917088631763,1,0
3035,0.0896514126139478,1.2380795030031027,0.11380938572285176,-0.8068149455285011,-1.3141017949867926,-0.3888008986421099,-0.10052917088631763,0,0
4930,-0.10112267064694327,0.5588559211154311,0.11380938572285176,-1.3014350752646189,2.4073637451989316,-0.3888008986421099,-0.10052917088631763,0,0
3094,0.8909025623096917,0.3890500256435138,0.8418252643147895,-1.282411224120922,-0.3837354099403615,-0.3888008986421099,-0.10052917088631763,1,0
3433,-0.40636120386436964,-0.6863873123452996,0.11380938572285176,1.152641722272273,1.4769973601525006,-0.3888008986421099,-0.10052917088631763,1,0
2344,0.9290573789618695,1.4078853984750206,-0.614206492869086,-1.6628882469948587,-1.3141017949867926,2.572010516160091,-0.10052917088631763,1,0
3179,0.2041158625704827,0.6154578862727372,0.11380938572285176,-1.0921727126839538,0.5466309751060695,-0.3888008986421099,-0.10052917088631763,0,0
4423,0.8527477456575133,0.3890500256435138,0.8418252643147895,0.7150931459672457,0.5466309751060695,-0.3888008986421099,-0.10052917088631763,0,0
1138,1.119831462222761,0.8984677120592672,0.8418252643147895,1.133617871128576,2.4073637451989316,-0.3888008986421099,-0.10052917088631763,1,1
3081,0.7001284790488002,-1.1958049987610528,0.11380938572285176,0.7531408482546395,-0.3837354099403615,-0.3888008986421099,-0.10052917088631763,0,0
4189,1.4632248120923652,-0.12036766077224019,0.8418252643147895,-0.3502425180797771,-1.3141017949867926,2.572010516160091,-0.10052917088631763,0,0
2239,0.47119957913573035,-0.6297853471879936,0.11380938572285176,-0.7497433920974106,0.5466309751060695,2.572010516160091,-0.10052917088631763,1,0
775,-0.7497545537339739,-1.252406963918359,-1.342222371461024,-0.9590057546780758,-0.3837354099403615,-0.3888008986421099,-0.10052917088631763,2,1
1344,-0.5208256538209044,-1.025999103289135,-1.342222371461024,-0.9970534569654695,-0.3837354099403615,-0.3888008986421099,-0.10052917088631763,1,1
1891,1.0435218289184045,0.8418657469019611,0.8418252643147895,0.8102124016857299,1.4769973601525006,-0.3888008986421099,-0.10052917088631763,1,1
4399,-0.5208256538209044,-1.5354167897048887,-0.614206492869086,-1.3204589264083157,-1.3141017949867926,2.572010516160091,-0.10052917088631763,0,0
1012,-0.5589804704730826,-1.422212859390277,-1.342222371461024,-1.0160773081091663,-0.3837354099403615,-0.3888008986421099,-0.10052917088631763,0,1
1180,-0.48267083716872605,-1.4788148245475827,-1.342222371461024,-1.073148861540257,-0.3837354099403615,-0.3888008986421099,-0.10052917088631763,1,1
1917,-0.5208256538209044,-1.1392030336037469,-1.342222371461024,-1.0160773081091663,-0.3837354099403615,-0.3888008986421099,-0.10052917088631763,1,1
3065,1.4250699954401869,-0.34677552140146356,0.11380938572285176,-0.6546241363789265,-1.3141017949867926,-0.3888008986421099,-0.10052917088631763,0,0
3424,0.2804254958748393,-0.17696962592954618,1.5698411429067274,-1.3585066286957095,1.4769973601525006,-0.3888008986421099,-0.10052917088631763,0,0
1887,-1.7799346033427872,0.7852637817446552,1.5698411429067274,1.5901902985773002,0.5466309751060695,-0.3888008986421099,-0.10052917088631763,1,1
1827,-1.8180894199949655,0.7852637817446552,1.5698411429067274,0.8482601039731236,0.5466309751060695,-0.3888008986421099,-0.10052917088631763,0,1
1882,-0.6734449204296173,-1.365610894232971,-1.342222371461024,-1.1492442661150442,-0.3837354099403615,-0.3888008986421099,-0.10052917088631763,1,1
2947,-0.25374193725565647,0.3890500256435138,0.8418252643147895,1.2287371268470604,-0.3837354099403615,-0.3888008986421099,-0.10052917088631763,0,0
4915,0.6238188457444436,-1.0826010684464409,0.8418252643147895,-1.168268117258741,-1.3141017949867926,-0.3888008986421099,-0.10052917088631763,1,0
2527,0.1659610459183044,-1.309008929075665,0.11380938572285176,0.29656842080591533,0.5466309751060695,-0.3888008986421099,-0.10052917088631763,0,0
242,-0.7879093703861523,-1.4788148245475827,-1.342222371461024,-0.8829103501032884,-0.3837354099403615,-0.3888008986421099,-0.10052917088631763,1,1
4562,1.5776892620489003,-0.7995912426599115,0.11380938572285176,-1.2253396706898316,-0.3837354099403615,-0.3888008986421099,-0.10052917088631763,1,0
799,-1.7799346033427872,1.1814775378457971,1.5698411429067274,0.9624032108353046,0.5466309751060695,2.572010516160091,-0.10052917088631763,1,1
1072,1.2342959121792958,1.2946814681604086,0.8418252643147895,1.3809279359966349,-0.3837354099403615,-0.3888008986421099,-0.10052917088631763,1,1
2351,0.9672121956140478,-1.1392030336037469,-0.614206492869086,-0.6736479875226233,-1.3141017949867926,2.572010516160091,-0.10052917088631763,1,0
2665,1.0435218289184045,1.0116716423738792,0.8418252643147895,-0.00781319749323403,-0.3837354099403615,-0.3888008986421099,-0.10052917088631763,1,0
1707,-0.6352901037774392,-1.025999103289135,-1.342222371461024,-1.3204589264083157,-0.3837354099403615,-0.3888008986421099,-0.10052917088631763,0,1
1781,0.7001284790488002,0.6720598514300432,0.8418252643147895,0.46778308109918687,1.4769973601525006,2.572010516160091,-0.10052917088631763,0,1
3979,0.7764381123531567,1.2946814681604086,0.11380938572285176,-0.3502425180797771,-0.3837354099403615,-0.3888008986421099,-0.10052917088631763,1,0
2111,1.3487603621358308,0.1626421650142898,0.8418252643147895,-1.1302204149713473,-0.3837354099403615,-0.3888008986421099,-0.10052917088631763,1,0
2905,0.43304476248355206,-1.0826010684464409,-0.614206492869086,-1.1492442661150442,-0.3837354099403615,-0.3888008986421099,-0.10052917088631763,1,0
1375,0.7764381123531567,0.5022539559581258,0.11380938572285176,0.9624032108353046,1.4769973601525006,-0.3888008986421099,-0.10052917088631763,1,1
2206,0.47119957913573035,-0.17696962592954618,-0.614206492869086,-1.9101983118629176,0.5466309751060695,2.572010516160091,-0.10052917088631763,0,0
783,0.547509212440087,1.5776912939469385,0.11380938572285176,0.8102124016857299,1.4769973601525006,-0.3888008986421099,-0.10052917088631763,1,1
2844,-0.29189675390783476,1.2946814681604086,0.8418252643147895,-1.2443635218335283,-0.3837354099403615,-0.3888008986421099,-0.10052917088631763,0,0
2328,-0.7497545537339739,-0.45997945171607557,-0.614206492869086,-1.7389836515696462,-0.3837354099403615,-0.3888008986421099,-0.10052917088631763,0,0
1681,-1.8562442366471437,1.3512834333177146,2.297857021498665,1.3619040848529382,1.4769973601525006,-0.3888008986421099,-0.10052917088631763,1,1
4647,0.8527477456575133,1.2380795030031027,0.11380938572285176,-1.168268117258741,-0.3837354099403615,2.572010516160091,-0.10052917088631763,0,0
887,-0.6352901037774392,-1.1958049987610528,-1.342222371461024,-1.4346020332704967,-0.3837354099403615,-0.3888008986421099,-0.10052917088631763,0,1
4901,0.9672121956140478,0.8418657469019611,0.8418252643147895,0.5819261879613679,-0.3837354099403615,-0.3888008986421099,-0.10052917088631763,1,0
4500,1.3869151787880087,0.4456519908008198,0.8418252643147895,-1.7389836515696462,0.5466309751060695,-0.3888008986421099,9.94736145920113,0,0
257,-1.7799346033427872,0.5022539559581258,1.5698411429067274,1.2097132757033635,0.5466309751060695,2.572010516160091,-0.10052917088631763,0,1
3945,0.7764381123531567,1.0682736075311852,0.8418252643147895,-0.9970534569654695,0.5466309751060695,-0.3888008986421099,-0.10052917088631763,1,0
4005,-0.29189675390783476,-0.0637656956149342,0.8418252643147895,0.14437761165634067,1.4769973601525006,-0.3888008986421099,-0.10052917088631763,0,0
3386,0.8145929290053351,-0.9693971381318289,-0.614206492869086,-1.05412501039656,-0.3837354099403615,-0.3888008986421099,-0.10052917088631763,0,0
855,0.8145929290053351,1.0116716423738792,0.8418252643147895,1.152641722272273,1.4769973601525006,-0.3888008986421099,-0.10052917088631763,0,1
4770,-1.7036249700384305,1.2946814681604086,0.8418252643147895,-1.0160773081091663,-1.3141017949867926,-0.3888008986421099,-0.10052917088631763,1,0
748,-0.5589804704730826,-1.1958049987610528,-1.342222371461024,-1.3775304798394061,-0.3837354099403615,-0.3888008986421099,-0.10052917088631763,1,1
353,1.2724507288314741,1.0682736075311852,0.11380938572285176,1.133617871128576,2.4073637451989316,-0.3888008986421099,-0.10052917088631763,1,1
2408,0.43304476248355206,-0.5165814168733815,0.11380938572285176,0.2775445696622185,-0.3837354099403615,-0.3888008986421099,-0.10052917088631763,0,0
955,-0.6734449204296173,-1.4788148245475827,-1.342222371461024,-1.3585066286957095,-0.3837354099403615,-0.3888008986421099,-0.10052917088631763,1,1
1030,-1.8180894199949655,0.5588559211154311,1.5698411429067274,1.3238563825655445,0.5466309751060695,-0.3888008986421099,-0.10052917088631763,1,1
515,0.9672121956140478,1.3512834333177146,0.8418252643147895,1.3809279359966349,1.4769973601525006,-0.3888008986421099,-0.10052917088631763,1,1
97,-1.8180894199949655,0.2758460953289018,1.5698411429067274,1.1906894245596666,0.5466309751060695,-0.3888008986421099,-0.10052917088631763,1,1
4188,-1.2839219868644698,0.1060401998569838,0.8418252643147895,1.5140948940025127,-0.3837354099403615,-0.3888008986421099,-0.10052917088631763,0,0
4324,-1.7036249700384305,0.2192441301715958,0.8418252643147895,0.2775445696622185,-0.3837354099403615,-0.3888008986421099,-0.10052917088631763,1,0
1296,-0.7497545537339739,-1.252406963918359,-1.342222371461024,-1.2063158195461348,-0.3837354099403615,-0.3888008986421099,-0.10052917088631763,1,1
4979,1.5013796287445436,0.1626421650142898,0.8418252643147895,1.2858086802781508,-0.3837354099403615,2.572010516160091,-0.10052917088631763,0,0
647,-0.25374193725565647,0.6154578862727372,0.8418252643147895,0.8863078062605173,0.5466309751060695,-0.3888008986421099,-0.10052917088631763,0,1
952,-0.8260641870383305,-1.1392030336037469,-1.342222371461024,-0.8638864989595917,-0.3837354099403615,-0.3888008986421099,-0.10052917088631763,1,1
3551,1.0435218289184045,0.3324480604862078,0.8418252643147895,1.152641722272273,-1.3141017949867926,2.572010516160091,-0.10052917088631763,1,0
4967,0.6238188457444436,-0.7995912426599115,0.11380938572285176,0.5819261879613679,0.5466309751060695,-0.3888008986421099,-0.10052917088631763,0,0
1910,-1.6654701533862522,0.1626421650142898,0.11380938572285176,1.4189756382840286,1.4769973601525006,2.572010516160091,-0.10052917088631763,0,1
1374,-0.7879093703861523,-1.0826010684464409,-1.342222371461024,-1.05412501039656,-0.3837354099403615,-0.3888008986421099,-0.10052917088631763,1,1
2814,1.2342959121792958,1.4644873636323266,0.11380938572285176,1.038498615410092,-0.3837354099403615,-0.3888008986421099,-0.10052917088631763,1,0
3457,-1.2839219868644698,0.8418657469019611,0.8418252643147895,1.247760977990757,1.4769973601525006,-0.3888008986421099,-0.10052917088631763,0,0
847,-1.8180894199949655,0.6720598514300432,1.5698411429067274,0.9624032108353046,0.5466309751060695,-0.3888008986421099,-0.10052917088631763,0,1
319,-1.7799346033427872,1.2380795030031027,1.5698411429067274,1.3999517871403317,0.5466309751060695,-0.3888008986421099,-0.10052917088631763,1,1
4846,-0.13927748729912157,-1.1392030336037469,0.8418252643147895,-0.9019342012469853,-0.3837354099403615,-0.3888008986421099,-0.10052917088631763,1,0
3332,1.0053670122662262,1.2380795030031027,0.11380938572285176,1.2858086802781508,-0.3837354099403615,2.572010516160091,-0.10052917088631763,1,0
2998,0.547509212440087,-1.422212859390277,0.8418252643147895,-0.6546241363789265,2.4073637451989316,-0.3888008986421099,-0.10052917088631763,2,0
4220,1.119831462222761,0.5588559211154311,0.11380938572285176,0.9243555085479109,-0.3837354099403615,-0.3888008986421099,-0.10052917088631763,2,0
1044,0.7382832957009784,1.5776912939469385,0.11380938572285176,0.8863078062605173,2.4073637451989316,-0.3888008986421099,-0.10052917088631763,0,1
2645,0.3948899458313742,-1.1958049987610528,-0.614206492869086,1.0765463176974857,-0.3837354099403615,-0.3888008986421099,-0.10052917088631763,0,0
2441,0.8527477456575133,0.1626421650142898,-0.614206492869086,-0.40731407151086757,-0.3837354099403615,-0.3888008986421099,-0.10052917088631763,0,0
769,-1.8180894199949655,0.6720598514300432,1.5698411429067274,1.723357256583178,1.4769973601525006,-0.3888008986421099,-0.10052917088631763,0,1
4247,0.6238188457444436,1.1248755726884911,0.8418252643147895,1.0004509131226982,-0.3837354099403615,-0.3888008986421099,-0.10052917088631763,1,0
566,0.8145929290053351,-0.7995912426599115,-0.614206492869086,1.742381107726875,0.5466309751060695,-0.3888008986421099,-0.10052917088631763,1,1
3744,0.43304476248355206,1.2380795030031027,0.11380938572285176,0.6199738902487616,-0.3837354099403615,-0.3888008986421099,-0.10052917088631763,0,0
62,-1.7799346033427872,1.1814775378457971,2.297857021498665,2.0087150237386306,0.5466309751060695,-0.3888008986421099,-0.10052917088631763,0,1
41,1.119831462222761,0.8984677120592672,0.8418252643147895,1.266784829134454,1.4769973601525006,-0.3888008986421099,-0.10052917088631763,1,1
3508,0.8145929290053351,-0.2901735562441576,-0.614206492869086,1.1716655734159698,-1.3141017949867926,-0.3888008986421099,-0.10052917088631763,0,0
637,-0.5208256538209044,-1.0826010684464409,-1.342222371461024,-1.187291968402438,-0.3837354099403615,-0.3888008986421099,-0.10052917088631763,1,1
3903,-1.4365412534731827,-1.309008929075665,0.8418252643147895,-0.06488475092432454,1.4769973601525006,-0.3888008986421099,-0.10052917088631763,1,0
4497,1.0816766455705826,0.8984677120592672,0.11380938572285176,0.334616123093309,-1.3141017949867926,-0.3888008986421099,-0.10052917088631763,1,0
3877,-0.13927748729912157,-1.0826010684464409,0.11380938572285176,-0.3692663692234739,-0.3837354099403615,-0.3888008986421099,-0.10052917088631763,1,0
3533,0.0133417793095912,-0.6297853471879936,0.11380938572285176,0.14437761165634067,-0.3837354099403615,-0.3888008986421099,-0.10052917088631763,0,0
563,-0.6734449204296173,-0.8561932078172175,-1.342222371461024,-0.8068149455285011,-0.3837354099403615,-0.3888008986421099,-0.10052917088631763,1,1
2279,0.7764381123531567,1.5210893287896325,-0.614206492869086,-0.9780296058217727,-0.3837354099403615,2.572010516160091,-0.10052917088631763,1,0
1934,-0.5589804704730826,-1.4788148245475827,-1.342222371461024,-0.8638864989595917,-0.3837354099403615,-0.3888008986421099,-0.10052917088631763,0,1
3768,1.3106055454836525,0.7286618165873492,-0.614206492869086,-0.9019342012469853,-1.3141017949867926,-0.3888008986421099,-0.10052917088631763,0,0
1634,-0.8260641870383305,-1.4788148245475827,-1.342222371461024,-1.3775304798394061,-0.3837354099403615,-0.3888008986421099,-0.10052917088631763,1,1
3534,0.3185803125270176,-1.365610894232971,0.11380938572285176,0.5058307833865805,0.5466309751060695,-0.3888008986421099,-0.10052917088631763,0,0
3388,1.1961410955271177,-0.12036766077224019,0.11380938572285176,0.6199738902487616,-1.3141017949867926,2.572010516160091,-0.10052917088631763,2,0
4125,0.1278062292661261,1.4078853984750206,-0.614206492869086,-0.06488475092432454,-0.3837354099403615,2.572010516160091,-0.10052917088631763,2,0
993,-0.48267083716872605,-0.8561932078172175,-1.342222371461024,-0.9780296058217727,-0.3837354099403615,-0.3888008986421099,-0.10052917088631763,1,1
1868,-0.5208256538209044,-1.365610894232971,-1.342222371461024,-0.8448626478158948,-0.3837354099403615,-0.3888008986421099,-0.10052917088631763,1,1
2094,0.0133417793095912,1.0116716423738792,-0.614206492869086,0.18242531394373432,-0.3837354099403615,-0.3888008986421099,-0.10052917088631763,0,0
2588,-0.17743230395129986,-0.4033774865587696,-1.342222371461024,-0.2551232623612929,-1.3141017949867926,2.572010516160091,-0.10052917088631763,1,0
4851,0.2804254958748393,1.4078853984750206,0.11380938572285176,-1.0921727126839538,-1.3141017949867926,-0.3888008986421099,-0.10052917088631763,0,0
2948,0.8527477456575133,-0.7995912426599115,0.11380938572285176,-0.5785287318041391,-0.3837354099403615,-0.3888008986421099,-0.10052917088631763,0,0
1352,-1.7799346033427872,0.2758460953289018,1.5698411429067274,1.3619040848529382,0.5466309751060695,-0.3888008986421099,-0.10052917088631763,0,1
155,-0.7115997370817956,-1.365610894232971,-1.342222371461024,-0.8068149455285011,-0.3837354099403615,-0.3888008986421099,-0.10052917088631763,1,1
2825,-1.4365412534731827,0.9550696772165732,1.5698411429067274,0.7911885505420331,-0.3837354099403615,-0.3888008986421099,-0.10052917088631763,1,0
4391,1.3487603621358308,0.2192441301715958,0.11380938572285176,0.08730605822525014,-1.3141017949867926,-0.3888008986421099,-0.10052917088631763,0,0
4454,-0.6352901037774392,0.7852637817446552,1.5698411429067274,0.23949686737482484,1.4769973601525006,-0.3888008986421099,-0.10052917088631763,1,0
1104,-0.7497545537339739,-1.1392030336037469,-1.342222371461024,-0.8829103501032884,-0.3837354099403615,-0.3888008986421099,-0.10052917088631763,1,1
4509,1.119831462222761,-0.912795172974523,0.11380938572285176,-1.5487451401326777,-1.3141017949867926,-0.3888008986421099,9.94736145920113,0,0
4331,0.35673512917919586,-0.6863873123452996,0.11380938572285176,0.14437761165634067,-0.3837354099403615,-0.3888008986421099,-0.10052917088631763,1,0
1536,-0.7115997370817956,-1.1392030336037469,-1.342222371461024,-1.0351011592528632,-0.3837354099403615,2.572010516160091,-0.10052917088631763,1,1
1893,-0.5208256538209044,-1.1392030336037469,-1.342222371461024,-1.168268117258741,-0.3837354099403615,-0.3888008986421099,-0.10052917088631763,1,1
3107,-0.48267083716872605,-1.8750285806487244,-1.342222371461024,-0.6736479875226233,-0.3837354099403615,-0.3888008986421099,-0.10052917088631763,0,0
1126,-0.7115997370817956,-0.8561932078172175,-1.342222371461024,-0.8448626478158948,-0.3837354099403615,-0.3888008986421099,-0.10052917088631763,2,1
1168,-0.5589804704730826,-1.252406963918359,-1.342222371461024,-1.4346020332704967,-0.3837354099403615,2.572010516160091,-0.10052917088631763,0,1
29,-0.6352901037774392,-1.4788148245475827,-1.342222371461024,-1.4155781821267999,-0.3837354099403615,-0.3888008986421099,-0.10052917088631763,1,1
975,-1.8180894199949655,0.5022539559581258,1.5698411429067274,1.9326196191638432,0.5466309751060695,-0.3888008986421099,-0.10052917088631763,0,1
2953,1.4632248120923652,-0.5731833820306875,0.11380938572285176,0.2775445696622185,-1.3141017949867926,-0.3888008986421099,-0.10052917088631763,0,0
37,-0.7497545537339739,-1.4788148245475827,-1.342222371461024,-1.2443635218335283,-0.3837354099403615,-0.3888008986421099,-0.10052917088631763,1,1
317,-0.5589804704730826,-1.422212859390277,-1.342222371461024,-1.282411224120922,-0.3837354099403615,-0.3888008986421099,-0.10052917088631763,1,1
2898,1.5013796287445436,-0.7995912426599115,0.8418252643147895,-0.8829103501032884,-1.3141017949867926,2.572010516160091,-0.10052917088631763,1,0
3,-1.7799346033427872,0.8984677120592672,2.297857021498665,1.3238563825655445,0.5466309751060695,-0.3888008986421099,-0.10052917088631763,0,1
2727,-1.5891605200818957,-0.0637656956149342,1.5698411429067274,0.46778308109918687,1.4769973601525006,-0.3888008986421099,-0.10052917088631763,0,0
1919,-0.7115997370817956,-1.0826010684464409,-1.342222371461024,-1.073148861540257,-0.3837354099403615,-0.3888008986421099,-0.10052917088631763,1,1
3310,-0.6352901037774392,0.8418657469019611,1.5698411429067274,1.133617871128576,2.4073637451989316,-0.3888008986421099,-0.10052917088631763,2,0
2743,-0.9023738203426869,0.8418657469019611,1.5698411429067274,-0.5214571783730486,0.5466309751060695,-0.3888008986421099,-0.10052917088631763,1,0
2385,-0.29189675390783476,0.5022539559581258,-0.614206492869086,-1.0351011592528632,-1.3141017949867926,-0.3888008986421099,-0.10052917088631763,1,0
2876,0.43304476248355206,0.5588559211154311,0.11380938572285176,0.10632990936894698,-1.3141017949867926,-0.3888008986421099,-0.10052917088631763,0,0
3804,0.43304476248355206,1.1814775378457971,-0.614206492869086,0.5819261879613679,-0.3837354099403615,-0.3888008986421099,-0.10052917088631763,0,0
1309,-1.8562442366471437,1.2380795030031027,1.5698411429067274,1.2097132757033635,0.5466309751060695,-0.3888008986421099,-0.10052917088631763,0,1
3560,-1.627315336734074,-1.1392030336037469,0.11380938572285176,1.1906894245596666,2.4073637451989316,-0.3888008986421099,-0.10052917088631763,1,0
55,-1.8180894199949655,1.1248755726884911,2.297857021498665,1.9896911725949338,0.5466309751060695,-0.3888008986421099,-0.10052917088631763,1,1
1128,-1.8180894199949655,0.7286618165873492,2.297857021498665,1.1145940199848794,0.5466309751060695,-0.3888008986421099,-0.10052917088631763,0,1
4081,-0.25374193725565647,-0.9693971381318289,0.11380938572285176,1.2287371268470604,-0.3837354099403615,-0.3888008986421099,-0.10052917088631763,0,0
3558,0.9290573789618695,-0.0637656956149342,0.11380938572285176,-0.7307195409537138,0.5466309751060695,-0.3888008986421099,-0.10052917088631763,1,0
4047,0.5093543957879086,1.3512834333177146,0.11380938572285176,-1.1111965638276504,0.5466309751060695,-0.3888008986421099,-0.10052917088631763,0,0
4180,1.4250699954401869,-0.7995912426599115,-0.614206492869086,-0.7497433920974106,-0.3837354099403615,-0.3888008986421099,-0.10052917088631763,0,0
2750,1.2724507288314741,-0.7429892775026056,0.8418252643147895,-0.7687672432411075,-1.3141017949867926,-0.3888008986421099,-0.10052917088631763,1,0
150,-0.7115997370817956,-1.252406963918359,-1.342222371461024,-1.05412501039656,-0.3837354099403615,-0.3888008986421099,-0.10052917088631763,1,1
3678,0.9672121956140478,1.2380795030031027,0.8418252643147895,-0.8829103501032884,-0.3837354099403615,2.572010516160091,-0.10052917088631763,1,0
4654,1.1961410955271177,0.9550696772165732,-0.614206492869086,-1.2253396706898316,-1.3141017949867926,-0.3888008986421099,-0.10052917088631763,0,0
3742,0.3185803125270176,-1.8184266154914184,-1.342222371461024,-0.9019342012469853,1.4769973601525006,2.572010516160091,-0.10052917088631763,0,0
754,-0.5589804704730826,-1.1392030336037469,-1.342222371461024,-0.9970534569654695,-0.3837354099403615,-0.3888008986421099,-0.10052917088631763,1,1
328,1.1579862788749393,1.5210893287896325,0.8418252643147895,1.133617871128576,2.4073637451989316,-0.3888008986421099,-0.10052917088631763,1,1
4954,1.3106055454836525,-1.0826010684464409,-0.614206492869086,0.6770454436798521,-1.3141017949867926,-0.3888008986421099,-0.10052917088631763,1,0
3097,0.5093543957879086,-0.34677552140146356,-0.614206492869086,0.6770454436798521,-1.3141017949867926,-0.3888008986421099,-0.10052917088631763,1,0
2794,1.4632248120923652,-1.7052226851768066,1.5698411429067274,-1.9292221630066144,0.5466309751060695,-0.3888008986421099,-0.10052917088631763,0,0
3281,1.0053670122662262,-1.1958049987610528,0.11380938572285176,1.0765463176974857,-0.3837354099403615,-0.3888008986421099,-0.10052917088631763,0,0
4855,0.8145929290053351,-0.17696962592954618,0.11380938572285176,0.12535376051264382,-1.3141017949867926,-0.3888008986421099,-0.10052917088631763,0,0
4664,0.2041158625704827,-0.912795172974523,0.8418252643147895,1.5901902985773002,0.5466309751060695,-0.3888008986421099,-0.10052917088631763,0,0
4123,1.0816766455705826,1.5776912939469385,-0.614206492869086,-0.19805170893020238,-0.3837354099403615,-0.3888008986421099,-0.10052917088631763,2,0
1736,-0.7497545537339739,-1.4788148245475827,-1.342222371461024,-0.8068149455285011,-0.3837354099403615,-0.3888008986421099,-0.10052917088631763,1,1
1898,-1.8180894199949655,1.2380795030031027,2.297857021498665,1.1716655734159698,0.5466309751060695,-0.3888008986421099,-0.10052917088631763,0,1
986,-1.7799346033427872,-0.9693971381318289,-1.342222371461024,-1.2443635218335283,-0.3837354099403615,2.572010516160091,-0.10052917088631763,1,1
