empid,satisfaction_level,last_evaluation,number_project,average_montly_hours,time_spend_company,Work_accident,promotion_last_5years,salary,left
1,0.38,0.53,2,157,3,0,0,low,1
2,0.8,0.86,5,262,6,0,0,medium,1
3,0.11,0.88,7,272,4,0,0,medium,1
4,0.72,0.87,5,223,5,0,0,low,1
5,0.37,0.52,2,159,3,0,0,low,1
7,0.1,0.77,6,247,4,0,0,low,1
8,0.92,0.85,5,259,5,0,0,low,1
9,0.89,1.0,5,224,5,0,0,low,1
10,0.42,0.53,2,142,3,0,0,low,1
11,0.45,0.54,2,135,3,0,0,low,1
12,0.11,0.81,6,305,4,0,0,low,1
13,0.84,0.92,4,234,5,0,0,low,1
14,0.41,0.55,2,148,3,0,0,low,1
15,0.36,0.56,2,137,3,0,0,low,1
17,0.45,0.47,2,160,3,0,0,low,1
18,0.78,0.99,4,255,6,0,0,low,1
19,0.45,0.51,2,160,3,1,1,low,1
20,0.76,0.89,5,262,5,0,0,low,1
21,0.11,0.83,6,282,4,0,0,low,1
22,0.38,0.55,2,147,3,0,0,low,1
23,0.09,0.95,6,304,4,0,0,low,1
24,0.46,0.57,2,139,3,0,0,low,1
25,0.4,0.53,2,158,3,0,0,low,1
26,0.89,0.92,5,242,5,0,0,low,1
27,0.82,0.87,4,239,5,0,0,low,1
28,0.4,0.49,2,135,3,0,0,low,1
29,0.41,0.46,2,128,3,0,0,low,1
30,0.38,0.5,2,132,3,0,0,low,1
31,0.09,0.62,6,294,4,0,0,low,1
32,0.45,0.57,2,134,3,0,0,low,1
33,0.4,0.51,2,145,3,0,0,low,1
34,0.45,0.55,2,140,3,0,0,low,1
35,0.84,0.87,4,246,6,0,0,low,1
36,0.1,0.94,6,255,4,0,0,low,1
37,0.38,0.46,2,137,3,0,0,low,1
38,0.45,0.5,2,126,3,0,0,low,1
39,0.11,0.89,6,306,4,0,0,low,1
40,0.41,0.54,2,152,3,0,0,low,1
41,0.87,0.88,5,269,5,0,0,low,1
42,0.45,0.48,2,158,3,0,0,low,1
43,0.4,0.46,2,127,3,0,0,low,1
44,0.1,0.8,7,281,4,0,0,low,1
45,0.09,0.89,6,276,4,0,0,low,1
46,0.84,0.74,3,182,4,0,0,low,1
47,0.4,0.55,2,147,3,0,0,low,1
48,0.57,0.7,3,273,6,0,0,low,1
49,0.4,0.54,2,148,3,0,0,low,1
50,0.43,0.47,2,147,3,0,0,low,1
51,0.13,0.78,6,152,2,0,0,low,1
52,0.44,0.55,2,135,3,0,0,low,1
53,0.38,0.55,2,134,3,0,0,low,1
54,0.39,0.54,2,132,3,0,0,low,1
55,0.1,0.92,7,307,4,0,0,low,1
56,0.37,0.46,2,140,3,0,0,low,1
57,0.11,0.94,7,255,4,0,0,low,1
58,0.1,0.81,6,309,4,0,0,low,1
59,0.38,0.54,2,128,3,0,0,low,1
60,0.85,1.0,4,225,5,0,0,low,1
61,0.85,0.91,5,226,5,0,0,medium,1
62,0.11,0.93,7,308,4,0,0,medium,1
63,0.1,0.95,6,244,5,0,0,medium,1
64,0.36,0.56,2,132,3,0,0,medium,1
65,0.11,0.94,6,286,4,0,0,medium,1
66,0.81,0.7,6,161,4,0,0,medium,1
67,0.43,0.54,2,153,3,0,0,medium,1
68,0.9,0.98,4,264,6,0,0,medium,1
69,0.76,0.86,5,223,5,1,0,medium,1
70,0.43,0.5,2,135,3,0,0,medium,1
71,0.74,0.99,2,277,3,0,0,medium,1
72,0.09,0.77,5,275,4,0,0,medium,1
73,0.45,0.49,2,149,3,0,0,high,1
74,0.09,0.87,7,295,4,0,0,low,1
75,0.11,0.97,6,277,4,0,0,medium,1
76,0.11,0.79,7,306,4,0,0,medium,1
77,0.1,0.83,6,295,4,0,0,medium,1
78,0.4,0.54,2,137,3,0,0,medium,1
79,0.43,0.56,2,157,3,0,0,low,1
80,0.39,0.56,2,142,3,0,0,low,1
81,0.45,0.54,2,140,3,0,0,low,1
82,0.38,0.49,2,151,3,0,0,low,1
83,0.79,0.59,4,139,3,0,1,low,1
84,0.84,0.85,4,249,6,0,0,low,1
85,0.11,0.77,6,291,4,0,0,low,1
86,0.11,0.87,6,305,4,0,0,low,1
87,0.17,0.84,5,232,3,0,0,low,1
88,0.44,0.45,2,132,3,0,0,low,1
89,0.37,0.57,2,130,3,0,0,low,1
90,0.1,0.79,6,291,4,0,0,low,1
91,0.4,0.5,2,130,3,0,0,low,1
92,0.89,1.0,5,246,5,0,0,low,1
93,0.42,0.48,2,143,3,0,0,low,1
94,0.46,0.55,2,129,3,0,0,low,1
95,0.09,0.83,6,255,4,0,0,low,1
96,0.37,0.51,2,155,3,0,0,low,1
97,0.1,0.77,6,265,4,0,0,low,1
98,0.1,0.84,6,279,4,0,0,low,1
99,0.11,0.97,6,284,4,0,0,low,1
100,0.9,1.0,5,221,6,0,0,medium,1
101,0.38,0.52,2,154,3,0,0,medium,1
102,0.36,0.52,2,147,3,0,0,medium,1
103,0.42,0.46,2,150,3,0,0,medium,1
104,0.09,0.94,7,267,4,0,0,medium,1
105,0.43,0.52,2,158,3,0,0,medium,1
106,0.24,0.46,7,224,5,0,0,medium,1
107,0.91,1.0,4,257,5,0,0,medium,1
108,0.44,0.5,2,148,3,0,0,medium,1
109,0.71,0.87,3,177,4,0,0,medium,1
110,0.4,0.49,2,155,3,0,0,medium,1
111,0.43,0.47,2,144,3,0,0,medium,1
112,0.09,0.85,6,289,4,0,0,high,1
113,0.43,0.52,2,160,3,0,0,low,1
114,0.9,0.96,4,258,5,0,0,medium,1
115,0.84,1.0,5,234,5,0,0,medium,1
116,0.37,0.48,2,137,3,0,0,medium,1
117,0.86,0.68,5,263,2,0,0,medium,1
118,0.11,0.84,6,251,4,0,0,low,1
119,0.37,0.57,2,133,3,0,0,low,1
120,0.4,0.46,2,132,3,0,0,low,1
121,0.14,0.62,4,158,4,1,0,low,1
122,0.4,0.46,2,135,3,0,0,low,1
123,0.75,1.0,4,216,6,0,0,low,1
124,0.11,0.84,6,300,5,1,0,low,1
125,0.46,0.49,2,138,3,0,0,low,1
126,0.11,0.92,6,260,4,0,0,low,1
127,0.38,0.49,2,132,3,0,0,low,1
128,0.7,0.89,3,183,5,0,0,low,1
129,0.09,0.82,6,250,4,0,0,low,1
130,0.37,0.45,2,151,3,0,0,low,1
131,0.1,0.83,6,292,4,0,0,low,1
132,0.38,0.57,2,140,3,0,0,low,1
133,0.9,1.0,5,221,5,0,0,low,1
134,0.44,0.51,2,138,3,0,0,low,1
135,0.36,0.5,2,132,3,0,0,low,1
136,0.31,0.84,7,133,5,0,0,low,1
137,0.1,0.84,6,283,4,1,0,low,1
138,0.42,0.48,2,129,3,0,0,low,1
139,0.74,1.0,4,249,5,0,0,low,1
140,0.73,0.87,5,257,5,0,0,low,1
141,0.09,0.96,6,245,4,0,0,low,1
142,0.45,0.53,2,155,3,0,0,low,1
143,0.11,0.8,6,256,4,0,0,low,1
144,0.37,0.47,2,152,3,0,0,low,1
145,0.84,0.99,4,267,5,0,0,low,1
146,0.41,0.46,2,151,3,0,0,low,1
147,0.76,0.92,4,239,5,0,0,low,1
148,0.11,0.87,6,306,4,0,0,low,1
149,0.84,0.88,4,263,5,1,0,low,1
150,0.39,0.5,2,147,3,0,0,low,1
151,0.11,0.91,6,278,4,0,0,low,1
152,0.45,0.56,2,154,3,0,0,low,1
153,0.37,0.52,2,143,3,0,0,low,1
154,0.4,0.52,2,155,3,0,0,low,1
155,0.39,0.48,2,160,3,0,0,low,1
156,0.11,0.8,6,304,4,0,0,low,1
157,0.83,1.0,5,240,5,0,0,low,1
158,0.11,0.92,6,305,4,0,0,low,1
159,0.39,0.5,2,136,3,0,0,low,1
160,0.45,0.45,2,132,3,0,0,low,1
161,0.1,0.95,7,301,4,0,0,low,1
162,0.9,0.98,5,243,6,0,0,low,1
163,0.45,0.51,2,147,3,0,0,low,1
164,0.79,0.89,5,239,5,0,0,low,1
165,0.9,0.99,5,260,5,0,0,low,1
166,0.11,0.84,7,296,4,0,0,low,1
167,0.43,0.55,2,129,3,0,0,low,1
168,0.31,0.54,5,132,5,0,0,low,1
169,0.32,0.5,2,135,5,0,0,low,1
170,0.45,0.57,2,158,3,0,0,low,1
171,0.81,0.99,4,259,5,0,0,low,1
172,0.41,0.46,2,160,3,0,1,low,1
173,0.11,0.78,7,278,4,0,0,low,1
174,0.1,0.88,6,284,4,0,0,low,1
175,0.7,0.53,2,274,4,0,0,low,1
176,0.54,0.74,4,164,2,0,0,low,1
177,0.41,0.48,2,148,3,0,0,low,1
178,0.38,0.5,2,140,3,0,0,medium,1
179,0.37,0.51,2,127,3,0,0,medium,1
180,0.11,0.85,6,308,5,0,0,medium,1
181,0.4,0.47,2,146,3,0,0,medium,1
182,0.1,0.84,6,261,4,0,0,medium,1
183,0.89,0.99,5,257,5,0,0,medium,1
184,0.11,0.8,6,285,4,0,0,medium,1
185,0.36,0.55,2,141,3,0,0,medium,1
186,0.4,0.46,2,127,3,0,0,medium,1
187,0.09,0.85,6,297,4,0,0,medium,1
188,0.4,0.46,2,143,3,0,0,medium,1
189,0.37,0.55,2,152,3,0,0,medium,1
190,0.44,0.51,2,156,3,0,0,high,1
191,0.09,0.8,7,283,5,0,0,low,1
192,0.92,0.87,4,226,6,1,0,medium,1
193,0.74,0.91,4,232,5,0,0,medium,1
194,0.09,0.82,6,249,4,0,0,medium,1
195,0.89,0.95,4,275,5,0,0,medium,1
196,0.09,0.8,6,304,4,0,0,low,1
197,0.27,0.54,7,278,3,0,0,low,1
198,0.1,0.91,6,287,4,0,0,low,1
199,0.1,0.89,7,285,4,0,0,low,1
200,0.77,0.94,5,226,6,0,0,low,1
201,0.9,0.82,5,259,5,0,0,low,1
202,0.39,0.5,2,135,3,0,0,low,1
203,0.76,1.0,5,219,5,0,0,low,1
204,0.1,0.93,6,256,4,0,0,low,1
205,0.87,0.9,5,254,6,0,0,low,1
206,0.38,0.5,2,153,3,0,0,low,1
207,0.77,0.99,5,228,5,0,0,low,1
208,0.78,0.87,4,228,5,0,0,low,1
209,0.44,0.5,2,128,3,0,0,low,1
210,0.38,0.52,2,153,3,0,0,low,1
211,0.43,0.46,2,156,3,0,0,low,1
212,0.39,0.5,4,294,3,0,0,low,1
213,0.88,1.0,5,219,5,0,0,low,1
214,0.45,0.46,2,153,3,0,0,low,1
215,0.4,0.53,2,151,3,0,0,low,1
216,0.36,0.51,2,155,3,0,0,low,1
217,0.36,0.48,2,158,3,0,0,low,1
218,0.9,0.98,5,245,5,0,0,low,1
219,0.43,0.53,2,131,3,0,0,low,1
220,0.89,0.87,5,225,5,0,0,low,1
221,0.1,0.84,6,286,4,0,0,low,1
222,0.37,0.5,2,135,3,0,0,low,1
223,0.37,0.51,2,153,3,0,0,low,1
224,0.87,0.9,5,252,5,0,0,low,1
225,0.4,0.56,2,149,3,0,0,low,1
226,0.9,0.97,4,258,5,0,0,low,1
227,0.37,0.46,2,158,3,0,0,low,1
228,0.44,0.54,2,149,3,0,0,low,1
229,0.85,0.95,5,236,5,0,0,low,1
230,0.78,0.98,5,239,6,0,0,low,1
231,0.42,0.47,2,159,3,0,0,low,1
232,0.92,0.99,5,255,6,0,0,low,1
233,0.11,0.83,6,244,4,0,0,low,1
234,0.42,0.56,2,134,3,0,0,low,1
235,0.48,0.57,4,270,4,0,0,low,1
236,0.83,0.85,4,255,5,0,0,low,1
237,0.4,0.53,2,151,3,0,0,low,1
238,0.43,0.45,2,135,3,0,0,low,1
239,0.43,0.53,2,146,3,0,0,low,1
240,0.1,0.97,7,254,4,0,0,low,1
241,0.1,0.87,7,289,4,0,0,low,1
242,0.37,0.46,2,156,3,0,0,low,1
243,0.38,0.53,2,156,3,0,0,low,1
244,0.4,0.5,2,128,3,0,0,low,1
245,0.89,0.86,5,275,5,0,0,low,1
246,0.45,0.46,2,155,3,0,0,low,1
247,0.37,0.48,2,159,3,0,0,low,1
248,0.46,0.49,2,148,3,0,0,low,1
249,0.87,0.91,4,228,5,0,0,low,1
250,0.11,0.84,6,298,4,0,0,low,1
251,0.79,0.87,5,261,5,0,0,low,1
252,0.79,0.92,5,254,6,0,0,low,1
253,0.19,0.59,7,192,3,0,0,low,1
254,0.87,0.98,4,248,5,0,0,low,1
255,0.6,0.92,2,258,5,0,0,low,1
256,0.44,0.45,2,156,3,0,0,medium,1
257,0.11,0.81,6,266,4,1,0,medium,1
258,0.42,0.54,2,156,3,0,0,medium,1
259,0.88,0.88,5,232,5,1,0,medium,1
260,0.11,0.84,6,287,4,0,0,medium,1
261,0.46,0.46,2,154,3,0,0,medium,1
262,0.82,0.97,5,263,5,0,0,medium,1
263,0.44,0.56,2,131,3,0,0,medium,1
264,0.11,0.78,6,260,4,0,0,medium,1
265,0.42,0.5,2,139,3,0,0,medium,1
266,0.84,0.93,4,251,5,0,0,medium,1
267,0.11,0.95,6,286,4,0,0,medium,1
268,0.45,0.53,2,129,3,0,0,high,1
269,0.38,0.56,2,156,3,0,0,low,1
270,0.38,0.86,6,139,6,0,0,medium,1
271,0.44,0.51,2,127,3,0,0,medium,1
272,0.11,0.84,6,251,4,0,0,medium,1
273,0.81,0.93,5,270,5,0,0,medium,1
274,0.09,0.96,6,296,4,0,0,low,1
275,0.11,0.9,6,254,4,0,0,low,1
276,0.81,0.95,5,238,6,0,0,low,1
277,0.1,0.97,6,267,4,1,0,low,1
278,0.74,0.89,5,229,6,0,0,low,1
279,0.09,0.78,6,254,4,0,0,low,1
280,0.82,0.81,4,233,4,1,0,low,1
281,0.1,0.98,6,268,4,0,0,low,1
282,0.27,0.56,3,301,3,0,0,low,1
283,0.83,0.92,5,267,6,0,0,low,1
284,0.1,0.93,6,289,4,1,0,low,1
285,0.38,0.47,2,144,3,0,0,low,1
286,0.4,0.56,2,148,3,0,0,low,1
287,0.11,0.83,6,306,4,0,0,low,1
288,0.11,0.79,6,292,4,0,1,low,1
289,0.82,0.91,5,232,5,0,0,low,1
290,0.36,0.48,2,137,3,0,0,low,1
291,0.4,0.46,2,128,3,0,0,low,1
292,0.87,0.84,5,231,5,0,0,low,1
293,0.41,0.49,2,146,3,0,0,low,1
294,0.11,0.91,6,308,4,1,0,low,1
295,0.1,0.93,6,253,4,0,0,medium,1
296,0.38,0.51,2,146,3,0,0,medium,1
297,0.39,0.55,2,156,3,0,0,medium,1
298,0.4,0.52,2,147,3,0,0,medium,1
299,0.45,0.48,2,136,3,0,0,medium,1
300,0.74,0.84,5,249,5,0,0,medium,1
301,0.45,0.55,2,151,3,0,0,medium,1
302,0.12,1.0,3,278,4,0,0,medium,1
303,0.1,0.77,7,250,5,0,0,medium,1
304,0.37,0.55,2,127,3,0,0,medium,1
305,0.89,0.87,5,255,5,0,0,medium,1
306,0.45,0.47,2,135,3,0,0,medium,1
307,0.37,0.46,2,149,3,0,0,high,1
308,0.11,0.81,5,287,4,0,0,low,1
309,0.41,0.48,2,145,3,0,0,medium,1
310,0.1,0.94,6,285,4,0,0,medium,1
311,0.1,0.93,7,305,4,0,0,medium,1
312,0.11,0.95,7,300,4,0,0,medium,1
313,0.4,0.54,2,139,3,0,0,low,1
314,0.41,0.49,2,130,3,0,0,low,1
315,0.1,0.81,6,268,4,0,0,low,1
316,0.73,0.86,4,245,6,0,0,low,1
317,0.43,0.47,2,135,3,0,0,low,1
318,0.37,0.46,2,153,3,0,0,low,1
319,0.11,0.94,6,276,4,0,0,low,1
320,0.4,0.46,2,130,3,0,0,low,1
321,0.41,0.54,2,153,3,1,0,low,1
322,0.82,0.84,5,244,5,0,0,low,1
323,0.61,0.47,2,253,3,0,0,low,1
324,0.11,0.91,7,287,4,0,0,low,1
325,0.37,0.45,2,131,3,0,0,low,1
326,0.41,0.52,2,135,3,0,0,low,1
327,0.37,0.52,2,157,3,0,0,low,1
328,0.88,0.99,5,262,6,0,0,low,1
329,0.1,0.85,6,266,4,0,0,low,1
330,0.44,0.48,2,148,3,0,0,low,1
331,0.38,0.57,2,140,3,0,0,low,1
332,0.11,0.85,7,302,4,0,0,low,1
333,0.09,0.98,6,271,4,0,0,low,1
334,0.45,0.52,2,145,3,0,0,medium,1
335,0.1,0.81,6,290,4,0,0,medium,1
336,0.45,0.47,2,151,3,0,0,medium,1
337,0.77,0.87,5,266,5,0,0,medium,1
338,0.44,0.51,2,140,3,0,0,medium,1
339,0.39,0.5,2,142,3,0,0,medium,1
340,0.1,0.91,6,246,4,0,0,medium,1
341,0.09,0.89,7,308,5,0,0,medium,1
342,0.37,0.47,2,141,3,0,0,medium,1
343,0.9,1.0,5,232,5,0,0,medium,1
344,0.41,0.56,2,143,3,0,0,medium,1
345,0.37,0.52,2,155,3,0,0,medium,1
346,0.1,0.86,6,278,4,0,0,high,1
347,0.81,1.0,4,253,5,0,0,low,1
348,0.11,0.8,6,282,4,0,0,medium,1
349,0.11,0.84,7,264,4,0,0,medium,1
350,0.4,0.46,2,149,3,0,0,medium,1
351,0.09,0.8,6,304,5,0,0,medium,1
352,0.48,0.93,3,219,6,0,0,low,1
353,0.91,0.91,4,262,6,0,0,low,1
354,0.43,0.57,2,135,3,0,0,low,1
355,0.33,0.88,6,219,5,0,0,low,1
356,0.41,0.57,2,136,3,0,0,low,1
357,0.41,0.55,2,154,3,0,0,low,1
358,0.37,0.54,2,149,3,0,0,low,1
359,0.31,0.62,6,135,5,0,0,low,1
360,0.09,0.91,6,275,4,0,0,low,1
361,0.1,0.87,6,290,4,0,0,low,1
362,0.76,0.9,4,263,5,0,0,low,1
363,0.41,0.54,2,145,3,0,0,low,1
364,0.72,0.96,5,267,5,0,0,low,1
365,0.4,0.5,2,141,3,1,0,low,1
366,0.91,0.87,4,235,5,0,0,low,1
367,0.1,0.83,6,258,4,0,0,low,1
368,0.4,0.56,2,131,3,0,0,low,1
369,0.82,0.86,5,243,5,0,0,low,1
370,0.1,0.82,6,266,4,0,0,low,1
371,0.37,0.45,2,142,3,0,0,low,1
372,0.36,0.51,2,135,3,0,0,low,1
373,0.39,0.48,2,141,3,0,0,medium,1
374,0.36,0.57,2,142,3,0,0,medium,1
375,0.86,0.84,5,254,5,0,0,medium,1
376,0.73,0.99,5,262,5,0,0,medium,1
377,0.56,0.71,4,296,2,0,0,medium,1
378,0.44,0.56,2,158,3,0,0,medium,1
379,0.31,0.56,4,238,2,0,0,medium,1
380,0.77,0.93,4,231,5,0,0,medium,1
381,0.44,0.45,2,156,3,0,0,medium,1
382,0.38,0.46,2,145,3,0,0,medium,1
383,0.45,0.48,2,144,3,0,0,medium,1
384,0.38,0.51,2,159,3,0,0,medium,1
385,0.36,0.48,2,156,3,0,0,high,1
386,0.75,0.9,5,256,5,0,0,low,1
387,0.1,0.93,6,298,4,0,0,medium,1
388,0.1,0.97,6,247,4,0,0,medium,1
389,0.45,0.5,2,157,3,0,0,medium,1
390,0.42,0.57,2,154,3,1,0,medium,1
391,0.78,1.0,4,253,5,0,0,low,1
392,0.45,0.55,2,148,3,0,0,low,1
393,0.84,1.0,4,261,5,0,0,low,1
394,0.11,0.93,6,282,4,0,0,low,1
395,0.42,0.56,2,133,3,0,0,low,1
396,0.45,0.46,2,128,3,0,0,low,1
397,0.46,0.57,2,139,3,0,0,low,1
398,0.09,0.79,6,293,5,0,0,low,1
399,0.87,0.83,4,265,6,0,0,low,1
400,0.1,0.87,6,250,4,0,0,low,1
401,0.91,1.0,5,251,6,0,0,low,1
402,0.76,0.92,4,246,5,0,0,low,1
403,0.74,1.0,5,275,5,0,0,low,1
404,0.92,0.93,5,240,5,0,0,low,1
405,0.76,0.87,5,245,5,0,0,low,1
406,0.47,0.5,4,254,4,0,0,low,1
407,0.73,0.99,5,241,5,0,0,low,1
408,0.09,0.94,6,257,4,0,0,low,1
409,0.91,0.92,4,246,5,0,0,low,1
410,0.82,0.98,4,233,5,0,0,low,1
411,0.28,0.45,6,218,4,0,0,low,1
412,0.84,0.99,4,262,6,0,0,medium,1
413,0.45,0.53,2,138,3,0,0,medium,1
414,0.45,0.54,2,142,3,0,0,medium,1
415,0.91,0.97,5,233,5,0,0,medium,1
416,0.42,0.48,2,155,3,0,0,medium,1
417,0.82,1.0,4,229,6,0,0,medium,1
418,0.11,0.9,6,264,4,0,0,medium,1
419,0.42,0.53,3,199,4,0,0,medium,1
420,0.82,0.85,4,223,5,0,0,medium,1
421,0.09,0.96,6,268,4,0,0,medium,1
422,0.1,0.94,6,287,4,0,0,medium,1
423,0.86,1.0,5,257,5,0,0,medium,1
424,0.4,0.46,2,143,3,0,0,high,1
425,0.45,0.46,2,130,3,0,0,low,1
426,0.42,0.51,2,136,3,0,0,medium,1
427,0.74,0.92,4,261,5,0,0,medium,1
428,0.55,0.6,3,180,4,0,0,medium,1
429,0.37,0.45,2,126,3,0,0,medium,1
430,0.41,0.52,2,127,3,1,0,low,1
431,0.89,0.65,5,195,6,0,0,low,1
432,0.41,0.57,2,160,3,0,0,low,1
433,0.44,0.51,2,150,3,0,0,low,1
434,0.87,0.84,4,264,6,0,0,low,1
435,0.1,0.84,6,309,4,0,0,low,1
436,0.41,0.47,2,135,3,0,0,low,1
437,0.11,0.85,6,261,4,0,0,low,1
438,0.43,0.53,2,160,3,0,0,low,1
439,0.77,0.9,4,237,5,0,0,low,1
440,0.41,0.52,2,136,3,0,0,low,1
441,0.41,0.48,2,139,3,0,0,low,1
442,0.36,0.78,2,151,4,0,0,low,1
443,0.77,1.0,5,229,5,0,0,low,1
444,0.81,0.98,5,245,5,0,0,low,1
445,0.39,0.54,2,127,3,0,0,low,1
446,0.09,0.94,6,283,5,0,0,low,1
447,0.44,0.46,2,143,3,0,0,low,1
448,0.1,0.84,5,298,4,0,0,low,1
449,0.36,0.48,2,159,3,0,0,low,1
450,0.81,0.92,5,239,5,0,0,low,1
451,0.81,0.9,4,226,5,0,0,medium,1
452,0.85,0.98,5,248,5,0,0,medium,1
453,0.1,0.87,6,286,4,0,0,medium,1
454,0.37,0.54,2,145,3,0,0,medium,1
455,0.09,0.97,7,254,4,1,0,medium,1
456,0.44,0.53,2,127,3,0,0,medium,1
457,0.86,0.93,5,223,5,0,0,medium,1
458,0.77,1.0,4,255,5,0,0,medium,1
459,0.41,0.48,2,136,3,0,0,medium,1
460,0.4,0.48,2,137,3,0,0,medium,1
461,0.43,0.49,2,135,3,0,0,medium,1
462,0.43,0.5,2,137,3,0,0,medium,1
463,0.8,0.53,3,255,5,0,0,high,1
464,0.8,0.85,4,273,5,0,0,low,1
465,0.82,0.98,5,234,5,0,0,medium,1
466,0.37,0.54,2,152,3,0,0,medium,1
467,0.37,0.48,2,134,3,0,0,medium,1
468,0.09,0.95,6,292,4,0,0,medium,1
469,0.9,0.92,5,245,5,0,0,low,1
470,0.41,0.52,2,159,3,0,0,low,1
471,0.1,0.85,6,260,4,0,0,low,1
472,0.44,0.53,2,149,3,0,0,low,1
473,0.89,0.85,5,266,5,0,0,low,1
474,0.42,0.56,2,149,3,0,0,low,1
475,0.87,1.0,5,242,5,0,0,low,1
476,0.45,0.57,2,134,3,0,0,low,1
477,0.11,0.87,5,271,4,0,0,low,1
478,0.09,0.79,6,275,4,0,0,low,1
479,0.76,0.83,5,227,5,0,0,low,1
480,0.11,0.96,7,277,5,0,0,low,1
481,0.37,0.49,2,151,3,0,0,low,1
482,0.1,0.79,6,274,4,0,0,low,1
483,0.77,0.87,4,242,6,0,0,low,1
484,0.42,0.54,2,143,3,1,0,low,1
485,0.38,0.52,2,145,3,0,0,low,1
486,0.32,0.95,5,172,2,0,0,low,1
487,0.38,0.49,2,135,3,0,0,low,1
488,0.19,1.0,4,192,4,0,0,low,1
489,0.1,0.83,7,276,4,0,0,low,1
490,0.76,0.88,4,206,4,0,0,medium,1
491,0.53,0.56,4,281,6,0,0,medium,1
492,0.39,0.51,2,151,3,0,0,medium,1
493,0.11,0.83,6,244,4,0,0,medium,1
494,0.1,0.94,6,309,4,0,0,medium,1
495,0.84,1.0,5,218,5,0,0,medium,1
496,0.82,0.99,4,263,6,0,0,medium,1
497,0.1,0.82,6,244,4,0,0,medium,1
498,0.59,0.49,7,263,4,0,0,medium,1
499,0.44,0.48,2,143,3,0,0,medium,1
500,0.89,0.95,2,181,5,0,0,medium,1
501,0.91,0.84,5,265,5,0,0,medium,1
502,0.66,0.57,5,161,5,0,0,high,1
503,0.11,0.87,7,282,5,0,0,low,1
504,0.43,0.51,2,155,3,0,0,medium,1
505,0.78,0.83,4,217,6,0,0,medium,1
506,0.11,0.97,6,289,5,0,0,medium,1
507,0.83,0.98,4,259,5,0,0,medium,1
508,0.39,0.54,2,158,3,0,0,low,1
509,0.38,0.55,2,158,3,0,0,low,1
510,0.37,0.57,2,155,3,0,0,low,1
511,0.44,0.48,2,146,3,0,0,low,1
512,0.53,0.85,2,164,5,0,0,low,1
513,0.09,0.96,6,259,4,0,0,low,1
514,0.11,0.89,6,293,4,0,0,low,1
515,0.83,0.96,5,275,5,0,0,low,1
516,0.88,1.0,5,219,6,1,0,low,1
517,0.1,0.89,6,247,4,0,0,low,1
518,0.09,0.86,7,309,4,0,0,low,1
519,0.44,0.54,2,151,3,0,0,low,1
520,0.39,0.51,2,129,3,0,0,low,1
521,0.87,0.94,4,274,5,0,0,low,1
522,0.74,0.99,4,233,5,0,0,low,1
523,0.1,0.95,7,289,4,0,0,low,1
524,0.74,0.82,4,239,6,0,0,low,1
525,0.75,0.99,5,221,5,0,0,low,1
526,0.41,0.56,2,150,3,0,0,low,1
527,0.41,0.45,2,144,3,1,0,low,1
528,0.09,0.9,7,289,4,0,0,low,1
529,0.09,0.8,6,301,5,0,0,medium,1
530,0.39,0.57,2,145,3,0,0,medium,1
531,0.4,0.56,2,137,3,0,0,medium,1
532,0.37,0.54,2,131,3,1,0,medium,1
533,0.1,0.84,6,246,4,0,0,medium,1
534,0.43,0.51,2,136,3,0,0,medium,1
535,0.75,0.85,5,240,6,1,0,medium,1
536,0.37,0.56,2,156,3,0,0,medium,1
537,0.11,0.85,6,305,4,0,0,medium,1
538,0.45,0.45,2,154,3,1,0,medium,1
539,0.87,1.0,5,261,5,1,0,medium,1
540,0.11,0.94,7,244,4,0,0,medium,1
541,0.45,0.54,2,129,3,0,0,high,1
542,0.81,0.87,4,254,5,0,0,low,1
543,0.77,0.91,5,236,5,0,0,medium,1
544,0.89,0.92,5,237,5,0,0,medium,1
545,0.43,0.49,2,135,3,0,0,medium,1
546,0.78,1.0,5,236,5,0,0,medium,1
547,0.37,0.47,2,149,3,0,0,low,1
548,0.37,0.5,2,141,3,0,0,low,1
549,0.85,0.82,4,270,5,0,0,low,1
550,0.41,0.47,2,138,3,0,0,low,1
551,0.11,0.96,6,298,4,0,0,low,1
552,0.75,0.99,5,254,5,0,0,low,1
553,0.82,0.85,5,248,5,0,0,low,1
554,0.79,1.0,5,257,6,0,0,low,1
555,0.43,0.53,2,150,3,0,0,low,1
556,0.1,0.9,7,281,4,0,0,low,1
557,0.46,0.48,2,141,3,1,0,low,1
558,0.43,0.57,2,157,3,0,0,low,1
559,0.43,0.55,2,136,3,0,0,low,1
560,0.11,0.8,7,296,4,0,0,low,1
561,0.09,0.86,6,279,4,0,0,low,1
562,0.37,0.53,2,131,3,0,0,low,1
563,0.4,0.57,2,160,3,0,0,low,1
564,0.1,0.77,7,291,4,0,0,low,1
565,0.41,0.53,2,157,3,0,0,low,1
566,0.79,0.58,3,294,4,0,0,low,1
567,0.11,0.79,7,310,4,0,0,low,1
568,0.1,0.97,6,282,4,0,0,medium,1
569,0.44,0.51,2,134,3,0,0,medium,1
570,0.25,0.46,4,214,4,0,0,medium,1
571,0.44,0.52,2,137,3,0,0,medium,1
572,0.73,1.0,4,252,5,0,0,medium,1
573,0.75,0.97,5,243,6,0,0,medium,1
574,0.36,0.47,2,148,3,0,0,medium,1
575,0.37,0.49,2,151,3,0,0,medium,1
576,0.39,0.49,2,129,3,0,0,medium,1
577,0.48,0.78,2,198,2,0,0,medium,1
578,0.57,0.72,4,275,6,0,0,medium,1
579,0.9,0.96,5,243,5,0,0,medium,1
580,0.39,0.55,2,159,3,0,0,high,1
581,0.44,0.51,2,145,3,0,0,low,1
582,0.81,0.88,5,242,5,0,0,medium,1
583,0.74,0.87,5,242,5,0,0,medium,1
584,0.44,0.56,2,145,3,0,0,medium,1
585,0.41,0.56,2,154,3,0,1,medium,1
586,0.4,0.51,2,139,3,0,0,low,1
587,0.46,0.57,2,152,3,0,0,low,1
588,0.8,0.83,2,211,3,0,0,low,1
589,0.87,0.9,5,258,5,0,0,low,1
590,0.39,0.54,2,155,3,0,0,low,1
591,0.38,0.55,2,148,3,0,0,low,1
592,0.66,0.67,2,255,3,0,0,low,1
593,0.1,0.8,6,264,4,0,0,low,1
594,0.37,0.54,2,132,3,0,0,low,1
595,0.1,0.77,6,255,4,0,0,low,1
596,0.09,0.87,5,263,4,0,0,low,1
597,0.86,0.84,5,222,5,0,0,low,1
598,0.11,0.9,6,263,4,0,0,low,1
599,0.37,0.46,2,157,3,0,0,low,1
600,0.11,0.92,7,307,4,0,0,low,1
601,0.77,0.98,5,259,6,0,0,low,1
602,0.84,0.94,5,222,6,0,0,low,1
603,0.1,0.84,7,250,4,0,0,low,1
604,0.83,0.9,5,245,5,0,0,low,1
605,0.11,0.79,6,292,4,0,0,low,1
606,0.86,0.92,5,252,5,0,0,low,1
607,0.38,0.56,2,161,3,0,0,medium,1
608,0.11,0.88,5,250,4,0,0,medium,1
609,0.45,0.49,2,134,3,0,0,medium,1
610,0.1,0.85,7,279,4,0,0,medium,1
611,0.09,0.95,7,256,4,0,0,medium,1
612,0.39,0.53,2,127,3,0,0,medium,1
613,0.37,0.47,2,138,3,1,0,medium,1
614,0.81,0.97,5,243,5,0,0,medium,1
615,0.09,0.9,7,296,4,0,0,medium,1
616,0.1,0.88,7,267,4,0,0,medium,1
617,0.39,0.49,2,144,3,0,0,medium,1
618,0.83,0.95,4,251,5,0,0,medium,1
619,0.45,0.57,2,148,3,0,0,high,1
620,0.43,0.51,2,141,3,0,0,low,1
621,0.8,0.75,3,268,2,0,0,medium,1
622,0.1,0.86,6,247,4,0,0,medium,1
623,0.1,0.55,2,247,4,0,0,medium,1
624,0.36,0.52,2,146,3,0,0,medium,1
625,0.38,0.5,2,140,3,0,0,low,1
626,0.78,0.98,5,263,6,0,0,low,1
627,0.44,0.49,2,145,3,0,0,low,1
628,0.41,0.46,2,156,3,1,0,low,1
629,0.72,0.85,5,244,6,0,0,low,1
630,0.46,0.54,2,144,3,0,0,low,1
631,0.1,0.9,7,286,4,0,0,low,1
632,0.34,0.67,4,141,2,0,0,low,1
633,0.11,0.89,6,260,5,0,0,low,1
634,0.38,0.56,2,154,3,0,0,low,1
635,0.82,0.92,5,225,5,0,0,low,1
636,0.39,0.57,2,127,3,0,0,low,1
637,0.44,0.53,2,140,3,0,0,low,1
638,0.43,0.52,2,147,3,0,0,low,1
639,0.84,0.83,4,227,5,0,0,low,1
640,0.43,0.48,2,153,3,0,0,low,1
641,0.37,0.52,2,128,3,0,0,low,1
642,0.74,0.97,4,228,5,0,0,low,1
643,0.73,0.97,5,235,5,0,0,low,1
644,0.37,0.47,2,148,3,0,0,low,1
645,0.58,0.62,4,238,3,0,0,low,1
646,0.4,0.54,2,141,3,0,0,medium,1
647,0.51,0.83,5,249,4,0,0,medium,1
648,0.46,0.5,2,151,3,0,0,medium,1
649,0.45,0.54,2,129,3,0,0,medium,1
650,0.46,0.5,2,156,3,0,0,medium,1
651,0.39,0.45,2,134,3,0,0,medium,1
652,0.09,0.88,6,269,4,0,0,medium,1
653,0.09,0.77,6,290,4,0,0,medium,1
654,0.37,0.51,2,132,3,0,0,medium,1
655,0.1,0.89,7,308,4,0,0,medium,1
656,0.77,1.0,4,232,5,0,0,medium,1
657,0.79,0.86,5,235,5,0,0,medium,1
658,0.43,0.55,2,130,3,0,0,high,1
659,0.38,0.53,2,146,3,0,0,low,1
660,0.77,0.91,5,221,6,0,0,medium,1
661,0.44,0.5,2,130,3,0,0,medium,1
662,0.39,0.46,2,136,3,0,0,medium,1
663,0.78,0.89,5,274,6,0,0,medium,1
664,0.1,0.79,6,256,5,0,0,low,1
665,0.1,0.77,5,276,4,0,0,low,1
666,0.75,0.85,5,267,5,0,0,low,1
667,0.46,0.62,6,213,3,0,0,low,1
668,0.91,0.97,4,274,6,0,0,low,1
669,0.1,0.92,6,258,4,0,0,low,1
670,0.72,0.6,3,153,5,0,0,low,1
671,0.11,0.95,6,245,4,0,0,low,1
672,0.11,0.94,6,264,4,0,0,low,1
673,0.46,0.57,2,154,3,0,0,low,1
674,0.37,0.46,2,149,3,0,0,low,1
675,0.46,0.5,2,157,3,0,0,low,1
676,0.43,0.57,2,127,3,0,0,low,1
677,0.11,0.82,6,270,4,0,0,low,1
678,0.73,0.89,5,236,6,0,0,low,1
679,0.43,0.47,2,158,3,0,0,low,1
680,0.86,1.0,5,229,5,0,0,low,1
681,0.1,0.83,6,269,4,0,0,low,1
682,0.4,0.49,2,128,3,0,0,low,1
683,0.11,0.87,7,278,4,0,0,low,1
684,0.86,0.98,3,158,5,0,0,low,1
685,0.42,1.0,3,202,3,0,0,medium,1
686,0.79,0.84,4,240,5,0,0,medium,1
687,0.1,0.96,7,255,4,0,0,medium,1
688,0.09,0.92,7,254,4,0,0,medium,1
689,0.09,0.82,6,257,4,0,0,medium,1
690,0.87,1.0,4,228,5,0,0,medium,1
691,0.36,0.49,2,145,3,0,0,medium,1
692,0.42,0.75,3,218,4,0,0,medium,1
693,0.84,0.86,5,268,5,0,0,medium,1
694,0.1,0.83,6,278,4,0,0,medium,1
695,0.78,0.71,3,249,5,0,0,medium,1
696,0.35,0.99,3,236,4,0,0,medium,1
697,0.1,0.81,7,291,4,0,0,high,1
698,0.11,0.8,6,306,4,0,0,low,1
699,0.43,0.48,2,135,3,0,0,medium,1
700,0.38,0.45,2,156,3,0,0,medium,1
701,0.46,0.54,2,143,3,0,0,medium,1
702,0.89,0.82,4,243,5,0,0,medium,1
703,0.45,0.5,2,147,3,0,0,low,1
704,0.44,0.53,2,159,3,0,0,low,1
705,0.74,0.54,5,216,3,0,0,low,1
706,0.45,0.54,2,152,3,0,0,low,1
707,0.79,0.93,4,226,5,0,0,low,1
708,0.79,0.91,5,271,5,0,0,low,1
709,0.11,0.87,6,255,4,0,0,low,1
710,0.42,0.48,2,140,3,0,0,low,1
711,0.64,0.9,6,252,2,0,0,low,1
712,0.4,0.55,2,159,3,0,0,low,1
713,0.84,0.98,5,270,5,0,0,low,1
714,0.73,0.92,5,232,5,0,0,low,1
715,0.4,0.51,2,144,3,0,0,low,1
716,0.36,0.45,2,127,3,0,0,low,1
717,0.43,0.47,2,131,3,0,0,low,1
718,0.11,0.78,6,243,4,0,0,low,1
719,0.91,1.0,5,244,6,0,0,low,1
720,0.8,1.0,5,260,5,0,0,low,1
721,0.42,0.49,2,139,3,0,0,low,1
722,0.31,0.87,4,184,3,0,0,low,1
723,0.44,0.47,2,130,3,0,0,low,1
724,0.38,0.54,2,135,3,0,0,medium,1
725,0.45,0.56,2,146,3,0,0,medium,1
726,0.43,0.46,2,149,3,0,0,medium,1
727,0.45,0.46,2,153,3,1,0,medium,1
728,0.43,0.57,2,160,3,0,0,medium,1
729,0.43,0.49,2,160,3,0,0,medium,1
730,0.09,0.83,6,282,4,0,0,medium,1
731,0.43,0.47,2,128,3,0,0,medium,1
732,0.79,0.94,4,232,5,0,0,medium,1
733,0.85,0.58,3,226,2,0,0,medium,1
734,0.38,0.45,2,129,3,0,0,medium,1
735,0.11,0.92,7,255,4,0,0,medium,1
736,0.83,0.99,5,258,5,0,0,high,1
737,0.81,0.91,4,229,5,0,0,low,1
738,0.42,0.56,2,143,3,0,0,medium,1
739,0.11,0.87,6,257,4,0,0,medium,1
740,0.11,0.85,7,275,4,0,0,medium,1
741,0.1,0.89,7,291,4,0,0,medium,1
742,0.5,0.54,5,153,4,0,0,low,1
743,0.44,0.49,2,154,3,0,0,low,1
744,0.11,0.9,6,301,4,0,0,low,1
745,0.39,0.52,2,134,3,0,0,low,1
746,0.11,0.78,6,245,4,0,0,low,1
747,0.36,0.5,2,132,3,0,0,low,1
748,0.43,0.51,2,130,3,0,0,low,1
749,0.4,0.5,2,127,3,0,0,low,1
750,0.86,0.84,4,246,6,0,0,low,1
751,0.38,0.49,2,145,3,0,0,low,1
752,0.46,0.45,2,138,3,0,1,low,1
753,0.37,0.57,2,129,3,0,0,low,1
754,0.43,0.52,2,150,3,0,0,low,1
755,0.66,0.93,5,253,5,0,0,low,1
756,0.37,0.48,2,160,3,0,0,low,1
757,0.77,0.92,5,235,5,0,0,low,1
758,0.38,0.55,2,151,3,0,0,low,1
759,0.39,0.54,2,127,3,0,0,low,1
760,0.41,0.55,2,151,3,0,0,low,1
761,0.1,0.9,7,290,4,0,0,low,1
762,0.09,0.93,6,249,4,0,0,low,1
763,0.41,0.47,2,131,3,0,0,medium,1
764,0.39,0.46,2,159,3,0,0,medium,1
765,0.83,0.99,4,223,5,0,0,medium,1
766,0.09,0.87,3,214,2,0,0,medium,1
767,0.75,0.81,5,227,5,0,0,medium,1
768,0.44,0.54,2,127,3,0,0,medium,1
769,0.1,0.84,6,293,5,0,0,medium,1
770,0.42,0.46,2,141,3,0,0,medium,1
771,0.1,0.83,6,300,4,0,0,medium,1
772,0.1,0.86,6,309,4,0,0,medium,1
773,0.31,0.77,4,149,3,0,0,medium,1
774,0.42,0.54,2,159,3,0,0,medium,1
775,0.38,0.5,2,152,3,0,0,high,1
776,0.39,0.57,2,158,3,0,0,low,1
777,0.1,0.97,6,254,5,0,0,medium,1
778,0.11,0.93,6,294,4,0,0,medium,1
779,0.1,0.92,7,269,4,0,0,medium,1
780,0.11,0.9,7,247,4,0,0,medium,1
781,0.44,0.65,3,271,4,0,0,low,1
782,0.91,0.96,4,232,5,0,0,low,1
783,0.72,1.0,4,245,5,0,0,low,1
784,0.36,0.46,2,132,3,0,0,low,1
785,0.44,0.57,2,131,3,0,0,low,1
786,0.85,0.99,5,248,5,0,0,low,1
787,0.78,0.93,5,225,5,0,0,low,1
788,0.39,0.46,2,156,3,0,0,low,1
789,0.78,0.81,3,222,2,0,0,low,1
790,0.1,0.92,6,243,4,1,0,low,1
791,0.23,0.99,4,204,4,1,0,low,1
792,0.11,0.87,6,301,4,0,0,low,1
793,0.9,0.83,5,259,5,0,0,low,1
794,0.91,0.89,4,247,5,0,0,low,1
795,0.11,0.79,7,295,4,0,0,low,1
796,0.43,0.54,2,150,3,0,0,low,1
797,0.45,0.49,2,151,3,0,0,low,1
798,0.11,0.91,5,291,4,0,0,low,1
799,0.11,0.93,6,253,4,1,0,low,1
800,0.43,0.5,2,161,3,0,0,low,1
801,0.91,0.97,4,251,6,0,0,low,1
802,0.43,0.55,2,153,3,0,0,medium,1
803,0.85,0.82,5,264,6,0,0,medium,1
804,0.1,0.77,6,310,4,0,0,medium,1
805,0.81,0.95,5,266,5,0,0,medium,1
806,0.36,0.62,4,237,2,0,0,medium,1
807,0.45,0.54,2,138,3,0,0,medium,1
808,0.86,1.0,5,227,5,0,0,medium,1
809,0.71,1.0,4,300,5,0,0,medium,1
810,0.11,0.97,7,310,4,0,0,medium,1
811,0.84,0.93,5,236,5,0,0,medium,1
812,0.09,0.97,7,288,4,0,0,medium,1
813,0.38,0.49,2,127,3,0,0,medium,1
814,0.15,0.55,6,139,4,0,0,high,1
815,0.1,0.92,7,253,4,1,0,low,1
816,0.8,0.97,4,218,5,1,0,medium,1
817,0.84,0.97,5,251,5,0,0,medium,1
818,0.11,0.87,6,264,4,0,0,medium,1
819,0.89,0.79,3,149,2,0,0,medium,1
820,0.45,0.51,2,138,3,0,0,low,1
821,0.11,0.93,7,284,4,0,0,low,1
822,0.74,0.93,5,244,5,0,0,low,1
823,0.41,0.5,2,128,3,0,0,low,1
824,0.44,0.53,2,154,3,0,0,low,1
825,0.37,0.56,2,138,3,0,0,low,1
826,0.11,0.86,6,308,4,0,0,low,1
827,0.1,0.93,6,269,4,0,0,low,1
828,0.7,0.74,6,136,3,0,0,low,1
829,0.59,1.0,2,160,5,0,0,low,1
830,0.38,0.53,2,138,3,0,0,low,1
831,0.72,0.95,4,220,5,0,0,low,1
832,0.73,1.0,5,274,5,0,0,low,1
833,0.39,0.48,2,161,3,0,0,low,1
834,0.89,0.82,5,224,6,0,0,low,1
835,0.89,1.0,4,260,5,0,0,low,1
836,0.11,0.78,6,300,4,1,0,low,1
837,0.43,0.56,2,133,3,0,0,low,1
838,0.09,0.93,6,308,4,0,0,low,1
839,0.81,0.9,5,238,6,0,0,low,1
840,0.37,0.53,2,126,3,0,0,low,1
841,0.36,0.56,2,138,3,0,0,medium,1
842,0.11,0.85,6,299,4,0,0,medium,1
843,0.1,0.85,6,254,4,0,0,medium,1
844,0.66,0.47,7,156,2,0,0,medium,1
845,0.39,0.47,2,152,3,0,0,medium,1
846,0.44,0.51,2,146,3,0,0,medium,1
847,0.1,0.84,6,253,4,0,0,medium,1
848,0.79,0.94,5,227,6,0,0,medium,1
849,0.1,0.81,6,301,4,1,0,medium,1
850,0.54,0.94,6,294,3,0,0,medium,1
851,0.37,0.47,2,151,3,0,0,medium,1
852,0.37,0.57,2,128,3,0,0,medium,1
853,0.82,0.89,5,217,5,0,0,high,1
854,0.45,0.52,2,160,3,0,0,low,1
855,0.79,0.9,5,263,5,0,0,medium,1
856,0.42,0.56,2,156,3,0,0,medium,1
857,0.1,0.85,6,273,4,0,0,medium,1
858,0.11,0.78,6,303,4,0,0,medium,1
859,0.74,1.0,4,253,5,0,0,low,1
860,0.1,0.93,6,270,4,0,0,low,1
861,0.79,1.0,4,218,5,0,0,low,1
862,0.43,0.48,2,144,3,0,0,low,1
863,0.41,0.47,2,154,3,0,0,low,1
864,0.39,0.55,2,146,3,0,0,low,1
865,0.1,0.94,6,260,4,0,0,low,1
866,0.82,0.85,5,218,5,0,0,low,1
867,0.41,0.46,2,128,3,0,0,low,1
868,0.42,0.56,2,128,3,0,0,low,1
869,0.74,0.88,4,248,6,0,0,low,1
870,0.38,0.57,2,152,3,1,0,low,1
871,0.39,0.56,2,126,3,0,0,low,1
872,0.87,0.94,4,260,5,0,0,low,1
873,0.1,0.9,5,263,4,0,0,low,1
874,0.78,1.0,5,220,5,0,0,low,1
875,0.14,0.73,7,282,5,0,0,low,1
876,0.11,0.94,6,277,5,0,0,low,1
877,0.91,0.94,5,257,5,0,0,low,1
878,0.49,0.63,6,265,3,0,0,low,1
879,0.38,0.47,2,143,3,0,0,low,1
880,0.82,0.97,5,263,5,0,0,medium,1
881,0.38,0.88,3,154,4,0,0,medium,1
882,0.89,1.0,5,253,5,0,0,medium,1
883,0.11,0.79,6,294,4,0,0,medium,1
884,0.37,0.51,2,128,3,0,0,medium,1
885,0.38,0.5,2,153,3,0,0,medium,1
886,0.78,0.87,5,256,5,0,0,medium,1
887,0.41,0.51,2,127,3,0,0,medium,1
888,0.41,0.51,2,137,3,0,0,medium,1
889,0.11,0.83,6,295,4,0,0,medium,1
890,0.11,0.79,6,281,4,0,0,medium,1
891,0.43,0.57,2,131,3,1,0,medium,1
892,0.75,0.86,5,237,5,0,0,high,1
893,0.74,0.99,4,276,5,0,0,low,1
894,0.85,0.85,5,267,5,0,0,medium,1
895,0.73,0.92,5,266,5,0,0,medium,1
896,0.1,0.79,6,294,4,0,0,medium,1
897,0.44,0.56,2,134,3,0,0,medium,1
898,0.3,0.56,3,309,4,1,0,low,1
899,0.11,0.77,7,273,4,0,0,low,1
900,0.84,0.83,5,238,5,0,0,low,1
901,0.78,0.94,5,271,6,0,0,low,1
902,0.43,0.53,2,145,3,0,0,low,1
903,0.36,0.55,2,152,3,0,0,low,1
904,0.43,0.47,2,128,3,0,0,low,1
905,0.45,0.46,2,142,3,0,0,low,1
906,0.76,0.93,5,238,5,0,0,low,1
907,0.1,0.78,7,286,4,0,0,low,1
908,0.09,0.86,6,291,4,0,0,low,1
909,0.92,1.0,5,259,5,0,0,low,1
910,0.92,0.9,5,248,5,0,0,low,1
911,0.79,0.98,4,271,5,0,0,low,1
912,0.43,0.51,2,140,3,0,0,low,1
913,0.8,0.95,4,274,5,0,0,low,1
914,0.44,0.49,2,127,3,1,0,low,1
915,0.89,0.87,5,275,6,0,0,low,1
916,0.48,0.88,3,239,3,0,0,low,1
917,0.11,0.82,6,304,4,1,0,low,1
918,0.38,0.55,2,145,3,0,0,low,1
919,0.11,0.85,6,259,4,0,0,medium,1
920,0.82,0.86,4,264,5,0,0,medium,1
921,0.37,0.45,2,160,3,0,0,medium,1
922,0.4,0.48,2,138,3,0,0,medium,1
923,0.43,0.47,2,137,3,0,0,medium,1
924,0.44,0.5,2,156,3,0,0,medium,1
925,0.42,0.56,2,147,3,0,0,medium,1
926,0.11,0.8,7,243,4,0,0,medium,1
927,0.78,0.87,4,236,5,0,0,medium,1
928,0.46,0.86,2,212,4,0,0,medium,1
929,0.77,0.91,5,261,6,0,0,medium,1
930,0.83,0.82,4,243,5,0,0,medium,1
931,0.32,0.58,5,271,5,0,0,high,1
932,0.9,0.92,5,154,4,0,0,low,1
933,0.42,0.52,2,151,3,0,0,medium,1
934,0.1,0.96,6,254,4,1,0,medium,1
935,0.1,0.91,6,285,4,0,0,medium,1
936,0.44,0.49,2,130,3,0,0,medium,1
937,0.1,0.95,7,301,4,0,0,low,1
938,0.11,0.8,6,286,4,0,0,low,1
939,0.1,0.89,6,246,4,0,0,low,1
940,0.39,0.47,2,135,3,0,0,low,1
941,0.92,0.92,4,245,5,0,0,low,1
942,0.43,0.56,2,136,3,0,0,low,1
943,0.11,0.89,6,301,4,0,0,low,1
944,0.81,1.0,5,235,5,0,0,low,1
945,0.11,0.85,7,272,4,0,0,low,1
946,0.87,1.0,5,274,5,0,0,low,1
947,0.37,0.46,2,131,3,0,0,low,1
948,0.39,0.56,2,135,3,0,0,low,1
949,0.61,0.86,4,196,4,0,0,low,1
950,0.11,0.95,6,285,4,0,0,low,1
951,0.09,0.9,7,289,5,0,0,low,1
952,0.36,0.52,2,157,3,0,0,low,1
953,0.09,0.94,6,308,4,0,0,low,1
954,0.41,0.71,4,301,5,0,0,low,1
955,0.4,0.46,2,131,3,0,0,low,1
956,0.1,0.91,6,262,5,1,0,low,1
957,0.46,0.53,2,143,3,1,0,low,1
958,0.39,0.57,2,133,3,0,0,medium,1
959,0.41,0.5,2,153,3,0,0,medium,1
960,0.1,0.94,7,281,4,0,0,medium,1
961,0.39,0.51,2,132,3,0,0,medium,1
962,0.73,0.83,5,270,5,1,0,medium,1
963,0.41,0.45,2,150,3,0,0,medium,1
964,0.37,0.51,2,140,3,0,0,medium,1
965,0.38,0.5,2,150,3,1,0,medium,1
966,0.8,0.63,5,180,5,0,0,medium,1
967,0.09,0.85,5,281,4,0,0,medium,1
968,0.85,0.92,4,275,5,0,0,medium,1
969,0.42,0.54,2,130,3,0,0,medium,1
970,0.41,0.48,2,130,3,0,0,high,1
971,0.38,0.46,2,147,3,0,0,low,1
972,0.72,1.0,5,264,5,0,0,medium,1
973,0.11,0.74,6,290,5,0,0,medium,1
974,0.37,0.47,2,150,3,0,0,medium,1
975,0.1,0.81,6,304,4,0,0,medium,1
976,0.36,0.54,2,136,3,0,0,low,1
977,0.92,0.94,5,307,5,0,0,low,1
978,0.11,0.87,5,303,4,0,0,low,1
979,0.39,0.56,2,156,3,0,0,low,1
980,0.11,0.95,6,271,4,0,0,low,1
981,0.45,0.45,2,140,3,0,0,low,1
982,0.44,0.55,2,130,3,1,0,low,1
983,0.85,0.97,4,266,6,0,0,low,1
984,0.43,0.52,2,139,3,0,0,low,1
985,0.75,0.86,5,260,5,0,0,low,1
986,0.11,0.55,2,137,3,1,0,low,1
987,0.36,0.5,2,158,3,0,0,low,1
988,0.1,0.79,6,249,4,0,0,low,1
989,0.74,0.89,5,259,5,0,0,low,1
990,0.4,0.46,2,144,3,0,0,low,1
991,0.09,0.77,6,244,4,0,0,low,1
992,0.76,0.91,4,219,5,0,0,low,1
993,0.45,0.57,2,151,3,0,0,low,1
994,0.84,0.88,4,269,5,0,0,low,1
995,0.38,0.45,2,127,3,0,0,low,1
996,0.38,0.46,2,144,3,0,0,low,1
997,0.38,0.54,2,157,3,0,0,medium,1
998,0.86,0.94,5,224,5,0,0,medium,1
999,0.37,0.46,2,155,3,0,0,medium,1
1000,0.37,0.5,2,131,3,0,0,medium,1
1001,0.87,1.0,4,258,5,1,1,medium,1
1002,0.11,0.85,6,267,4,0,0,medium,1
1003,0.42,0.5,2,141,3,0,0,medium,1
1004,0.43,0.48,2,160,3,0,0,medium,1
1005,0.09,0.8,6,247,4,0,0,medium,1
1006,0.54,0.56,4,260,3,0,0,medium,1
1007,0.4,0.47,2,151,3,0,0,medium,1
1008,0.36,0.52,2,137,3,1,0,medium,1
1009,0.87,0.9,4,256,5,0,0,high,1
1010,0.75,0.88,4,239,5,0,0,low,1
1011,0.43,0.53,2,152,3,0,0,medium,1
1012,0.43,0.47,2,149,3,0,0,medium,1
1013,0.1,0.87,6,284,4,0,0,medium,1
1014,0.11,0.78,7,248,4,0,0,medium,1
1015,0.44,0.53,2,156,3,0,0,low,1
1016,0.39,0.48,2,138,3,0,0,low,1
1017,0.4,0.55,2,155,3,0,0,low,1
1018,0.92,0.87,4,229,6,0,0,low,1
1019,0.36,0.47,2,136,3,0,0,low,1
1020,0.86,0.95,4,241,5,0,0,low,1
1021,0.74,0.87,5,258,5,0,0,low,1
1022,0.8,0.95,3,146,5,0,0,low,1
1023,0.36,0.48,2,145,3,0,0,low,1
1024,0.42,0.57,2,159,3,0,0,low,1
1025,0.42,0.47,2,129,3,0,0,low,1
1026,0.4,0.45,2,142,3,0,0,low,1
1027,0.46,0.53,2,129,3,0,0,low,1
1028,0.09,0.9,6,287,4,0,0,low,1
1029,0.88,0.89,4,275,5,0,0,low,1
1030,0.1,0.82,6,272,4,0,0,low,1
1031,0.1,0.97,6,307,4,0,0,low,1
1032,0.11,0.93,4,295,3,0,0,low,1
1033,0.84,0.88,5,237,5,0,0,low,1
1034,0.42,0.56,2,158,3,0,0,low,1
1035,0.1,0.86,6,266,4,1,0,low,1
1036,0.1,0.95,6,256,4,0,0,medium,1
1037,0.46,0.54,2,158,3,0,0,medium,1
1038,0.09,0.97,7,268,4,0,0,medium,1
1039,0.89,1.0,4,237,5,0,0,medium,1
1040,0.82,1.0,4,273,6,0,0,medium,1
1041,0.11,0.89,6,309,4,0,0,medium,1
1042,0.81,0.84,5,258,5,0,0,medium,1
1043,0.81,0.94,5,233,6,0,0,medium,1
1044,0.77,1.0,4,249,6,0,0,medium,1
1045,0.63,0.94,3,179,2,0,0,medium,1
1046,0.4,0.57,2,128,3,0,0,medium,1
1047,0.86,1.0,4,250,6,0,0,medium,1
1048,0.37,0.49,2,151,3,0,0,high,1
1049,0.44,0.5,2,132,3,0,0,low,1
1050,0.74,0.89,5,232,6,0,0,medium,1
1051,0.79,1.0,4,229,5,1,0,medium,1
1052,0.09,0.92,6,261,4,0,0,medium,1
1053,0.37,0.48,2,129,3,0,0,medium,1
1054,0.09,0.78,6,244,4,0,0,low,1
1055,0.09,0.84,6,258,4,0,0,low,1
1056,0.1,0.8,7,292,5,0,0,low,1
1057,0.45,0.56,2,143,3,0,0,low,1
1058,0.4,0.51,2,136,3,0,0,low,1
1059,0.31,0.95,6,235,5,0,0,low,1
1060,0.7,0.93,2,310,3,0,0,low,1
1061,0.36,0.48,2,152,3,0,0,low,1
1062,0.34,0.97,6,157,5,1,0,low,1
1063,0.87,0.83,5,267,5,0,0,low,1
1064,0.11,0.91,6,302,4,0,0,low,1
1065,0.47,0.81,4,133,3,0,0,low,1
1066,0.43,0.52,2,142,3,0,0,low,1
1067,0.43,0.47,2,129,3,0,0,low,1
1068,0.45,0.57,2,136,3,0,0,low,1
1069,0.74,1.0,5,223,5,0,0,low,1
1070,0.1,0.89,6,244,4,1,0,low,1
1071,0.78,0.87,5,243,5,0,0,low,1
1072,0.9,0.95,5,275,3,0,0,low,1
1073,0.53,0.95,6,205,4,0,0,low,1
1074,0.45,0.54,2,154,3,0,0,low,1
1075,0.86,0.83,4,270,5,0,0,medium,1
1076,0.74,0.89,4,267,5,0,0,medium,1
1077,0.09,0.79,6,276,4,0,0,medium,1
1078,0.8,0.95,5,244,5,0,0,medium,1
1079,0.46,0.53,2,128,3,0,0,medium,1
1080,0.86,0.95,5,269,6,0,0,medium,1
1081,0.86,0.95,4,238,5,0,0,medium,1
1082,0.9,0.91,4,269,5,0,0,medium,1
1083,0.87,0.88,5,231,6,0,0,medium,1
1084,0.83,0.94,4,267,5,0,0,medium,1
1085,0.77,0.83,4,245,5,0,0,medium,1
1086,0.77,1.0,4,272,5,0,0,medium,1
1087,0.9,0.86,5,254,5,0,0,high,1
1088,0.73,0.92,4,273,5,0,0,low,1
1089,0.91,0.9,4,250,5,0,0,medium,1
1090,0.36,0.53,2,133,3,0,0,medium,1
1091,0.38,0.54,2,150,3,0,0,medium,1
1092,0.44,0.46,2,157,3,0,0,medium,1
1093,0.73,1.0,5,230,5,0,0,low,1
1094,0.89,0.91,5,260,5,0,0,low,1
1095,0.11,0.77,6,275,4,0,0,low,1
1096,0.1,0.77,7,308,4,0,0,low,1
1097,0.37,0.46,2,129,3,0,0,low,1
1098,0.38,0.48,2,134,3,0,0,low,1
1099,0.42,0.48,2,132,3,0,0,low,1
1100,0.44,0.46,2,153,3,0,0,low,1
1101,0.11,0.83,6,262,4,0,0,low,1
1102,0.09,0.97,7,262,4,0,0,low,1
1103,0.43,0.47,2,130,3,0,0,low,1
1104,0.38,0.52,2,156,3,0,0,low,1
1105,0.11,0.89,6,254,4,0,0,low,1
1106,0.37,0.49,2,130,3,0,0,low,1
1107,0.44,0.57,2,139,3,0,0,low,1
1108,0.72,0.82,5,269,5,0,0,low,1
1109,0.1,0.91,7,297,4,0,0,low,1
1110,0.73,0.86,5,249,5,0,0,low,1
1111,0.09,0.82,7,267,4,0,0,low,1
1112,0.44,0.46,2,149,3,0,0,low,1
1113,0.09,0.82,6,251,4,0,0,low,1
1114,0.1,0.87,6,306,4,0,0,medium,1
1115,0.11,0.86,6,279,4,0,0,medium,1
1116,0.42,0.46,2,131,3,0,0,medium,1
1117,0.09,0.85,6,260,4,0,0,medium,1
1118,0.72,0.88,5,249,5,0,0,medium,1
1119,0.75,0.97,4,245,5,0,0,medium,1
1120,0.44,0.5,2,138,3,0,0,medium,1
1121,0.11,0.91,6,278,4,0,0,medium,1
1122,0.38,0.47,2,147,3,0,0,medium,1
1123,0.39,0.57,2,131,3,0,0,medium,1
1124,0.1,0.9,7,301,4,0,0,medium,1
1125,0.43,0.52,2,141,3,0,0,medium,1
1126,0.39,0.57,2,158,3,0,0,high,1
1127,0.88,0.87,4,235,6,0,0,low,1
1128,0.1,0.85,7,261,4,0,0,medium,1
1129,0.1,0.89,5,270,4,0,0,medium,1
1130,0.11,0.93,6,290,4,0,0,medium,1
1131,0.37,0.47,2,149,3,0,0,medium,1
1132,0.37,0.48,2,160,3,0,0,low,1
1133,0.77,0.87,4,150,4,0,0,low,1
1134,0.91,0.94,5,218,6,0,0,low,1
1135,0.46,0.51,2,155,3,0,0,low,1
1136,0.11,0.87,6,291,4,0,0,low,1
1137,0.86,0.91,5,265,5,0,0,low,1
1138,0.87,0.88,5,262,6,0,0,low,1
1139,0.09,0.92,6,303,5,0,0,low,1
1140,0.42,0.46,2,132,3,0,0,low,1
1141,0.82,0.83,4,245,5,1,0,low,1
1142,0.46,0.48,2,129,3,0,0,low,1
1143,0.88,1.0,5,226,6,0,0,low,1
1144,0.1,0.91,6,286,4,0,0,low,1
1145,0.43,0.45,2,140,3,0,0,low,1
1146,0.37,0.49,2,153,3,0,0,low,1
1147,0.8,0.95,5,217,5,0,0,low,1
1148,0.83,0.95,5,258,5,0,0,low,1
1149,0.39,0.57,2,156,3,0,0,low,1
1150,0.77,0.92,5,255,5,0,0,low,1
1151,0.43,0.46,2,129,3,0,0,low,1
1152,0.79,0.96,4,234,5,0,0,low,1
1153,0.39,0.55,2,152,3,1,0,medium,1
1154,0.1,0.88,7,300,4,0,0,medium,1
1155,0.39,0.53,2,131,3,0,0,medium,1
1156,0.11,0.89,6,301,4,0,0,medium,1
1157,0.4,0.51,2,156,3,0,0,medium,1
1158,0.42,0.52,2,141,3,1,0,medium,1
1159,0.57,0.85,4,219,2,1,0,medium,1
1160,0.11,0.95,7,269,5,0,0,medium,1
1161,0.36,0.73,4,276,2,0,0,medium,1
1162,0.11,0.94,7,302,4,0,0,medium,1
1163,0.35,0.8,6,281,2,0,0,medium,1
1164,0.78,0.99,5,241,5,0,0,medium,1
1165,0.11,0.93,7,288,4,0,0,high,1
1166,0.1,0.96,6,303,4,0,0,low,1
1167,0.42,0.54,2,135,3,0,0,medium,1
1168,0.43,0.5,2,127,3,1,0,medium,1
1169,0.79,0.84,5,245,5,0,0,medium,1
1170,0.45,0.45,2,145,3,0,0,medium,1
1171,0.09,0.91,6,248,4,0,0,low,1
1172,0.11,0.91,6,302,4,0,0,low,1
1173,0.45,0.49,2,144,3,0,0,low,1
1174,0.11,0.91,6,272,4,0,0,low,1
1175,0.09,0.8,6,294,4,0,0,low,1
1176,0.78,0.71,4,296,3,0,0,low,1
1177,0.38,0.5,2,151,3,1,0,low,1
1178,0.82,0.82,4,249,5,0,0,low,1
1179,0.85,0.89,4,221,5,0,0,low,1
1180,0.45,0.46,2,146,3,0,0,low,1
1181,0.77,0.89,5,243,5,0,0,low,1
1182,0.39,0.5,2,127,3,0,0,low,1
1183,0.91,0.9,4,245,5,0,0,low,1
1184,0.11,0.77,6,264,4,0,0,low,1
1185,0.46,0.45,2,143,3,0,0,low,1
1186,0.43,0.49,2,135,3,0,0,low,1
1187,0.11,0.96,6,262,4,1,0,low,1
1188,0.1,0.93,6,299,4,0,0,low,1
1189,0.09,0.8,5,279,4,0,0,low,1
1190,0.36,0.51,2,155,3,0,0,low,1
1191,0.11,0.89,6,264,4,0,0,low,1
1192,0.09,0.77,6,256,5,0,0,medium,1
1193,0.44,0.51,2,129,3,0,0,medium,1
1194,0.73,0.97,5,217,6,0,0,medium,1
1195,0.21,0.58,7,203,5,0,0,medium,1
1196,0.8,0.85,4,264,5,0,0,medium,1
1197,0.37,0.55,2,159,3,0,0,medium,1
1198,0.79,0.96,5,218,5,0,0,medium,1
1199,0.09,0.8,6,298,4,0,0,medium,1
1200,0.75,0.74,6,134,3,0,0,medium,1
1201,0.83,1.0,5,263,5,0,0,medium,1
1202,0.1,0.77,5,252,4,0,0,medium,1
1203,0.44,0.55,2,136,3,0,0,medium,1
1204,0.42,0.97,6,259,4,0,0,high,1
1205,0.43,0.56,2,158,3,0,0,low,1
1206,0.09,0.84,7,307,4,0,0,medium,1
1207,0.44,0.53,2,152,3,0,0,medium,1
1208,0.81,0.98,5,237,5,0,0,medium,1
1209,0.1,0.79,7,284,4,0,0,medium,1
1210,0.1,0.93,6,243,4,0,0,low,1
1211,0.11,0.83,6,268,4,0,0,low,1
1212,0.09,0.77,6,244,4,0,0,low,1
1213,0.75,0.83,5,262,5,0,0,low,1
1214,0.38,0.55,2,134,3,0,0,low,1
1215,0.09,0.87,7,278,4,0,0,low,1
1216,0.74,0.97,5,238,5,0,0,low,1
1217,0.44,0.56,2,127,3,0,0,low,1
1218,0.76,0.95,4,259,5,0,0,low,1
1219,0.42,0.56,2,146,3,0,0,low,1
1220,0.75,1.0,4,243,5,0,0,low,1
1221,0.36,0.52,2,137,3,0,0,low,1
1222,0.75,0.93,5,229,5,0,0,low,1
1223,0.4,0.46,2,134,3,0,0,low,1
1224,0.75,0.89,4,228,5,0,0,low,1
1225,0.09,0.84,6,301,4,0,0,low,1
1226,0.39,0.46,2,127,3,0,0,low,1
1227,0.4,0.48,2,142,3,0,0,low,1
1228,0.39,0.54,2,131,3,0,0,low,1
1229,0.1,0.85,7,310,5,0,0,low,1
1230,0.42,0.55,2,148,3,0,0,low,1
1231,0.37,0.52,2,143,3,0,0,medium,1
1232,0.11,0.98,6,250,4,0,0,medium,1
1233,0.09,0.88,7,265,4,0,0,medium,1
1234,0.41,0.54,2,152,3,0,0,medium,1
1235,0.42,0.49,2,145,3,0,0,medium,1
1236,0.4,0.49,2,140,3,0,0,medium,1
1237,0.36,0.47,2,129,3,0,0,medium,1
1238,0.74,0.9,4,226,5,0,0,medium,1
1239,0.66,1.0,5,269,5,0,0,medium,1
1240,0.38,0.47,2,152,3,0,0,medium,1
1241,0.43,0.51,2,132,3,0,0,medium,1
1242,0.43,0.53,2,148,3,0,0,medium,1
1243,0.1,0.85,6,297,5,0,0,high,1
1244,0.82,0.85,4,274,5,0,0,low,1
1245,0.1,0.77,6,280,4,0,0,medium,1
1246,0.1,0.93,6,288,4,0,0,medium,1
1247,0.43,0.49,2,155,3,0,0,medium,1
1248,0.09,0.94,7,247,4,0,0,medium,1
1249,0.41,0.54,2,138,3,0,0,low,1
1250,0.1,0.82,7,284,4,0,0,low,1
1251,0.88,0.92,4,225,5,0,0,low,1
1252,0.43,0.57,2,151,3,1,0,low,1
1253,0.42,0.5,2,155,3,0,0,low,1
1254,0.85,1.0,4,234,5,0,0,low,1
1255,0.38,0.49,2,144,3,0,0,low,1
1256,0.39,0.47,2,142,3,0,0,low,1
1257,0.41,0.48,2,126,3,0,0,low,1
1258,0.88,0.92,4,233,6,0,0,low,1
1259,0.78,0.96,4,241,5,0,0,low,1
1260,0.45,0.48,2,138,3,0,0,low,1
1261,0.09,0.95,6,260,4,1,0,low,1
1262,0.44,0.56,2,145,3,0,0,low,1
1263,0.11,0.84,6,252,4,0,0,low,1
1264,0.36,0.51,2,143,3,0,0,low,1
1265,0.86,0.98,4,270,5,0,0,low,1
1266,0.1,0.92,6,285,4,0,0,low,1
1267,0.45,0.53,2,149,3,0,0,low,1
1268,0.42,0.53,2,158,3,0,0,low,1
1269,0.36,0.55,2,134,3,0,0,low,1
1270,0.45,0.55,2,129,3,0,0,medium,1
1271,0.38,0.57,2,131,3,0,0,medium,1
1272,0.11,0.97,6,288,4,0,0,medium,1
1273,0.45,0.46,2,142,3,0,0,medium,1
1274,0.87,0.95,5,227,5,0,0,medium,1
1275,0.45,0.53,2,131,3,0,0,medium,1
1276,0.1,0.83,6,283,5,0,0,medium,1
1277,0.44,0.54,2,139,3,0,0,medium,1
1278,0.78,1.0,4,267,5,0,0,medium,1
1279,0.38,0.56,2,148,3,0,0,medium,1
1280,0.85,0.84,5,272,6,0,0,medium,1
1281,0.36,0.48,2,148,3,1,0,medium,1
1282,0.75,0.88,5,270,5,0,0,high,1
1283,0.81,0.81,4,218,5,1,0,low,1
1284,0.4,0.55,2,150,3,0,0,medium,1
1285,0.83,0.83,5,260,5,0,0,medium,1
1286,0.41,0.52,2,127,3,0,0,medium,1
1287,0.42,0.57,2,134,3,0,0,medium,1
1288,0.09,0.83,7,258,4,0,0,low,1
1289,0.87,0.81,5,304,5,0,0,low,1
1290,0.43,0.56,6,149,4,0,0,low,1
1291,0.39,0.51,2,139,3,0,0,low,1
1292,0.1,0.9,6,272,5,0,0,low,1
1293,0.41,0.52,2,132,3,0,0,low,1
1294,0.72,1.0,2,240,2,0,0,low,1
1295,0.44,0.55,2,137,3,0,0,low,1
1296,0.38,0.5,2,139,3,0,0,low,1
1297,0.46,0.52,2,148,3,0,0,low,1
1298,0.4,0.49,2,149,3,0,0,low,1
1299,0.45,0.45,2,131,3,0,0,low,1
1300,0.89,0.89,5,262,5,0,0,low,1
1301,0.1,0.97,7,284,4,0,0,low,1
1302,0.46,0.48,2,161,3,0,0,low,1
1303,0.09,0.78,7,290,4,0,0,low,1
1304,0.45,0.57,2,149,3,0,0,low,1
1305,0.89,0.98,4,242,6,0,0,low,1
1306,0.62,0.77,5,227,4,0,0,low,1
1307,0.11,0.93,6,276,4,0,0,low,1
1308,0.44,0.5,2,135,3,0,0,low,1
1309,0.09,0.94,6,266,4,0,0,medium,1
1310,0.56,0.75,5,236,2,0,0,medium,1
1311,0.77,0.89,4,270,5,0,0,medium,1
1312,0.39,0.49,2,146,3,0,0,medium,1
1313,0.1,0.92,5,272,4,0,0,medium,1
1314,0.72,0.85,5,246,5,0,0,medium,1
1315,0.4,0.52,2,136,3,0,0,medium,1
1316,0.11,0.81,6,260,4,0,0,medium,1
1317,0.88,1.0,5,247,5,0,0,medium,1
1318,0.37,0.51,2,127,3,0,0,medium,1
1319,0.11,0.96,6,267,4,0,0,medium,1
1320,0.4,0.52,2,143,3,0,0,medium,1
1321,0.1,0.86,6,306,4,0,0,high,1
1322,0.62,0.89,3,131,4,0,0,low,1
1323,0.78,0.86,4,249,5,0,0,medium,1
1324,0.37,0.52,2,144,3,0,0,medium,1
1325,0.76,0.82,4,254,5,1,0,medium,1
1326,0.42,0.53,2,131,3,0,0,medium,1
1327,0.1,0.77,6,272,4,0,0,low,1
1328,0.42,0.47,2,157,3,0,0,low,1
1329,0.1,0.96,7,301,4,0,0,low,1
1330,0.1,0.81,6,252,4,0,0,low,1
1331,0.42,0.47,2,130,3,0,0,low,1
1332,0.09,0.86,6,297,4,0,0,low,1
1333,0.1,0.8,6,248,4,0,0,low,1
1334,0.11,0.89,7,257,4,0,0,low,1
1335,0.44,0.53,2,147,3,0,0,low,1
1336,0.87,0.9,3,307,5,0,0,low,1
1337,0.44,0.46,2,154,3,0,0,low,1
1338,0.41,0.56,2,143,3,0,0,low,1
1339,0.51,0.79,4,134,3,0,0,low,1
1340,0.89,0.96,5,221,5,0,0,low,1
1341,0.1,0.96,6,275,4,0,0,low,1
1342,0.9,0.94,5,247,5,0,0,low,1
1343,0.36,0.55,2,131,3,0,0,low,1
1344,0.44,0.54,2,150,3,0,0,low,1
1345,0.39,0.57,2,150,3,0,0,low,1
1346,0.38,1.0,5,137,4,0,0,low,1
1347,0.73,0.95,4,223,6,0,0,low,1
1348,0.1,0.96,6,292,4,0,0,medium,1
1349,0.89,0.83,5,130,4,1,0,medium,1
1350,0.87,0.85,5,221,6,0,0,medium,1
1351,0.84,0.89,4,245,5,1,0,medium,1
1352,0.11,0.77,6,274,4,0,0,medium,1
1353,0.74,1.0,5,248,5,0,0,medium,1
1354,0.79,0.97,4,243,5,0,0,medium,1
1355,0.1,0.92,7,273,4,0,0,medium,1
1356,0.83,0.95,5,221,5,0,0,medium,1
1357,0.1,0.79,6,271,4,0,0,medium,1
1358,0.45,0.5,2,157,3,0,0,medium,1
1359,0.29,0.48,2,249,4,0,0,medium,1
1360,0.46,0.46,2,145,3,0,0,high,1
1361,0.11,0.83,6,262,5,0,0,low,1
1362,0.75,0.89,5,272,5,0,0,medium,1
1363,0.4,0.5,2,129,3,0,0,medium,1
1364,0.37,0.46,2,134,3,0,0,medium,1
1365,0.41,0.52,2,147,3,0,0,medium,1
1366,0.1,0.83,6,293,4,0,0,low,1
1367,0.39,0.52,2,129,3,0,0,low,1
1368,0.4,0.45,2,140,3,0,0,low,1
1369,0.41,0.52,2,132,3,0,0,low,1
1370,0.11,0.89,6,284,4,0,0,low,1
1371,0.74,0.99,5,263,5,0,0,low,1
1372,0.42,0.46,2,143,3,0,0,low,1
1373,0.88,0.88,4,265,5,0,0,low,1
1374,0.37,0.53,2,147,3,0,0,low,1
1375,0.78,0.81,4,253,5,0,0,low,1
1376,0.46,0.5,2,141,3,0,0,low,1
1377,0.74,1.0,5,222,6,0,0,low,1
1378,0.11,0.86,6,273,4,1,0,low,1
1379,0.8,0.87,5,240,6,0,0,low,1
1380,0.37,0.48,2,154,3,0,0,low,1
1381,0.87,0.92,4,253,6,0,0,low,1
1382,0.9,0.84,5,221,5,0,0,low,1
1383,0.1,0.88,6,263,4,0,0,low,1
1384,0.43,0.46,2,145,3,0,0,low,1
1385,0.11,0.91,6,279,4,0,0,low,1
1386,0.4,0.46,2,146,3,0,0,low,1
1387,0.09,0.93,7,270,4,0,0,medium,1
1388,0.4,0.5,2,135,3,0,0,medium,1
1389,0.14,0.7,5,236,3,0,0,medium,1
1390,0.4,0.49,2,151,3,0,0,medium,1
1391,0.11,0.79,6,244,4,1,0,medium,1
1392,0.72,1.0,4,169,3,0,0,medium,1
1393,0.39,0.57,2,157,3,0,0,medium,1
1394,0.82,0.93,4,246,5,0,0,medium,1
1395,0.41,0.52,2,142,3,0,0,medium,1
1396,0.45,0.51,2,156,3,0,0,medium,1
1397,0.2,0.7,6,281,5,0,0,medium,1
1398,0.43,0.53,2,146,3,0,0,medium,1
1399,0.39,0.55,2,156,3,0,0,high,1
1400,0.11,0.86,6,299,4,1,0,low,1
1401,0.45,0.47,2,136,3,0,0,medium,1
1402,0.11,0.87,6,272,4,0,0,medium,1
1403,0.84,0.86,5,240,5,0,0,medium,1
1404,0.86,0.96,5,245,6,0,0,medium,1
1405,0.79,0.93,5,269,5,0,0,low,1
1406,0.39,0.57,2,130,3,0,0,low,1
1407,0.15,0.62,4,257,3,0,0,low,1
1408,0.81,1.0,4,241,5,0,0,low,1
1409,0.39,0.53,2,136,3,0,0,low,1
1410,0.92,0.94,4,219,5,0,0,low,1
1411,0.9,0.98,5,271,5,0,0,low,1
1412,0.32,0.6,2,280,4,0,0,low,1
1413,0.46,0.46,2,140,3,0,0,low,1
1414,0.83,0.98,4,254,5,0,0,low,1
1415,0.39,0.47,2,131,3,0,0,low,1
1416,0.2,0.9,6,138,3,0,0,low,1
1417,0.11,0.85,6,295,4,0,0,low,1
1418,0.11,0.96,6,301,5,0,0,low,1
1419,0.1,0.95,7,296,4,0,0,low,1
1420,0.75,0.87,5,246,5,0,0,low,1
1421,0.44,0.57,2,145,3,0,0,low,1
1422,0.86,0.93,5,241,5,1,0,low,1
1423,0.1,0.82,6,269,4,0,0,low,1
1424,0.39,0.49,2,146,3,0,0,low,1
1425,0.45,0.48,2,149,3,0,0,low,1
1426,0.1,0.94,7,287,4,0,0,medium,1
1427,0.36,0.55,2,138,3,0,0,medium,1
1428,0.57,0.61,4,158,5,0,0,medium,1
1429,0.09,0.87,6,266,4,0,0,medium,1
1430,0.87,0.91,4,255,5,0,0,medium,1
1431,0.43,0.52,2,156,3,0,0,medium,1
1432,0.36,0.5,2,147,3,0,0,medium,1
1433,0.91,0.99,5,265,5,1,0,medium,1
1434,0.41,0.48,2,136,3,0,0,medium,1
1435,0.37,0.52,2,140,3,0,0,medium,1
1436,0.43,0.45,2,146,3,0,0,medium,1
1437,0.43,0.57,2,142,3,0,0,medium,1
1438,0.4,0.53,2,155,3,0,0,high,1
1439,0.1,0.89,7,285,4,0,0,low,1
1440,0.76,0.99,4,253,5,1,0,medium,1
1441,0.82,0.93,4,248,5,0,0,medium,1
1442,0.11,0.83,7,255,5,0,0,medium,1
1443,0.43,0.52,2,154,3,1,0,medium,1
1444,0.11,0.88,7,305,4,0,0,low,1
1445,0.41,0.48,2,141,3,0,0,low,1
1446,0.73,0.87,5,252,5,0,0,low,1
1447,0.37,0.57,2,157,3,0,0,low,1
1448,0.11,0.89,6,250,4,0,0,low,1
1449,0.46,0.52,2,131,3,0,0,low,1
1450,0.41,0.5,2,149,3,0,0,low,1
1451,0.78,0.78,4,260,5,0,0,low,1
1452,0.78,0.86,5,260,6,0,0,low,1
1453,0.72,0.86,5,251,5,0,0,low,1
1454,0.63,0.83,6,242,5,0,0,low,1
1455,0.55,1.0,6,136,3,0,0,low,1
1456,0.45,0.55,2,155,3,0,0,low,1
1457,0.39,0.51,2,155,3,0,0,low,1
1458,0.1,0.81,6,248,4,0,0,low,1
1459,0.4,0.5,2,136,3,0,0,low,1
1460,0.39,0.54,2,133,3,0,0,low,1
1461,0.78,0.45,4,128,2,0,0,low,1
1462,0.42,0.53,2,142,3,0,0,low,1
1463,0.39,0.54,2,149,3,0,0,low,1
1464,0.46,0.57,2,145,3,0,0,low,1
1465,0.1,0.92,6,279,4,0,0,medium,1
1466,0.45,0.47,2,146,3,0,0,medium,1
1467,0.1,0.83,6,264,4,1,0,medium,1
1468,0.1,0.89,7,272,4,0,0,medium,1
1469,0.78,0.86,5,256,5,0,0,medium,1
1470,0.4,0.65,2,296,5,0,0,medium,1
1471,0.45,0.51,2,155,3,1,0,medium,1
1472,0.39,0.56,2,130,3,0,0,medium,1
1473,0.43,0.48,2,157,3,0,0,medium,1
1474,0.09,0.96,6,245,4,0,0,medium,1
1475,0.79,0.86,5,226,5,0,0,medium,1
1476,0.44,0.47,2,156,3,1,0,medium,1
1477,0.79,0.95,5,228,5,0,0,high,1
1478,0.38,0.46,2,155,3,0,0,low,1
1479,0.36,0.56,2,159,3,0,0,medium,1
1480,0.39,0.57,2,142,3,0,0,medium,1
1481,0.09,0.93,6,271,4,0,0,medium,1
1482,0.16,0.65,4,277,5,0,0,medium,1
1483,0.09,0.77,6,310,4,0,0,low,1
1484,0.11,0.87,6,254,4,0,0,low,1
1485,0.44,0.56,2,142,3,0,0,low,1
1486,0.11,0.88,7,253,4,0,0,low,1
1487,0.11,0.97,6,260,4,0,0,low,1
1488,0.45,0.52,2,147,3,0,0,low,1
1489,0.1,0.96,7,288,4,0,0,low,1
1490,0.4,0.46,2,160,3,0,0,low,1
1491,0.38,0.55,2,130,3,0,0,low,1
1492,0.39,0.56,2,133,3,0,0,low,1
1493,0.38,0.55,2,160,3,0,0,low,1
1494,0.38,0.45,2,151,3,0,0,low,1
1495,0.17,0.75,3,188,4,0,0,low,1
1496,0.79,0.84,5,247,5,0,0,low,1
1497,0.1,0.85,7,259,4,0,0,low,1
1498,0.37,0.48,2,129,3,0,0,low,1
1499,0.42,0.49,2,152,3,0,0,low,1
1500,0.44,0.48,2,128,3,0,0,low,1
1501,0.11,0.83,6,253,4,0,0,low,1
1502,0.39,0.48,2,151,3,0,0,low,1
1503,0.1,0.83,5,271,5,0,0,low,1
1504,0.4,0.46,2,155,3,0,0,medium,1
1505,0.86,0.91,5,245,5,0,0,medium,1
1506,0.37,0.46,2,157,3,0,0,medium,1
1507,0.4,0.51,2,160,3,0,0,medium,1
1508,0.43,0.48,2,149,3,0,0,medium,1
1509,0.88,0.88,5,248,5,0,0,medium,1
1510,0.44,0.52,2,128,3,0,0,medium,1
1511,0.87,1.0,4,224,5,0,0,medium,1
1512,0.4,0.46,2,156,3,0,0,medium,1
1513,0.45,0.52,2,143,3,0,0,medium,1
1514,0.84,0.93,4,250,5,0,0,medium,1
1515,0.1,0.68,3,179,3,0,0,medium,1
1516,0.72,0.99,5,257,5,0,0,high,1
1517,0.4,0.5,2,127,3,0,0,low,1
1518,0.45,0.5,2,145,3,0,0,medium,1
1519,0.89,0.98,5,274,5,0,0,medium,1
1520,0.4,0.55,2,131,3,0,0,medium,1
1521,0.38,0.53,2,136,3,0,0,medium,1
1522,0.38,0.47,2,140,3,1,0,low,1
1523,0.1,0.82,7,265,4,0,0,low,1
1524,0.42,0.48,2,148,3,1,0,low,1
1525,0.74,0.86,5,262,5,0,0,low,1
1526,0.1,0.8,6,261,4,0,0,low,1
1527,0.82,0.9,5,248,5,0,0,low,1
1528,0.38,0.55,2,131,3,0,0,low,1
1529,0.41,0.56,2,160,3,0,0,low,1
1530,0.4,0.47,2,152,3,0,0,low,1
1531,0.83,0.98,4,249,5,0,0,low,1
1532,0.36,0.57,2,144,3,0,0,low,1
1533,0.75,0.98,4,245,5,0,0,low,1
1534,0.44,0.53,2,146,3,0,0,low,1
1535,0.1,0.94,6,297,5,0,0,low,1
1536,0.39,0.52,2,148,3,1,0,low,1
1537,0.09,0.84,7,260,4,0,0,low,1
1538,0.4,0.57,2,152,3,0,0,low,1
1539,0.41,0.54,2,135,3,0,0,low,1
1540,0.83,0.92,4,235,5,0,0,low,1
1541,0.42,0.47,2,145,3,0,0,low,1
1542,0.61,0.46,5,220,4,0,0,low,1
1543,0.44,0.52,2,128,3,0,0,medium,1
1544,0.77,0.81,5,237,5,0,0,medium,1
1545,0.81,0.95,4,275,5,0,0,medium,1
1546,0.1,0.78,6,310,4,0,0,medium,1
1547,0.73,0.84,5,251,6,0,0,medium,1
1548,0.09,0.83,6,250,4,0,0,medium,1
1549,0.9,0.99,4,259,6,0,0,medium,1
1550,0.88,1.0,4,259,5,0,0,medium,1
1551,0.09,0.87,7,305,4,0,0,medium,1
1552,0.4,0.56,2,130,3,1,0,medium,1
1553,0.17,0.55,6,250,5,0,0,medium,1
1554,0.82,0.82,5,220,6,0,0,medium,1
1555,0.9,0.83,4,266,5,0,0,high,1
1556,0.83,0.92,4,255,5,0,0,low,1
1557,0.44,0.5,2,154,3,0,0,medium,1
1558,0.5,0.85,4,138,3,0,0,medium,1
1559,0.14,0.61,6,291,5,0,0,medium,1
1560,0.77,0.82,4,217,5,0,0,medium,1
1561,0.09,0.83,6,286,4,0,0,low,1
1562,0.11,0.88,6,290,4,0,0,low,1
1563,0.44,0.57,2,148,3,0,0,low,1
1564,0.43,0.52,2,146,3,0,0,low,1
1565,0.12,0.8,5,136,2,0,0,low,1
1566,0.1,0.86,7,261,5,0,0,low,1
1567,0.1,0.96,6,274,4,0,0,low,1
1568,0.4,0.48,2,132,3,0,0,low,1
1569,0.41,0.47,2,145,3,0,0,low,1
1570,0.37,0.48,2,153,3,0,0,low,1
1571,0.4,0.48,2,139,3,0,0,low,1
1572,0.74,0.96,4,231,5,0,0,low,1
1573,0.39,0.48,2,154,3,0,0,low,1
1574,0.11,0.9,5,307,4,0,0,low,1
1575,0.36,0.51,2,129,3,0,0,low,1
1576,0.8,0.83,5,275,5,0,0,low,1
1577,0.6,0.85,3,250,2,0,0,low,1
1578,0.36,0.54,2,158,3,0,0,low,1
1579,0.1,0.96,6,310,5,0,0,low,1
1580,0.65,0.86,2,181,2,0,0,low,1
1581,0.49,0.73,4,244,3,0,0,low,1
1582,0.73,0.96,5,256,6,1,0,medium,1
1583,0.11,0.8,6,259,5,0,0,medium,1
1584,0.73,0.91,4,247,5,0,0,medium,1
1585,0.43,0.46,2,129,3,0,0,medium,1
1586,0.73,0.93,5,229,5,0,0,medium,1
1587,0.76,0.85,5,236,6,0,0,medium,1
1588,0.09,0.96,6,281,4,0,0,medium,1
1589,0.9,0.81,5,264,5,0,0,medium,1
1590,0.1,0.81,6,308,4,0,0,medium,1
1591,0.43,0.48,2,147,3,0,0,medium,1
1592,0.41,0.55,2,159,3,0,0,medium,1
1593,0.41,0.57,2,154,3,0,0,medium,1
1594,0.1,0.87,6,307,4,0,0,high,1
1595,0.4,0.46,2,132,3,0,0,low,1
1596,0.4,0.53,2,152,3,0,0,medium,1
1597,0.36,0.48,5,310,3,0,0,medium,1
1598,0.83,0.95,5,230,5,0,0,medium,1
1599,0.83,0.94,5,273,5,0,0,medium,1
1600,0.41,0.51,2,144,3,0,0,low,1
1601,0.11,0.93,7,296,4,0,0,low,1
1602,0.68,0.62,5,198,5,1,0,low,1
1603,0.43,0.53,2,157,3,0,0,low,1
1604,0.44,0.51,2,145,3,0,0,low,1
1605,0.87,0.94,5,219,5,0,0,low,1
1606,0.43,0.54,2,153,3,0,0,low,1
1607,0.89,0.48,3,178,5,0,0,low,1
1608,0.83,0.88,5,239,5,0,0,low,1
1609,0.11,0.87,6,278,5,0,0,low,1
1610,0.85,1.0,6,260,3,1,0,low,1
1611,0.89,0.97,4,264,5,0,0,low,1
1612,0.09,0.92,7,301,4,0,0,low,1
1613,0.43,0.55,4,134,3,0,0,low,1
1614,0.42,0.46,2,147,3,0,0,low,1
1615,0.43,0.54,2,130,3,0,0,low,1
1616,0.1,0.93,6,307,4,0,0,low,1
1617,0.37,0.46,2,156,3,0,0,low,1
1618,0.76,0.98,4,237,5,0,0,low,1
1619,0.88,0.89,4,254,5,0,0,low,1
1620,0.39,0.48,2,151,3,0,0,low,1
1621,0.45,0.54,2,131,3,0,0,medium,1
1622,0.91,0.95,5,241,5,0,0,medium,1
1623,0.86,0.85,5,267,5,0,0,medium,1
1624,0.39,0.53,2,153,3,0,0,medium,1
1625,0.89,1.0,4,217,5,0,0,medium,1
1626,0.11,0.86,6,254,4,0,0,medium,1
1627,0.1,0.87,6,265,5,0,0,medium,1
1628,0.38,0.57,2,146,3,0,0,medium,1
1629,0.4,0.54,2,156,3,0,0,medium,1
1630,0.86,0.97,5,269,5,0,0,medium,1
1631,0.1,0.86,6,288,4,0,0,medium,1
1632,0.1,0.85,6,283,4,0,0,medium,1
1633,0.42,0.5,2,128,3,0,0,high,1
1634,0.36,0.46,2,130,3,0,0,low,1
1635,0.39,0.48,2,127,3,0,0,medium,1
1636,0.43,0.47,2,137,3,0,0,medium,1
1637,0.36,0.49,2,133,3,0,0,medium,1
1638,0.09,0.91,6,275,4,0,0,medium,1
1639,0.42,0.55,2,146,3,0,0,low,1
1640,0.42,0.46,2,135,3,0,0,low,1
1641,0.91,0.89,5,217,5,0,0,low,1
1642,0.41,0.56,2,154,3,0,0,low,1
1643,0.11,0.78,6,247,4,0,0,low,1
1644,0.09,0.83,6,295,5,0,0,low,1
1645,0.83,1.0,5,224,5,0,0,low,1
1646,0.11,0.78,6,281,4,0,0,low,1
1647,0.1,0.93,7,258,4,0,0,low,1
1648,0.42,0.55,2,150,3,0,0,low,1
1649,0.1,0.97,7,282,4,0,0,low,1
1650,0.38,0.51,2,138,3,0,0,low,1
1651,0.77,0.98,4,238,6,0,0,low,1
1652,0.11,0.85,7,244,4,0,0,low,1
1653,0.87,0.97,5,250,6,0,0,low,1
1654,0.1,0.88,7,282,4,0,0,low,1
1655,0.1,0.89,7,253,4,0,0,low,1
1656,0.09,0.9,6,256,4,0,0,low,1
1657,0.84,0.85,5,260,5,0,0,low,1
1658,0.11,0.86,6,245,4,0,0,low,1
1659,0.81,0.97,5,230,5,0,0,low,1
1660,0.77,0.85,5,276,5,0,0,medium,1
1661,0.42,0.47,2,137,3,0,0,medium,1
1662,0.36,0.56,2,140,3,0,0,medium,1
1663,0.81,0.83,5,269,6,0,0,medium,1
1664,0.37,0.46,2,130,3,1,0,medium,1
1665,0.1,0.96,6,264,4,0,0,medium,1
1666,0.14,0.55,6,175,5,0,0,medium,1
1667,0.41,0.51,2,159,3,0,0,medium,1
1668,0.44,0.55,2,128,3,0,1,medium,1
1669,0.82,0.94,5,232,5,1,0,medium,1
1670,0.67,0.54,3,166,5,0,0,medium,1
1671,0.44,0.57,2,141,3,0,0,medium,1
1672,0.42,0.54,2,143,3,0,0,high,1
1673,0.84,0.83,4,239,5,0,0,low,1
1674,0.86,1.0,4,232,5,0,0,medium,1
1675,0.56,0.86,5,252,2,0,0,medium,1
1676,0.09,0.93,6,255,4,0,0,medium,1
1677,0.1,0.81,7,270,4,0,0,medium,1
1678,0.39,0.54,2,149,3,0,0,low,1
1679,0.75,0.89,5,276,5,0,0,low,1
1680,0.43,0.55,2,159,3,0,0,low,1
1681,0.09,0.96,7,274,5,0,0,low,1
1682,0.83,0.94,4,264,5,0,0,low,1
1683,0.59,1.0,3,156,4,0,0,low,1
1684,0.44,0.54,2,135,3,0,0,low,1
1685,0.38,0.49,2,128,3,0,0,low,1
1686,0.76,0.98,5,242,5,0,0,low,1
1687,0.22,0.86,4,293,3,0,0,low,1
1688,0.4,0.46,2,141,3,0,0,low,1
1689,0.41,0.48,2,155,3,0,0,low,1
1690,0.38,0.51,2,141,3,0,0,low,1
1691,0.45,0.68,4,212,4,1,0,low,1
1692,0.39,0.56,2,160,3,0,0,low,1
1693,0.45,0.47,2,150,3,0,0,low,1
1694,0.42,0.53,2,132,3,1,0,low,1
1695,0.1,0.87,6,248,4,0,0,low,1
1696,0.78,0.96,5,272,5,0,0,low,1
1697,0.39,0.56,2,160,3,0,0,low,1
1698,0.1,0.87,7,299,4,0,0,low,1
1699,0.1,0.8,6,292,4,0,0,medium,1
1700,0.43,0.46,2,126,3,0,0,medium,1
1701,0.38,0.45,2,132,3,0,0,medium,1
1702,0.09,0.77,6,282,5,0,0,medium,1
1703,0.39,0.53,2,141,3,0,0,medium,1
1704,0.73,0.99,6,206,5,0,0,medium,1
1705,0.38,0.49,2,140,3,0,0,medium,1
1706,0.1,0.91,6,255,4,0,0,medium,1
1707,0.41,0.54,2,133,3,0,0,medium,1
1708,0.43,0.51,2,131,3,0,0,medium,1
1709,0.79,0.96,4,257,5,0,0,medium,1
1710,0.1,0.81,6,269,4,0,0,medium,1
1711,0.11,0.97,6,254,4,0,0,high,1
1712,0.42,0.5,2,143,3,0,0,low,1
1713,0.36,0.51,2,157,3,0,0,medium,1
1714,0.63,0.93,5,163,3,0,0,medium,1
1715,0.41,0.56,2,133,3,0,0,medium,1
1716,0.36,0.46,2,157,3,0,0,medium,1
1717,0.1,0.9,6,301,5,0,0,low,1
1718,0.11,0.96,6,310,4,0,0,low,1
1719,0.44,0.54,2,133,3,0,0,low,1
1720,0.77,0.96,5,249,6,0,0,low,1
1721,0.91,1.0,4,251,6,0,0,low,1
1722,0.26,0.46,2,242,3,0,0,low,1
1723,0.81,0.93,5,265,6,0,0,low,1
1724,0.11,0.87,6,280,4,0,0,low,1
1725,0.92,0.89,4,241,5,0,0,low,1
1726,0.1,0.86,5,253,4,0,0,low,1
1727,0.45,0.51,2,137,3,0,0,low,1
1728,0.11,0.94,6,266,4,0,0,low,1
1729,0.23,0.7,5,168,4,0,0,low,1
1730,0.86,0.95,4,270,5,0,0,low,1
1731,0.44,0.55,2,141,3,0,0,low,1
1732,0.41,0.56,2,133,3,0,0,low,1
1733,0.84,0.97,5,256,5,0,0,low,1
1734,0.42,0.52,2,160,3,0,0,low,1
1735,0.11,0.88,7,275,4,0,0,low,1
1736,0.38,0.46,2,160,3,0,0,low,1
1737,0.11,0.96,7,244,4,0,0,low,1
1738,0.1,0.83,6,271,4,0,0,medium,1
1739,0.86,0.88,5,268,5,0,0,medium,1
1740,0.91,1.0,4,253,5,1,0,medium,1
1741,0.37,0.53,2,140,3,0,0,medium,1
1742,0.46,0.5,2,146,3,0,0,medium,1
1743,0.1,0.89,6,259,5,0,0,medium,1
1744,0.37,0.46,2,127,3,0,0,medium,1
1745,0.4,0.48,2,161,3,0,0,medium,1
1746,0.09,0.78,6,260,4,0,0,medium,1
1747,0.11,0.89,6,272,4,0,0,medium,1
1748,0.39,0.48,2,159,3,0,0,medium,1
1749,0.89,0.96,4,219,6,0,0,medium,1
1750,0.09,0.91,6,243,4,0,0,high,1
1751,0.88,0.97,4,255,5,1,0,low,1
1752,0.11,0.9,7,245,4,0,0,medium,1
1753,0.1,0.95,6,264,5,0,0,medium,1
1754,0.91,1.0,4,245,6,0,0,medium,1
1755,0.44,0.52,2,137,3,0,0,medium,1
1756,0.63,0.76,2,157,4,0,0,low,1
1757,0.1,0.87,7,247,4,0,0,low,1
1758,0.36,0.51,2,144,3,0,0,low,1
1759,0.45,0.51,2,149,3,0,0,low,1
1760,0.73,1.0,5,253,6,0,0,low,1
1761,0.37,0.55,2,140,3,0,0,low,1
1762,0.09,0.85,7,307,4,0,0,low,1
1763,0.41,0.71,3,205,4,0,0,low,1
1764,0.72,1.0,5,234,5,0,0,low,1
1765,0.36,0.54,2,127,3,0,0,low,1
1766,0.9,1.0,4,229,5,0,0,low,1
1767,0.44,0.56,2,141,3,0,0,low,1
1768,0.78,0.95,4,260,5,0,0,low,1
1769,0.37,0.52,2,141,3,0,0,low,1
1770,0.4,0.47,2,144,3,1,0,low,1
1771,0.84,1.0,5,250,5,0,0,low,1
1772,0.09,0.86,6,245,4,0,0,low,1
1773,0.83,0.93,4,269,5,0,0,low,1
1774,0.11,0.87,6,273,4,0,0,low,1
1775,0.37,0.5,2,142,3,0,0,low,1
1776,0.09,0.93,6,273,5,0,0,low,1
1777,0.43,0.47,2,248,2,0,0,medium,1
1778,0.39,0.56,2,147,3,0,0,medium,1
1779,0.85,0.9,2,168,2,0,0,medium,1
1780,0.38,0.52,2,128,3,0,0,medium,1
1781,0.76,0.84,5,227,5,1,0,medium,1
1782,0.44,0.51,2,135,3,0,0,medium,1
1783,0.73,1.0,4,268,5,0,0,medium,1
1784,0.43,0.53,2,136,3,0,0,medium,1
1785,0.43,0.51,2,149,3,1,0,medium,1
1786,0.09,0.96,7,264,4,0,0,medium,1
1787,0.43,0.53,2,143,3,0,0,medium,1
1788,0.45,0.57,2,138,3,0,0,medium,1
1789,0.42,0.48,2,146,3,0,0,high,1
1790,0.41,0.46,2,150,3,1,0,low,1
1791,0.44,0.55,2,156,3,0,0,medium,1
1792,0.09,0.92,7,245,4,0,0,medium,1
1793,0.41,0.51,2,156,3,0,0,medium,1
1794,0.43,0.51,2,143,3,0,0,medium,1
1795,0.38,0.51,2,159,3,0,0,low,1
1796,0.85,0.96,4,217,5,0,0,low,1
1797,0.88,0.91,4,234,6,0,0,low,1
1798,0.44,0.46,2,138,3,0,0,low,1
1799,0.11,0.92,7,265,4,0,0,low,1
1800,0.38,0.5,2,145,3,0,0,low,1
1801,0.09,0.78,6,263,4,0,0,low,1
1802,0.11,0.79,6,264,4,0,0,low,1
1803,0.11,0.88,6,253,4,0,0,low,1
1804,0.44,0.48,2,155,3,0,0,low,1
1805,0.38,0.51,2,137,3,0,0,low,1
1806,0.1,0.87,6,254,5,0,0,low,1
1807,0.45,0.57,2,143,3,0,0,low,1
1808,0.11,0.94,7,280,5,0,0,low,1
1809,0.36,0.48,2,136,3,0,0,low,1
1810,0.72,0.95,5,271,5,0,0,low,1
1811,0.43,0.48,2,157,3,0,0,low,1
1812,0.45,0.5,2,150,3,0,0,low,1
1813,0.4,0.53,2,127,3,0,0,low,1
1814,0.1,0.81,6,271,4,0,0,low,1
1815,0.83,0.93,5,257,5,0,0,low,1
1816,0.11,0.8,7,305,4,0,0,medium,1
1817,0.43,0.5,2,152,3,0,0,medium,1
1818,0.38,0.5,2,144,3,0,0,medium,1
1819,0.83,1.0,5,269,5,0,0,medium,1
1820,0.11,0.82,7,285,4,0,0,medium,1
1821,0.43,0.52,2,136,3,0,0,medium,1
1822,0.11,0.88,6,294,4,0,0,medium,1
1823,0.43,0.46,2,157,3,0,0,medium,1
1824,0.1,0.89,6,280,4,0,0,medium,1
1825,0.44,0.51,2,152,3,0,0,medium,1
1826,0.82,0.91,5,276,6,0,0,medium,1
1827,0.1,0.86,6,247,4,0,0,medium,1
1828,0.1,0.95,5,286,4,0,0,high,1
1829,0.3,0.89,5,257,5,0,0,low,1
1830,0.1,0.93,6,258,4,0,0,medium,1
1831,0.39,0.5,2,151,3,0,0,medium,1
1832,0.14,0.47,4,175,2,0,0,medium,1
1833,0.82,0.92,4,252,5,0,0,medium,1
1834,0.1,0.85,6,266,4,0,0,low,1
1835,0.09,0.9,6,295,4,0,0,low,1
1836,0.54,0.83,6,165,6,0,0,low,1
1837,0.61,0.58,2,264,4,0,0,low,1
1838,0.1,0.79,6,275,4,0,0,low,1
1839,0.1,0.9,6,299,4,0,0,low,1
1840,0.36,0.49,2,147,3,0,0,low,1
1841,0.1,0.97,7,306,4,0,0,low,1
1842,0.84,1.0,5,242,5,0,0,low,1
1843,0.38,0.51,2,159,3,0,0,low,1
1844,0.41,0.49,2,147,3,0,0,low,1
1845,0.37,0.51,2,154,3,1,0,low,1
1846,0.43,0.56,2,129,3,0,0,low,1
1847,0.46,0.53,2,161,3,0,0,low,1
1848,0.09,0.84,6,269,4,0,0,low,1
1849,0.78,0.86,5,274,5,0,0,low,1
1850,0.45,0.53,2,159,3,0,0,low,1
1851,0.42,0.47,2,135,3,0,0,low,1
1852,0.46,0.53,2,147,3,0,0,low,1
1853,0.39,0.49,2,142,3,0,0,low,1
1854,0.36,0.51,2,130,3,0,0,low,1
1855,0.43,0.53,2,147,3,0,0,medium,1
1856,0.85,0.87,5,246,5,1,0,medium,1
1857,0.11,0.92,6,281,4,0,0,medium,1
1858,0.11,0.9,6,253,4,0,0,medium,1
1859,0.38,0.47,2,128,3,0,0,medium,1
1860,0.43,0.57,2,129,3,0,0,medium,1
1861,0.75,1.0,5,223,6,0,0,medium,1
1862,0.11,0.92,6,269,4,0,0,medium,1
1863,0.1,0.9,7,269,4,0,0,medium,1
1864,0.1,0.81,7,244,5,0,0,medium,1
1865,0.37,0.5,2,154,3,0,0,medium,1
1866,0.11,0.93,5,140,5,0,0,medium,1
1867,0.45,0.46,2,159,3,0,0,high,1
1868,0.44,0.48,2,158,3,0,0,low,1
1869,0.44,0.56,2,133,3,0,0,medium,1
1870,0.11,0.77,6,247,4,0,0,medium,1
1871,0.79,0.93,5,268,5,0,0,medium,1
1872,0.8,0.9,5,267,5,0,0,medium,1
1873,0.1,0.87,7,251,5,0,0,low,1
1874,0.09,0.93,6,279,4,0,0,low,1
1875,0.7,0.84,6,161,4,0,0,low,1
1876,0.72,0.84,4,256,5,0,0,low,1
1877,0.11,0.8,6,304,4,0,0,low,1
1878,0.39,0.51,2,137,3,0,0,low,1
1879,0.4,0.49,2,144,3,0,0,low,1
1880,0.43,0.54,2,142,3,0,0,low,1
1881,0.76,0.87,5,262,5,0,0,low,1
1882,0.4,0.48,2,142,3,0,0,low,1
1883,0.09,0.89,6,282,4,0,0,low,1
1884,0.37,0.54,2,157,3,0,0,low,1
1885,0.87,0.91,5,228,5,0,0,low,1
1886,0.1,0.86,6,283,4,0,0,low,1
1887,0.11,0.86,6,286,4,0,0,low,1
1888,0.43,0.5,2,148,3,0,0,low,1
1889,0.1,0.81,6,245,4,0,0,low,1
1890,0.11,0.95,6,279,4,0,0,low,1
1891,0.85,0.87,5,245,5,0,0,low,1
1892,0.37,0.49,2,138,3,0,0,low,1
1893,0.44,0.52,2,141,3,0,0,low,1
1894,0.1,0.83,7,302,5,0,0,medium,1
1895,0.11,0.89,6,268,4,0,0,medium,1
1896,0.87,0.88,5,240,5,0,0,medium,1
1897,0.39,0.49,2,127,3,0,0,medium,1
1898,0.1,0.94,7,264,4,0,0,medium,1
1899,0.44,0.53,2,155,3,0,0,medium,1
1900,0.4,0.49,2,143,3,0,0,medium,1
1901,0.76,0.98,5,217,6,0,0,medium,1
1902,0.46,0.55,2,147,3,0,0,medium,1
1903,0.9,0.92,4,271,5,0,0,medium,1
1904,0.85,0.87,4,273,5,0,0,medium,1
1905,0.1,0.78,5,285,4,1,0,medium,1
1906,0.43,0.49,2,131,3,0,0,high,1
1907,0.2,0.5,5,135,6,0,0,low,1
1908,0.81,0.92,5,239,5,0,0,medium,1
1909,0.83,0.85,5,237,5,0,0,medium,1
1910,0.14,0.75,4,277,5,1,0,medium,1
1911,0.1,0.84,5,303,5,0,0,medium,1
1912,0.91,0.98,4,242,6,0,0,low,1
1913,0.37,0.57,2,158,3,0,0,low,1
1914,0.42,0.57,2,147,3,1,0,low,1
1915,0.39,0.68,2,282,5,0,0,low,1
1916,0.39,0.54,2,154,3,0,0,low,1
1917,0.44,0.52,2,149,3,0,0,low,1
1918,0.37,0.45,2,149,3,0,0,low,1
1919,0.39,0.53,2,146,3,0,0,low,1
1920,0.72,0.94,4,258,5,0,0,low,1
1921,0.37,0.49,2,148,3,0,0,low,1
1922,0.82,0.94,5,236,5,0,0,low,1
1923,0.42,0.52,2,134,3,0,0,low,1
1924,0.59,1.0,2,155,5,0,0,low,1
1925,0.82,0.86,5,257,5,0,0,low,1
1926,0.73,0.97,6,189,2,0,0,low,1
1927,0.78,0.66,3,164,3,0,0,low,1
1928,0.09,0.95,6,271,4,0,0,low,1
1929,0.1,0.97,6,280,4,0,0,low,1
1930,0.45,0.46,2,149,3,0,0,low,1
1931,0.83,0.81,5,219,5,0,0,low,1
1932,0.43,0.51,2,128,3,0,0,low,1
1933,0.4,0.47,2,128,3,0,0,medium,1
1934,0.43,0.46,2,157,3,0,0,medium,1
1935,0.78,0.93,4,225,5,0,0,medium,1
1936,0.39,0.45,2,140,3,0,0,medium,1
1937,0.11,0.97,6,310,4,0,0,medium,1
1938,0.36,0.52,2,143,3,0,0,medium,1
1939,0.36,0.54,2,153,3,0,0,medium,1
1940,0.1,0.79,7,310,4,0,0,medium,1
1941,0.4,0.47,2,136,3,0,0,medium,1
1942,0.81,0.85,4,251,6,0,0,medium,1
1943,0.4,0.47,2,144,3,0,0,medium,1
1944,0.09,0.93,6,296,4,0,0,medium,1
1945,0.76,0.89,5,238,5,0,0,high,1
1946,0.73,0.93,5,162,4,0,0,low,1
1947,0.38,0.49,2,137,3,0,0,medium,1
1948,0.72,0.84,5,257,5,0,0,medium,1
1949,0.4,0.56,2,148,3,0,0,medium,1
1950,0.91,0.99,5,254,5,0,0,medium,1
1951,0.85,0.85,4,247,6,0,0,low,1
1952,0.9,0.7,5,206,4,0,0,low,1
1953,0.46,0.55,2,145,3,0,0,low,1
1954,0.43,0.57,2,159,3,1,0,low,1
1955,0.89,0.88,5,228,5,1,0,low,1
1956,0.09,0.81,6,257,4,0,0,low,1
1957,0.4,0.48,2,155,3,0,0,low,1
1958,0.76,0.83,6,293,6,0,0,low,1
1959,0.4,0.57,2,151,3,0,0,low,1
1960,0.37,0.48,2,160,3,0,0,low,1
1961,0.37,0.53,2,143,3,0,0,low,1
1962,0.11,0.96,6,280,4,0,0,low,1
1963,0.37,0.52,2,158,3,0,0,low,1
1964,0.09,0.89,7,310,4,0,0,low,1
1965,0.88,0.86,5,258,5,0,0,low,1
1966,0.84,0.94,5,262,5,0,0,low,1
1967,0.1,0.98,6,265,4,0,0,low,1
1968,0.41,0.47,2,143,3,1,0,low,1
1969,0.84,0.91,5,232,6,0,0,low,1
1970,0.41,0.55,2,161,3,0,0,low,1
1971,0.53,0.76,5,132,6,0,0,low,1
1972,0.42,0.47,2,139,3,1,0,medium,1
1973,0.36,0.5,2,131,3,0,0,medium,1
1974,0.38,0.52,2,161,3,0,0,medium,1
1975,0.36,0.48,2,152,3,0,0,medium,1
1976,0.46,0.54,2,138,3,0,0,medium,1
1977,0.37,0.47,2,159,3,1,0,medium,1
1978,0.42,0.49,2,153,3,0,0,medium,1
1979,0.44,0.56,2,156,3,0,0,medium,1
1980,0.92,0.82,5,265,5,0,0,medium,1
1981,0.1,0.79,6,301,5,0,0,medium,1
1982,0.76,1.0,4,220,6,0,0,medium,1
1983,0.11,0.79,6,247,4,0,0,medium,1
1984,0.43,0.48,2,136,3,0,0,high,1
1985,0.4,0.49,2,160,3,0,0,low,1
1986,0.11,0.84,7,310,4,0,0,medium,1
1987,0.84,0.82,5,240,5,0,0,medium,1
1988,0.84,0.84,5,238,5,0,0,medium,1
1989,0.51,0.6,7,243,5,0,0,medium,1
1990,0.66,0.91,5,248,4,0,0,low,1
1991,0.42,0.56,2,137,3,0,0,low,1
1992,0.38,0.49,2,155,3,0,0,low,1
1993,0.15,0.63,7,229,3,0,0,low,1
1994,0.38,0.53,2,140,3,0,0,low,1
1995,0.43,0.54,2,156,3,0,0,low,1
1996,0.37,0.57,2,147,3,0,0,low,1
1997,0.11,0.92,7,293,4,0,0,low,1
1998,0.41,0.53,2,157,3,0,0,low,1
1999,0.84,0.96,4,247,5,0,0,low,1
2000,0.4,0.51,2,148,3,0,0,low,1
2001,0.58,0.74,4,215,3,0,0,low,0
2002,0.82,0.67,2,202,3,0,0,low,0
2003,0.45,0.69,5,193,3,0,0,low,0
2004,0.78,0.82,5,247,3,0,0,low,0
2005,0.49,0.6,3,214,2,0,0,low,0
2006,0.36,0.95,3,206,4,0,0,low,0
2007,0.54,0.37,2,176,2,0,0,low,0
2008,0.99,0.91,5,136,4,0,0,low,0
2009,0.5,0.75,6,127,3,0,0,low,0
2010,0.74,0.64,4,268,3,0,0,low,0
2011,0.56,0.58,4,258,3,0,0,medium,0
2012,0.34,0.39,2,136,3,0,0,medium,0
2013,0.48,0.94,5,255,6,0,0,medium,0
2014,0.73,0.62,3,218,3,0,0,medium,0
2015,0.59,0.87,3,268,4,0,0,medium,0
2016,0.81,0.57,3,224,2,0,0,medium,0
2017,0.9,0.66,3,231,3,0,0,medium,0
2018,0.41,0.84,6,191,6,0,0,medium,0
2019,0.89,0.92,4,165,5,0,0,medium,0
2020,0.48,0.84,4,252,3,0,0,medium,0
2021,0.79,0.97,5,266,2,0,0,medium,0
2022,0.98,0.66,5,248,3,0,0,medium,0
2023,0.75,0.7,4,144,4,0,0,high,0
2024,1.0,0.41,4,174,3,0,0,low,0
2025,0.24,0.82,5,179,6,0,0,medium,0
2026,0.84,0.43,6,246,4,0,0,medium,0
2027,0.56,0.86,4,201,3,1,0,medium,0
2028,0.92,0.93,4,208,3,0,0,medium,0
2029,0.61,0.98,3,267,3,0,0,low,0
2030,0.84,0.77,4,262,4,0,0,low,0
2031,0.85,0.59,3,235,3,0,0,low,0
2032,0.67,0.57,2,160,4,0,0,low,0
2033,0.54,0.94,4,267,4,0,0,low,0
2034,0.75,0.56,5,175,4,0,0,low,0
2035,0.82,0.79,4,224,2,0,0,low,0
2036,0.76,0.6,4,177,2,0,0,low,0
2037,0.19,0.53,6,191,4,0,0,low,0
2038,0.61,0.41,3,138,3,0,0,low,0
2039,0.51,0.8,3,218,2,1,0,low,0
2040,0.52,0.88,3,179,2,1,0,low,0
2041,0.74,0.58,3,241,3,0,0,low,0
2042,0.98,0.91,4,240,3,0,0,low,0
2043,0.71,0.92,3,202,4,0,0,low,0
2044,0.33,0.88,6,260,3,0,0,low,0
2045,0.98,0.97,3,196,3,0,0,low,0
2046,0.52,0.59,2,176,3,1,0,low,0
2047,0.84,0.65,2,140,3,0,0,low,0
2048,0.87,0.5,3,242,2,0,0,low,0
2049,0.48,0.85,3,279,4,0,0,low,0
2050,0.58,0.55,4,202,3,0,0,medium,0
2051,0.58,0.84,5,228,3,0,0,medium,0
2052,0.73,0.69,4,171,3,0,0,medium,0
2053,0.68,0.54,4,153,3,0,0,medium,0
2054,0.41,0.68,3,165,3,1,0,medium,0
2055,0.85,0.6,3,182,3,0,0,medium,0
2056,0.54,0.7,5,239,5,0,0,medium,0
2057,0.81,0.61,5,231,2,0,0,medium,0
2058,0.7,0.52,4,255,3,0,0,medium,0
2059,0.63,0.66,4,237,2,1,0,medium,0
2060,0.68,0.54,3,251,2,0,0,medium,0
2061,0.7,0.53,4,178,2,0,0,medium,0
2062,0.82,0.65,4,148,3,0,0,high,0
2063,0.72,0.94,4,240,4,0,0,low,0
2064,0.77,0.78,3,269,3,0,0,medium,0
2065,0.86,0.91,4,147,3,0,0,medium,0
2066,0.15,0.97,3,198,5,0,0,medium,0
2067,0.81,0.99,5,143,3,0,0,medium,0
2068,0.93,0.98,3,238,2,0,0,low,0
2069,0.62,0.74,4,213,4,0,0,low,0
2070,0.53,0.81,3,226,3,1,0,low,0
2071,0.86,0.99,3,169,2,1,0,low,0
2072,0.92,0.65,4,238,2,0,0,low,0
2073,0.97,0.83,4,202,3,0,0,low,0
2074,0.39,0.78,2,205,6,1,0,low,0
2075,0.45,0.66,3,111,4,0,0,low,0
2076,0.41,0.47,4,104,3,0,0,low,0
2077,0.51,0.69,3,212,3,0,0,low,0
2078,0.74,0.62,4,236,4,0,0,low,0
2079,0.69,0.57,5,245,2,1,0,low,0
2080,0.84,0.64,4,267,4,0,0,low,0
2081,0.69,0.66,5,106,5,0,0,low,0
2082,0.93,0.53,5,198,3,0,0,low,0
2083,0.33,0.45,6,239,3,0,0,low,0
2084,0.25,0.65,5,220,3,0,0,low,0
2085,0.63,0.59,5,224,3,0,0,low,0
2086,0.81,0.62,3,100,3,0,0,low,0
2087,0.12,0.87,4,244,5,0,0,low,0
2088,0.52,0.66,4,139,3,0,0,low,0
2089,0.57,0.51,2,152,2,0,0,medium,0
2090,0.84,0.58,4,208,3,0,0,medium,0
2091,0.6,0.95,5,205,3,0,0,medium,0
2092,0.73,0.44,2,194,6,0,0,medium,0
2093,0.2,0.58,3,209,5,0,0,medium,0
2094,0.58,0.9,3,212,3,0,0,medium,0
2095,0.48,0.56,2,151,3,0,0,medium,0
2096,0.54,0.67,4,282,6,0,0,medium,0
2097,0.86,1.0,4,256,3,0,0,medium,0
2098,0.94,0.83,2,185,3,1,0,medium,0
2099,0.76,0.74,5,132,3,0,0,medium,0
2100,0.61,0.95,5,233,3,0,0,medium,0
2101,0.56,0.94,4,215,2,0,0,high,0
2102,1.0,0.74,3,220,4,0,0,low,0
2103,0.15,0.53,6,222,3,0,0,medium,0
2104,0.19,0.58,5,182,2,0,0,medium,0
2105,0.17,0.73,5,258,4,0,0,medium,0
2106,0.71,0.57,3,209,2,0,0,medium,0
2107,0.86,0.79,3,242,2,0,0,low,0
2108,0.59,0.88,4,155,3,1,0,low,0
2109,0.74,0.76,5,104,4,0,0,low,0
2110,0.98,0.92,4,201,3,1,0,low,0
2111,0.93,0.75,5,143,3,0,0,low,0
2112,1.0,0.92,5,161,3,1,0,low,0
2113,0.59,0.81,4,200,2,0,0,low,0
2114,0.98,0.55,4,255,2,0,0,low,0
2115,0.35,0.5,5,227,2,0,0,low,0
2116,0.42,0.96,3,270,6,0,0,low,0
2117,0.61,0.85,5,230,3,0,0,low,0
2118,0.78,0.72,5,270,3,1,0,low,0
2119,0.93,0.52,4,200,3,0,0,low,0
2120,0.5,0.95,5,207,3,0,0,low,0
2121,0.67,0.51,5,182,3,0,0,low,0
2122,0.75,0.85,4,234,3,0,0,low,0
2123,0.79,0.51,4,237,2,0,0,low,0
2124,0.84,0.89,4,187,2,1,0,low,0
2125,0.72,0.5,3,257,6,0,0,low,0
2126,0.57,0.48,2,194,2,0,0,low,0
2127,0.73,0.52,4,162,3,0,0,low,0
2128,0.74,0.58,4,148,2,0,0,medium,0
2129,0.52,0.83,4,210,2,0,0,medium,0
2130,0.56,0.76,3,213,2,1,0,medium,0
2131,0.76,0.68,4,189,2,1,0,medium,0
2132,0.82,0.93,4,185,2,0,0,medium,0
2133,0.76,0.83,3,186,2,1,0,medium,0
2134,0.62,0.59,3,128,3,0,0,medium,0
2135,0.48,0.8,4,268,3,0,0,medium,0
2136,0.64,0.77,3,213,3,1,0,medium,0
2137,0.74,0.82,4,142,2,0,0,medium,0
2138,0.52,0.43,2,199,2,0,0,medium,0
2139,0.67,0.5,4,157,2,0,0,medium,0
2140,0.71,0.76,5,172,2,1,0,high,0
2141,0.72,0.63,3,176,3,1,0,low,0
2142,0.33,0.58,2,183,2,0,0,medium,0
2143,0.91,0.56,4,270,2,0,0,medium,0
2144,0.88,0.68,5,157,4,1,0,medium,0
2145,0.96,0.6,4,185,3,0,0,medium,0
2146,0.97,0.68,3,167,3,0,0,low,0
2147,0.27,0.59,5,226,5,0,0,low,0
2148,0.65,0.64,3,223,4,0,0,low,0
2149,0.68,0.73,3,257,3,0,0,low,0
2150,0.68,0.46,4,143,3,0,0,low,0
2151,0.69,0.74,3,215,2,0,0,low,0
2152,0.79,0.99,3,194,4,0,0,low,0
2153,0.74,0.92,5,193,3,0,0,low,0
2154,0.8,0.83,3,163,3,0,0,low,0
2155,0.38,0.94,5,252,5,0,0,low,0
2156,0.26,0.83,3,168,3,0,0,low,0
2157,0.81,0.86,3,231,3,0,0,low,0
2158,0.67,0.54,2,141,2,0,0,low,0
2159,0.55,0.81,4,260,2,0,0,low,0
2160,0.87,0.71,3,132,2,0,0,low,0
2161,0.46,0.69,2,159,2,0,0,low,0
2162,0.63,0.57,4,177,3,1,0,low,0
2163,0.54,0.96,4,248,3,0,0,low,0
2164,1.0,0.49,3,185,2,0,0,low,0
2165,0.97,0.66,4,149,2,0,0,low,0
2166,0.9,0.92,3,152,3,0,0,low,0
2167,0.75,0.7,3,129,3,0,0,medium,0
2168,0.92,0.84,4,208,2,0,0,medium,0
2169,0.8,0.94,4,136,2,0,0,medium,0
2170,0.57,0.81,3,142,2,0,0,medium,0
2171,0.81,0.94,3,225,4,0,0,medium,0
2172,0.64,0.6,3,143,3,0,0,medium,0
2173,0.71,0.54,4,215,3,0,0,medium,0
2174,0.35,0.58,3,229,6,1,0,medium,0
2175,0.88,0.81,5,193,5,0,0,medium,0
2176,0.13,0.59,5,160,5,0,0,medium,0
2177,0.82,0.73,4,195,5,1,0,medium,0
2178,0.17,0.92,4,189,2,0,0,medium,0
2179,0.21,0.82,4,207,5,0,0,high,0
2180,0.89,0.47,4,108,3,0,0,low,0
2181,0.2,0.72,6,224,4,0,0,medium,0
2182,0.99,0.81,5,180,3,1,0,medium,0
2183,0.26,0.85,6,152,4,0,0,medium,0
2184,0.22,0.53,4,244,2,0,0,medium,0
2185,0.79,0.84,3,176,3,0,0,low,0
2186,0.73,0.79,4,145,2,1,0,low,0
2187,0.83,0.54,3,149,3,0,0,low,0
2188,0.42,0.54,3,122,4,0,0,low,0
2189,0.18,0.8,2,110,5,0,0,low,0
2190,0.92,0.91,4,222,2,0,0,low,0
2191,0.87,0.52,3,237,3,0,0,low,0
2192,0.72,0.65,4,224,3,0,0,low,0
2193,0.64,0.58,5,115,5,0,0,low,0
2194,1.0,0.66,4,180,3,0,0,low,0
2195,0.83,0.65,4,162,3,0,0,low,0
2196,0.98,0.58,4,136,3,0,0,low,0
2197,0.7,0.87,3,260,2,0,0,low,0
2198,0.9,0.79,4,150,2,0,0,low,0
2199,0.55,0.99,4,248,3,0,0,low,0
2200,0.78,0.84,3,233,3,1,0,low,0
2201,0.89,0.53,5,272,3,0,0,low,0
2202,0.17,0.59,3,197,5,0,0,low,0
2203,0.14,0.64,5,164,5,0,0,low,0
2204,0.85,0.57,4,216,2,0,0,low,0
2205,0.84,0.79,4,266,3,1,0,low,0
2206,0.7,0.69,3,102,4,1,0,medium,0
2207,0.16,0.98,5,284,5,0,0,medium,0
2208,0.51,0.69,3,145,2,1,0,medium,0
2209,0.6,0.89,3,167,4,0,0,medium,0
2210,0.5,0.63,3,172,2,0,0,medium,0
2211,0.43,0.39,5,198,5,0,0,medium,0
2212,0.5,0.7,4,201,4,0,0,medium,0
2213,0.91,0.89,4,197,4,0,0,medium,0
2214,0.65,0.93,4,270,2,0,0,medium,0
2215,0.59,0.52,2,149,3,0,0,medium,0
2216,0.89,0.56,3,256,3,0,0,medium,0
2217,0.97,0.6,3,162,3,0,0,medium,0
2218,0.56,0.97,5,163,2,0,0,high,0
2219,0.76,0.93,3,266,3,1,0,low,0
2220,0.28,0.55,4,208,4,0,0,medium,0
2221,0.75,0.51,4,138,4,0,0,medium,0
2222,0.78,0.81,4,232,3,0,0,medium,0
2223,0.26,0.63,6,100,4,0,0,medium,0
2224,0.53,0.72,2,172,5,0,0,low,0
2225,0.25,0.41,3,133,6,1,0,low,0
2226,0.82,0.51,3,234,3,0,0,low,0
2227,0.71,0.57,2,183,4,0,0,low,0
2228,0.61,0.95,4,174,4,0,0,low,0
2229,0.89,0.68,3,175,2,0,0,low,0
2230,0.57,0.78,3,109,3,1,0,low,0
2231,0.93,0.8,4,248,3,0,0,low,0
2232,0.61,0.84,5,104,4,0,0,low,0
2233,0.56,0.62,3,154,2,0,0,low,0
2234,0.7,0.89,6,214,2,0,0,low,0
2235,0.9,0.64,4,209,4,0,0,low,0
2236,0.15,0.74,6,212,2,0,0,low,0
2237,0.39,0.36,3,168,3,1,0,low,0
2238,0.74,0.72,4,176,3,0,0,low,0
2239,0.7,0.61,4,163,4,1,0,low,0
2240,0.72,0.93,4,148,2,0,0,low,0
2241,0.61,0.97,3,137,3,0,0,low,0
2242,0.96,1.0,5,162,3,0,0,low,0
2243,0.7,0.59,4,216,3,0,0,low,0
2244,0.92,0.49,3,240,2,0,0,low,0
2245,0.72,0.56,4,176,2,0,0,medium,0
2246,0.53,0.75,6,192,6,0,0,medium,0
2247,0.67,0.85,3,160,4,0,0,medium,0
2248,0.78,0.8,4,194,2,1,0,medium,0
2249,0.53,0.75,4,239,2,1,0,medium,0
2250,0.9,0.48,4,204,3,0,0,medium,0
2251,0.16,0.9,5,258,3,0,0,medium,0
2252,0.62,0.38,3,257,3,0,0,medium,0
2253,0.62,0.98,4,137,3,0,0,medium,0
2254,0.22,0.52,6,175,4,0,0,medium,0
2255,0.91,0.82,3,183,3,0,0,medium,0
2256,0.87,0.74,4,190,4,0,0,medium,0
2257,0.95,0.69,3,225,2,0,0,high,0
2258,0.99,0.75,3,215,3,0,0,low,0
2259,0.99,0.57,3,176,4,1,0,medium,0
2260,0.77,0.99,4,153,3,1,0,medium,0
2261,0.75,0.68,3,150,2,1,0,medium,0
2262,0.83,0.54,4,259,5,0,0,medium,0
2263,0.61,0.39,3,99,2,0,0,low,0
2264,0.91,0.97,3,167,2,0,0,low,0
2265,0.47,0.64,3,192,3,0,0,low,0
2266,0.77,0.61,5,146,3,0,0,low,0
2267,0.55,0.51,3,190,3,0,0,low,0
2268,0.32,0.48,5,246,3,0,0,low,0
2269,0.96,0.67,6,190,3,0,0,low,0
2270,0.72,0.79,5,260,2,0,0,low,0
2271,0.8,0.9,4,136,3,0,0,low,0
2272,0.61,0.55,4,231,3,0,0,low,0
2273,0.97,0.88,3,204,2,0,0,low,0
2274,0.63,0.93,4,201,3,0,0,low,0
2275,0.92,0.92,3,159,3,0,0,low,0
2276,0.94,0.74,5,171,3,0,0,low,0
2277,0.79,0.72,6,240,4,0,0,low,0
2278,0.75,0.73,2,152,4,0,0,low,0
2279,0.78,0.99,3,151,3,1,0,low,0
2280,0.96,0.45,6,232,2,1,0,low,0
2281,0.65,0.68,4,128,5,0,0,low,0
2282,0.18,0.94,3,187,6,1,0,low,0
2283,0.94,0.51,3,160,2,0,0,low,0
2284,0.84,0.79,4,259,3,0,0,medium,0
2285,0.67,0.54,2,136,2,0,0,medium,0
2286,0.71,0.5,4,253,3,0,0,medium,0
2287,0.56,0.64,3,260,3,0,0,medium,0
2288,0.29,0.56,5,231,6,0,0,medium,0
2289,0.47,0.9,3,101,2,1,0,medium,0
2290,0.4,0.69,2,174,3,0,0,medium,0
2291,0.81,0.82,4,167,2,0,0,medium,0
2292,0.96,0.99,3,148,3,0,0,medium,0
2293,0.99,0.75,6,139,5,1,0,medium,0
2294,0.75,0.77,4,136,3,0,0,medium,0
2295,0.75,0.74,4,153,2,0,0,medium,0
2296,1.0,0.86,4,161,2,0,0,high,0
2297,0.52,0.53,2,163,2,0,0,low,0
2298,0.98,0.74,3,164,3,0,0,medium,0
2299,0.6,0.64,2,137,5,0,0,medium,0
2300,0.38,0.44,3,137,3,0,0,medium,0
2301,0.51,0.41,6,106,5,0,0,medium,0
2302,0.91,0.61,2,272,2,0,0,low,0
2303,0.56,0.62,5,238,3,0,0,low,0
2304,0.58,0.69,4,223,4,0,0,low,0
2305,0.51,0.53,3,201,2,0,0,low,0
2306,0.91,0.55,6,97,4,0,0,low,0
2307,0.8,0.98,2,232,6,1,0,low,0
2308,0.55,0.83,4,199,3,0,0,low,0
2309,0.62,0.53,3,141,3,0,0,low,0
2310,0.62,0.6,3,171,2,0,0,low,0
2311,0.87,0.58,4,212,3,0,0,low,0
2312,0.65,0.5,5,270,2,0,0,low,0
2313,0.51,0.64,3,267,2,0,0,low,0
2314,0.98,0.77,3,134,2,1,0,low,0
2315,0.13,0.43,4,165,5,0,0,low,0
2316,0.78,0.76,5,168,4,1,0,low,0
2317,0.6,0.98,3,262,2,0,0,low,0
2318,0.68,0.69,3,185,2,0,0,low,0
2319,0.55,0.84,3,237,3,0,0,low,0
2320,0.99,0.79,4,192,3,0,0,low,0
2321,0.92,0.68,5,236,2,0,0,low,0
2322,1.0,0.65,4,202,4,1,0,low,0
2323,0.77,0.93,4,171,2,0,0,medium,0
2324,0.86,0.7,5,160,3,0,0,medium,0
2325,0.89,0.84,2,252,3,0,0,medium,0
2326,0.58,0.55,5,206,3,0,0,medium,0
2327,0.56,0.66,3,212,2,0,0,medium,0
2328,0.38,0.64,3,111,3,0,0,medium,0
2329,0.62,0.64,3,240,2,0,0,medium,0
2330,0.66,0.77,2,171,2,0,0,medium,0
2331,0.3,0.44,3,129,2,0,0,medium,0
2332,0.82,0.83,3,271,2,0,0,medium,0
2333,0.96,0.68,4,162,2,0,0,medium,0
2334,0.66,0.95,3,191,3,0,0,medium,0
2335,0.79,0.5,5,176,3,0,0,high,0
2336,0.97,0.77,3,182,2,1,0,low,0
2337,0.59,0.65,3,226,3,0,0,medium,0
2338,0.57,0.48,4,161,3,0,0,medium,0
2339,0.64,0.53,4,163,3,0,0,medium,0
2340,0.14,0.51,5,173,4,0,0,medium,0
2341,0.48,0.55,3,228,2,0,0,low,0
2342,0.78,1.0,3,139,3,0,0,low,0
2343,0.96,0.62,5,128,5,0,0,low,0
2344,0.82,0.97,3,115,2,1,0,low,0
2345,0.94,0.9,5,191,4,0,0,low,0
2346,0.95,0.66,4,183,3,0,0,low,0
2347,0.59,0.43,3,173,3,0,0,low,0
2348,0.69,0.89,4,174,2,0,0,low,0
2349,0.74,0.72,3,213,3,0,0,low,0
2350,0.67,0.67,4,192,4,0,0,low,0
2351,0.83,0.52,3,167,2,1,0,low,0
2352,0.81,0.85,3,263,3,1,0,low,0
2353,0.54,0.73,2,100,3,0,0,low,0
2354,0.89,0.83,3,164,3,0,0,low,0
2355,0.79,0.74,5,172,2,0,0,low,0
2356,0.46,0.58,4,171,3,0,0,low,0
2357,0.99,0.93,4,236,3,0,0,low,0
2358,0.75,0.9,5,186,4,0,0,low,0
2359,0.93,0.82,4,175,3,0,0,low,0
2360,0.65,0.6,5,227,3,0,0,low,0
2361,0.19,0.63,4,142,6,0,0,low,0
2362,0.48,0.61,2,121,2,0,0,medium,0
2363,0.95,0.64,5,234,3,0,0,medium,0
2364,0.92,0.77,4,185,3,0,0,medium,0
2365,0.84,0.54,4,160,3,0,0,medium,0
2366,0.37,0.63,4,153,3,1,0,medium,0
2367,0.22,0.74,3,199,6,0,0,medium,0
2368,0.64,0.54,3,166,2,0,0,medium,0
2369,0.72,0.88,2,247,3,0,0,medium,0
2370,0.48,0.69,4,245,3,0,0,medium,0
2371,0.12,0.55,5,242,4,0,0,medium,0
2372,0.78,0.98,5,158,2,0,0,medium,0
2373,0.71,0.74,3,163,3,1,0,medium,0
2374,0.38,0.69,3,99,3,1,0,high,0
2375,0.57,0.85,4,164,3,0,0,low,0
2376,0.72,0.51,3,160,3,0,0,medium,0
2377,0.6,0.57,2,184,3,0,0,medium,0
2378,0.61,0.55,5,266,2,0,0,medium,0
2379,0.67,0.64,4,190,2,0,0,medium,0
2380,0.97,0.97,5,192,2,0,0,low,0
2381,0.22,0.6,3,205,6,1,0,low,0
2382,0.15,0.53,4,205,5,1,0,low,0
2383,0.6,0.6,3,258,3,0,0,low,0
2384,0.15,0.8,5,151,2,1,0,low,0
2385,0.5,0.81,3,148,2,0,0,low,0
2386,0.9,0.67,3,179,2,0,0,low,0
2387,0.84,0.51,6,141,2,1,0,low,0
2388,0.74,0.78,5,216,2,0,0,low,0
2389,0.72,0.51,3,235,2,0,0,low,0
2390,0.93,0.63,3,160,4,1,0,low,0
2391,0.54,0.69,3,141,4,0,0,low,0
2392,0.87,0.65,4,246,2,1,0,low,0
2393,0.19,0.98,5,226,4,1,0,low,0
2394,0.33,0.4,4,212,2,1,0,low,0
2395,0.94,0.93,4,220,3,0,0,low,0
2396,0.77,0.49,4,266,2,0,0,low,0
2397,0.48,0.82,3,183,2,0,0,low,0
2398,0.7,0.74,5,263,3,1,0,low,0
2399,0.54,0.93,4,161,4,1,0,low,0
2400,0.61,0.98,4,199,2,0,0,low,0
2401,0.97,0.4,4,258,4,1,0,medium,0
2402,0.6,0.85,3,209,2,1,0,medium,0
2403,0.93,0.84,5,135,3,0,0,medium,0
2404,0.48,0.69,4,222,2,0,0,medium,0
2405,0.16,0.76,5,192,3,0,0,medium,0
2406,0.18,0.75,3,250,3,0,0,medium,0
2407,0.84,0.75,3,187,3,1,0,medium,0
2408,0.69,0.63,4,217,3,0,0,medium,0
2409,0.22,0.88,4,213,3,1,0,medium,0
2410,0.83,0.52,4,273,3,0,0,medium,0
2411,0.58,0.5,2,132,3,0,0,medium,0
2412,0.61,0.62,4,140,3,1,0,medium,0
2413,0.67,0.5,4,173,2,1,0,high,0
2414,0.56,0.76,4,189,2,0,0,low,0
2415,0.74,0.74,3,156,3,0,0,medium,0
2416,0.92,0.97,4,238,5,1,0,medium,0
2417,0.81,0.68,5,230,2,0,0,medium,0
2418,0.48,0.49,4,242,2,1,0,medium,0
2419,0.73,0.72,4,197,3,0,0,low,0
2420,0.97,0.66,6,164,5,0,0,low,0
2421,0.15,0.51,6,248,5,0,0,low,0
2422,0.69,0.76,5,255,6,0,0,low,0
2423,0.61,0.68,5,225,4,0,0,low,0
2424,0.86,0.58,3,151,2,0,0,low,0
2425,0.55,0.88,4,252,3,0,0,low,0
2426,0.9,0.74,4,206,4,1,0,low,0
2427,0.65,0.4,2,141,2,0,0,low,0
2428,0.81,0.92,5,259,3,0,0,low,0
2429,0.65,0.86,5,250,3,0,0,low,0
2430,0.47,0.86,4,169,6,0,0,low,0
2431,0.93,0.53,3,200,3,1,0,low,0
2432,0.77,0.9,4,104,5,0,0,low,0
2433,0.87,0.82,6,176,3,0,0,low,0
2434,0.87,0.84,5,137,2,0,0,low,0
2435,0.65,0.75,2,151,3,0,0,low,0
2436,0.21,0.7,6,130,6,1,0,low,0
2437,0.75,0.59,4,199,2,0,0,low,0
2438,0.72,0.86,4,191,2,0,0,low,0
2439,0.88,0.63,3,273,3,1,0,low,0
2440,0.66,0.58,3,205,3,0,0,medium,0
2441,0.8,0.75,3,181,3,0,0,medium,0
2442,0.22,0.55,4,261,3,1,0,medium,0
2443,0.92,0.69,3,192,3,0,0,medium,0
2444,0.54,0.77,4,271,3,0,0,medium,0
2445,0.91,0.56,4,158,3,0,0,medium,0
2446,0.77,0.83,4,231,2,0,0,medium,0
2447,0.61,0.51,3,156,3,1,0,medium,0
2448,0.48,0.9,4,201,4,0,0,medium,0
2449,0.25,0.69,3,187,4,0,0,medium,0
2450,0.91,0.7,3,132,4,0,0,medium,0
2451,0.72,0.58,5,147,3,1,0,medium,0
2452,0.77,0.71,4,223,3,0,0,high,0
2453,0.41,0.4,2,194,2,0,0,low,0
2454,0.51,0.49,4,234,2,0,0,medium,0
2455,0.72,0.79,3,149,3,0,0,medium,0
2456,0.47,0.57,3,162,3,1,0,medium,0
2457,0.53,0.67,4,238,2,0,0,medium,0
2458,0.65,0.52,5,149,3,0,0,low,0
2459,0.18,0.75,4,170,5,0,0,low,0
2460,0.61,0.48,3,250,2,0,0,low,0
2461,0.86,0.72,4,167,2,0,0,low,0
2462,0.14,0.77,4,166,5,0,0,low,0
2463,0.63,0.8,3,205,2,0,0,low,0
2464,0.79,0.57,3,250,3,0,0,low,0
2465,0.78,0.97,4,142,3,0,0,low,0
2466,0.14,0.52,4,217,6,0,0,low,0
2467,0.85,0.54,3,139,3,0,0,low,0
2468,0.85,0.75,4,139,3,0,0,low,0
2469,0.91,0.76,5,152,3,0,0,low,0
2470,0.76,0.74,3,224,2,0,0,low,0
2471,0.62,0.72,5,180,3,0,0,low,0
2472,0.53,0.69,4,216,2,0,0,low,0
2473,0.97,0.63,3,133,3,0,0,low,0
2474,0.48,0.53,4,271,3,0,0,low,0
2475,0.5,0.55,4,148,3,1,0,low,0
2476,0.32,0.42,2,99,4,0,0,low,0
2477,0.58,0.77,4,196,2,1,0,low,0
2478,0.81,0.83,3,196,2,0,0,low,0
2479,0.48,0.84,4,228,3,0,0,medium,0
2480,0.96,0.88,4,165,2,0,0,medium,0
2481,0.56,0.9,3,235,2,0,0,medium,0
2482,0.63,0.96,4,167,2,0,0,medium,0
2483,0.21,0.5,5,255,5,0,0,medium,0
2484,0.94,0.78,3,184,3,1,0,medium,0
2485,0.94,0.89,4,239,3,0,0,medium,0
2486,0.96,0.54,3,153,2,0,0,medium,0
2487,0.49,0.5,4,187,5,1,0,medium,0
2488,0.82,0.68,2,285,2,0,0,medium,0
2489,0.6,0.5,3,274,3,0,0,medium,0
2490,0.76,0.5,3,156,3,1,0,medium,0
2491,0.69,0.64,5,265,2,1,0,high,0
2492,1.0,0.94,4,144,3,0,0,low,0
2493,0.62,0.66,4,143,3,0,0,medium,0
2494,0.4,0.99,4,214,6,1,0,medium,0
2495,0.94,0.91,3,163,3,0,0,medium,0
2496,0.76,0.84,4,236,4,0,0,medium,0
2497,0.58,0.69,3,146,4,0,0,low,0
2498,0.85,0.78,4,106,2,0,0,low,0
2499,0.45,0.52,2,105,3,0,0,low,0
2500,0.13,0.67,3,181,4,0,0,low,0
2501,0.24,0.5,5,174,4,0,0,low,0
2502,0.64,0.69,3,207,2,1,0,low,0
2503,0.63,0.61,6,118,2,0,0,low,0
2504,0.61,0.99,4,251,2,0,0,low,0
2505,0.71,0.99,2,136,3,0,0,low,0
2506,0.9,0.89,5,249,3,1,0,low,0
2507,0.17,0.76,4,171,5,0,0,low,0
2508,0.93,0.97,3,256,2,1,0,low,0
2509,0.83,0.89,5,141,3,1,0,low,0
2510,0.58,0.75,4,186,2,0,0,low,0
2511,0.76,0.5,3,258,3,0,0,low,0
2512,0.5,0.78,3,228,2,0,0,low,0
2513,0.22,0.81,5,205,4,0,0,low,0
2514,0.9,0.88,4,174,3,0,0,low,0
2515,0.7,0.63,3,155,4,1,0,low,0
2516,0.73,0.85,5,245,3,0,0,low,0
2517,0.84,0.87,3,271,3,0,0,low,0
2518,0.55,0.63,5,184,4,0,0,medium,0
2519,0.63,0.98,4,175,2,0,0,medium,0
2520,0.51,0.92,3,224,3,0,0,medium,0
2521,0.81,0.76,4,177,3,0,0,medium,0
2522,0.8,0.96,4,268,3,0,0,medium,0
2523,0.99,0.97,4,208,3,0,0,medium,0
2524,0.9,0.87,5,219,2,0,0,medium,0
2525,0.65,0.67,5,128,5,0,0,medium,0
2526,0.75,0.75,3,273,3,0,0,medium,0
2527,0.62,0.49,4,218,4,0,0,medium,0
2528,0.61,0.63,5,230,3,0,0,medium,0
2529,0.24,0.6,4,195,5,0,0,medium,0
2530,0.71,0.63,3,254,3,1,0,high,0
2531,0.49,0.8,2,275,2,0,0,low,0
2532,0.44,0.66,3,162,2,0,0,medium,0
2533,0.75,0.87,4,193,3,0,0,medium,0
2534,0.74,0.84,3,239,4,0,0,medium,0
2535,0.62,0.87,5,149,3,0,0,medium,0
2536,0.51,0.58,3,155,3,0,0,low,0
2537,0.61,0.59,5,271,2,0,0,low,0
2538,0.56,0.49,5,163,3,0,0,low,0
2539,0.79,0.76,3,160,3,0,0,low,0
2540,0.68,0.75,6,274,5,0,0,low,0
2541,0.9,0.84,2,199,3,0,0,low,0
2542,0.83,0.93,5,241,3,0,0,low,0
2543,0.94,0.82,3,187,3,0,0,low,0
2544,0.21,0.65,5,223,3,1,0,low,0
2545,0.58,0.87,3,268,2,0,0,low,0
2546,0.52,0.38,6,169,3,0,0,low,0
2547,0.18,0.67,5,285,5,0,0,low,0
2548,0.94,0.91,5,254,3,0,0,low,0
2549,0.69,0.5,3,208,4,0,0,low,0
2550,0.65,0.83,4,218,3,0,0,low,0
2551,0.46,0.62,2,187,3,0,0,low,0
2552,0.72,0.62,4,256,3,0,0,low,0
2553,0.3,0.37,6,278,3,0,0,low,0
2554,0.51,0.51,4,204,2,0,0,low,0
2555,0.43,0.75,3,108,2,0,0,low,0
2556,0.56,0.94,3,226,2,0,0,low,0
2557,0.63,0.91,4,246,3,0,0,medium,0
2558,0.61,0.55,5,260,3,0,0,medium,0
2559,0.53,0.73,4,248,2,0,0,medium,0
2560,0.87,0.75,3,132,3,0,0,medium,0
2561,0.68,0.7,4,185,4,0,0,medium,0
2562,0.78,0.84,3,269,2,0,0,medium,0
2563,0.49,0.95,4,156,2,0,0,medium,0
2564,0.96,0.81,3,212,3,0,0,medium,0
2565,0.83,0.74,3,221,2,0,0,medium,0
2566,0.48,0.67,5,273,3,0,0,medium,0
2567,0.63,0.86,4,271,3,1,0,medium,0
2568,0.87,0.38,4,183,5,0,0,medium,0
2569,0.21,0.9,4,271,6,0,0,high,0
2570,0.79,0.58,5,165,3,0,0,low,0
2571,0.8,0.96,3,257,5,0,0,medium,0
2572,0.78,0.82,4,143,3,0,0,medium,0
2573,0.67,0.65,5,156,2,0,0,medium,0
2574,0.67,0.71,3,190,3,1,0,medium,0
2575,0.26,0.67,2,242,6,0,0,low,0
2576,0.89,0.83,5,267,4,0,0,low,0
2577,0.7,0.53,4,152,3,0,0,low,0
2578,0.51,0.48,5,136,4,0,0,low,0
2579,0.53,0.88,3,157,3,0,0,low,0
2580,0.76,0.51,4,281,3,0,0,low,0
2581,0.86,0.93,5,208,2,0,0,low,0
2582,0.63,0.96,5,152,3,0,0,low,0
2583,0.58,0.86,5,271,3,0,0,low,0
2584,0.58,0.83,4,163,3,1,0,low,0
2585,0.9,0.82,4,136,3,0,0,low,0
2586,0.79,0.57,4,233,2,0,0,low,0
2587,0.8,0.74,4,221,4,0,0,low,0
2588,0.53,0.65,2,189,2,1,0,low,0
2589,0.52,0.84,2,226,3,0,0,low,0
2590,0.82,0.59,5,201,3,0,0,low,0
2591,0.68,0.9,2,133,4,0,0,low,0
2592,0.21,0.61,3,173,2,0,0,low,0
2593,0.81,0.5,4,152,3,1,0,low,0
2594,0.57,0.9,3,256,4,0,0,low,0
2595,0.99,0.72,3,119,2,1,0,low,0
2596,0.9,1.0,4,207,3,0,0,medium,0
2597,0.76,0.64,3,189,3,0,0,medium,0
2598,0.56,0.92,4,172,2,0,0,medium,0
2599,0.5,0.93,6,150,3,1,0,medium,0
2600,0.48,0.89,5,179,3,0,0,medium,0
2601,0.99,0.97,3,257,2,0,0,medium,0
2602,0.76,0.8,5,229,2,0,0,medium,0
2603,0.93,0.97,4,227,3,0,0,medium,0
2604,0.99,0.78,4,140,3,0,0,medium,0
2605,0.85,0.78,4,251,3,0,0,medium,0
2606,0.63,0.95,4,137,3,0,0,medium,0
2607,0.63,0.78,3,153,3,1,0,medium,0
2608,0.5,0.65,5,242,3,0,0,high,0
2609,0.52,0.57,3,150,3,0,0,low,0
2610,0.63,0.99,3,247,3,0,0,medium,0
2611,0.78,0.5,4,212,2,0,0,medium,0
2612,0.98,0.53,3,234,3,0,0,medium,0
2613,0.14,1.0,5,174,5,0,0,medium,0
2614,0.7,0.9,3,225,2,0,0,low,0
2615,0.88,0.6,4,224,2,0,0,low,0
2616,0.72,0.62,3,270,4,0,0,low,0
2617,0.88,0.51,4,139,3,0,0,low,0
2618,0.71,0.51,3,248,4,0,0,low,0
2619,0.6,0.85,3,172,2,0,0,low,0
2620,0.88,0.86,4,224,3,1,0,low,0
2621,0.55,0.72,5,232,4,0,0,low,0
2622,0.85,0.55,4,260,2,1,0,low,0
2623,0.84,0.51,2,117,4,0,0,low,0
2624,0.91,0.61,4,243,2,1,0,low,0
2625,0.82,0.62,4,202,2,0,0,low,0
2626,0.6,0.91,2,168,4,0,0,low,0
2627,0.89,0.71,5,194,3,0,0,low,0
2628,0.6,0.97,4,219,4,1,0,low,0
2629,0.64,0.52,4,207,3,0,0,low,0
2630,0.93,0.88,4,177,3,0,0,low,0
2631,0.81,0.99,3,239,2,1,0,low,0
2632,0.31,0.49,4,165,3,1,0,low,0
2633,0.68,0.69,4,225,2,0,0,low,0
2634,0.78,0.59,3,212,2,0,0,low,0
2635,0.44,0.42,4,159,4,0,0,medium,0
2636,0.64,0.93,4,233,2,1,0,medium,0
2637,0.81,0.63,4,108,6,0,0,medium,0
2638,0.5,0.49,3,214,3,0,0,medium,0
2639,0.69,0.61,5,229,3,0,0,medium,0
2640,0.77,0.75,4,223,3,0,0,medium,0
2641,0.69,0.56,4,178,3,0,0,medium,0
2642,0.87,0.68,4,246,2,0,0,medium,0
2643,0.85,0.91,4,145,3,0,0,medium,0
2644,0.83,0.83,4,224,4,0,0,medium,0
2645,0.68,0.51,3,259,3,0,0,medium,0
2646,0.78,0.65,4,207,2,0,0,medium,0
2647,0.78,0.89,3,253,3,0,0,high,0
2648,0.93,0.68,4,196,2,1,0,low,0
2649,0.54,0.75,3,240,3,0,0,medium,0
2650,0.76,0.56,3,255,3,0,0,medium,0
2651,0.4,0.72,3,139,2,0,0,medium,0
2652,0.73,0.81,3,168,2,0,0,medium,0
2653,0.86,0.98,5,233,3,0,0,low,0
2654,0.38,0.68,5,211,6,0,0,low,0
2655,0.71,0.48,5,114,3,0,0,low,0
2656,0.58,0.97,5,202,2,0,0,low,0
2657,0.67,0.59,3,177,3,1,0,low,0
2658,0.55,0.76,4,233,4,0,0,low,0
2659,0.76,0.98,2,111,2,0,0,low,0
2660,0.7,0.82,3,178,3,0,0,low,0
2661,0.66,0.46,4,204,4,0,0,low,0
2662,0.96,0.72,3,272,3,0,0,low,0
2663,0.6,0.77,4,157,4,0,0,low,0
2664,0.54,0.94,5,229,3,1,0,low,0
2665,0.85,0.9,5,202,3,0,0,low,0
2666,0.96,0.84,3,264,3,0,0,low,0
2667,0.86,0.62,3,256,3,1,0,low,0
2668,0.53,0.87,3,151,2,0,0,low,0
2669,0.91,0.95,3,251,3,0,0,low,0
2670,0.33,0.7,5,271,4,0,0,low,0
2671,0.75,0.73,4,274,2,0,0,low,0
2672,0.97,0.8,3,169,3,0,0,low,0
2673,0.68,0.51,4,176,4,1,0,low,0
2674,0.68,0.7,5,168,2,0,0,medium,0
2675,0.57,0.87,4,171,2,0,0,medium,0
2676,0.87,0.9,4,214,3,0,0,medium,0
2677,0.5,0.91,5,224,2,1,0,medium,0
2678,0.76,0.59,3,191,4,0,0,medium,0
2679,0.79,0.61,5,96,4,0,0,medium,0
2680,0.17,0.9,6,217,6,1,0,medium,0
2681,0.6,0.62,4,135,2,1,0,medium,0
2682,0.89,0.67,3,226,3,0,0,medium,0
2683,0.69,0.87,3,202,2,0,0,medium,0
2684,0.68,0.85,2,180,6,0,0,medium,0
2685,0.61,0.87,5,174,4,0,0,medium,0
2686,0.63,0.5,3,140,2,0,0,high,0
2687,0.5,0.96,4,147,3,0,0,low,0
2688,0.49,0.74,2,263,3,1,0,medium,0
2689,0.83,0.55,5,261,5,0,0,medium,0
2690,0.59,0.71,2,176,2,1,0,medium,0
2691,0.75,0.93,2,98,5,0,0,medium,0
2692,0.66,0.48,3,192,3,1,0,low,0
2693,0.68,0.51,4,157,3,0,0,low,0
2694,0.73,0.58,5,230,3,0,0,low,0
2695,0.98,0.53,4,192,2,1,0,low,0
2696,0.86,0.65,3,161,3,0,0,low,0
2697,0.5,0.55,3,176,3,0,0,low,0
2698,0.76,0.76,3,216,3,0,0,low,0
2699,0.3,0.47,4,176,2,0,0,low,0
2700,0.3,0.86,3,276,5,1,0,low,0
2701,0.64,0.59,3,174,3,1,0,low,0
2702,0.59,0.75,3,106,2,0,0,low,0
2703,0.85,0.63,4,154,3,0,0,low,0
2704,0.76,0.93,3,271,5,0,0,low,0
2705,0.63,0.5,5,246,2,0,0,low,0
2706,0.65,0.86,4,264,2,1,0,low,0
2707,0.43,0.68,3,197,2,0,0,low,0
2708,0.83,0.56,4,165,2,0,0,low,0
2709,0.49,0.77,4,218,2,0,0,low,0
2710,0.67,0.73,3,203,2,0,0,low,0
2711,0.9,0.47,2,107,6,1,0,low,0
2712,0.83,0.96,3,179,2,0,0,low,0
2713,0.92,0.84,5,264,3,0,0,medium,0
2714,0.83,0.7,5,154,3,0,0,medium,0
2715,0.64,0.55,4,167,3,1,0,medium,0
2716,0.93,0.97,4,158,3,1,0,medium,0
2717,0.6,0.87,4,227,3,1,0,medium,0
2718,0.74,0.69,3,230,2,0,0,medium,0
2719,0.56,0.75,5,143,5,0,0,medium,0
2720,0.61,0.77,4,142,3,0,0,medium,0
2721,0.63,0.62,4,184,4,0,0,medium,0
2722,0.24,0.62,5,169,4,0,0,medium,0
2723,0.17,0.56,5,218,4,1,0,medium,0
2724,0.46,0.64,2,121,3,0,0,medium,0
2725,0.68,0.48,4,251,4,0,0,high,0
2726,0.68,0.6,2,192,6,0,0,low,0
2727,0.16,0.71,6,227,5,0,0,medium,0
2728,0.15,0.56,6,140,5,0,0,medium,0
2729,0.55,0.49,3,152,2,0,0,medium,0
2730,0.72,0.66,4,202,4,0,0,medium,0
2731,0.91,0.89,2,219,4,0,0,low,0
2732,0.3,0.91,4,248,4,0,0,low,0
2733,0.56,0.68,5,203,2,0,0,low,0
2734,0.94,0.94,3,255,3,0,0,low,0
2735,0.82,0.63,5,177,3,0,0,low,0
2736,0.66,0.86,5,185,3,0,0,low,0
2737,0.74,0.64,4,101,6,1,0,low,0
2738,0.63,0.5,3,246,3,0,0,low,0
2739,0.65,0.42,6,220,2,0,0,low,0
2740,0.56,0.81,3,145,2,0,0,low,0
2741,0.32,0.73,6,194,5,0,0,low,0
2742,0.8,0.9,4,241,2,0,0,low,0
2743,0.34,0.87,6,175,4,0,0,low,0
2744,0.62,0.71,5,149,2,0,0,low,0
2745,0.5,0.86,3,253,2,0,0,low,0
2746,0.58,0.98,5,218,3,0,0,low,0
2747,0.94,0.9,2,263,3,0,0,low,0
2748,0.67,0.99,4,247,3,1,0,low,0
2749,0.2,0.74,6,148,4,0,0,low,0
2750,0.91,0.59,5,162,2,0,0,low,0
2751,0.91,0.67,2,255,4,0,0,low,0
2752,0.78,0.87,3,191,3,1,0,medium,0
2753,0.82,0.55,3,217,4,1,0,medium,0
2754,0.54,0.96,3,201,3,0,0,medium,0
2755,0.53,0.81,3,253,3,0,0,medium,0
2756,0.47,0.55,4,122,5,1,0,medium,0
2757,0.87,0.5,3,269,3,0,0,medium,0
2758,0.5,0.68,4,161,3,0,0,medium,0
2759,0.59,0.83,3,156,2,0,0,medium,0
2760,0.89,0.69,3,173,3,0,0,medium,0
2761,0.54,0.49,4,152,3,1,0,medium,0
2762,0.62,0.85,3,145,3,0,0,medium,0
2763,0.91,0.85,3,248,3,0,0,medium,0
2764,0.84,0.99,2,184,2,0,0,high,0
2765,0.69,0.65,4,232,2,1,0,low,0
2766,0.76,0.63,3,162,2,0,0,medium,0
2767,0.8,0.54,4,269,3,0,0,medium,0
2768,0.4,0.47,5,108,3,0,0,medium,0
2769,0.8,0.99,3,248,3,1,0,medium,0
2770,0.76,0.4,2,122,5,0,0,low,0
2771,0.55,0.9,4,273,2,1,0,low,0
2772,0.98,0.63,3,285,6,0,0,low,0
2773,0.54,0.56,4,227,3,0,0,low,0
2774,0.63,0.56,4,248,2,1,0,low,0
2775,0.88,0.63,3,257,3,0,0,low,0
2776,0.5,0.95,5,194,3,0,0,low,0
2777,0.52,0.72,3,253,3,0,0,low,0
2778,0.89,0.95,4,141,3,0,0,low,0
2779,0.55,0.9,4,199,3,0,0,low,0
2780,0.51,0.81,3,143,2,0,0,low,0
2781,0.35,0.52,5,244,3,0,0,low,0
2782,0.54,0.71,5,173,2,0,0,low,0
2783,0.72,0.84,4,186,3,0,0,low,0
2784,0.61,0.93,2,247,3,0,0,low,0
2785,0.17,0.93,3,218,4,0,0,low,0
2786,0.71,0.88,3,140,2,0,0,low,0
2787,0.88,0.52,4,166,2,0,0,low,0
2788,0.48,1.0,3,216,2,0,0,low,0
2789,0.16,0.97,6,235,3,0,0,low,0
2790,0.62,0.72,3,188,3,0,0,low,0
2791,0.59,0.47,3,143,2,0,0,medium,0
2792,0.14,0.9,4,198,4,0,0,medium,0
2793,0.96,0.92,4,148,3,0,0,medium,0
2794,0.96,0.42,6,101,4,0,0,medium,0
2795,0.13,0.89,4,249,6,1,0,medium,0
2796,0.64,0.61,5,249,3,1,0,medium,0
2797,0.64,0.67,5,198,2,1,0,medium,0
2798,0.57,0.72,3,202,3,1,0,medium,0
2799,0.49,1.0,3,176,3,0,0,medium,0
2800,0.89,0.79,4,133,2,0,0,medium,0
2801,0.94,0.75,5,238,2,0,0,medium,0
2802,0.51,0.58,2,181,4,0,0,medium,0
2803,0.8,0.85,5,242,3,0,0,high,0
2804,0.74,0.51,4,185,2,1,0,low,0
2805,0.66,0.85,4,237,3,1,0,medium,0
2806,0.66,0.99,5,244,3,0,0,medium,0
2807,0.59,0.62,3,178,4,0,0,medium,0
2808,0.91,0.57,3,164,3,0,0,medium,0
2809,0.83,0.98,5,189,4,1,0,low,0
2810,0.5,0.91,3,212,2,0,0,low,0
2811,0.69,0.97,4,233,3,0,0,low,0
2812,0.87,0.91,5,268,3,0,0,low,0
2813,0.37,0.43,2,155,2,0,0,low,0
2814,0.9,0.98,4,257,3,0,0,low,0
2815,0.68,0.41,4,254,5,0,0,low,0
2816,0.93,0.63,4,143,3,1,0,low,0
2817,0.95,0.45,3,225,2,0,0,low,0
2818,0.99,1.0,4,223,2,1,0,low,0
2819,0.64,0.9,2,101,6,0,0,low,0
2820,0.96,0.37,2,159,6,0,0,low,0
2821,0.92,0.54,5,141,2,0,0,low,0
2822,0.22,0.52,5,147,5,1,0,low,0
2823,0.82,0.99,5,252,3,1,0,low,0
2824,0.75,0.89,3,196,3,0,0,low,0
2825,0.2,0.89,6,244,3,0,0,low,0
2826,0.64,0.73,3,142,3,0,0,low,0
2827,0.62,0.9,4,155,4,0,0,low,0
2828,0.73,0.59,3,219,2,0,0,low,0
2829,0.52,0.51,3,213,4,0,0,low,0
2830,0.63,0.67,5,263,3,0,0,medium,0
2831,0.84,0.92,4,274,3,0,0,medium,0
2832,0.49,0.96,3,140,3,0,0,medium,0
2833,0.54,0.78,4,176,2,0,0,medium,0
2834,0.52,0.78,4,206,2,0,0,medium,0
2835,0.66,0.63,6,223,6,0,0,medium,0
2836,0.73,0.41,2,231,6,1,0,medium,0
2837,0.54,0.64,3,250,3,0,0,medium,0
2838,0.72,0.68,5,266,4,0,0,medium,0
2839,0.75,0.64,4,247,3,1,0,medium,0
2840,0.77,0.57,3,189,2,0,0,medium,0
2841,0.42,0.94,5,227,5,0,0,medium,0
2842,0.13,0.69,4,127,4,0,0,high,0
2843,0.73,0.88,5,204,5,0,0,low,0
2844,0.5,0.95,5,137,3,0,0,medium,0
2845,0.92,0.62,4,265,3,1,0,medium,0
2846,0.73,0.66,3,135,2,0,0,medium,0
2847,0.74,0.38,2,126,3,0,0,medium,0
2848,0.76,0.78,3,189,2,0,0,low,0
2849,0.53,0.92,3,207,4,1,0,low,0
2850,0.65,0.72,3,134,3,0,0,low,0
2851,0.91,0.85,4,203,2,0,0,low,0
2852,0.69,0.76,5,222,3,1,0,low,0
2853,0.56,0.66,3,232,2,0,0,low,0
2854,0.55,0.81,4,267,5,0,0,low,0
2855,0.74,0.5,5,131,3,0,0,low,0
2856,0.86,0.86,3,155,4,0,0,low,0
2857,0.82,0.74,3,232,3,0,0,low,0
2858,0.35,0.8,3,137,5,0,0,low,0
2859,0.93,0.99,4,136,4,0,0,low,0
2860,0.55,0.77,3,237,2,0,0,low,0
2861,0.99,0.68,4,190,3,0,0,low,0
2862,0.91,0.89,4,144,3,1,0,low,0
2863,0.24,0.65,6,194,3,0,0,low,0
2864,0.77,0.67,3,186,2,0,0,low,0
2865,0.64,0.66,3,218,3,0,0,low,0
2866,0.58,0.76,5,260,2,1,0,low,0
2867,0.65,0.99,4,200,4,0,0,low,0
2868,0.44,0.68,3,140,3,0,0,low,0
2869,0.59,0.75,2,156,3,0,0,medium,0
2870,0.99,0.56,3,193,3,1,0,medium,0
2871,0.75,0.79,4,145,3,0,0,medium,0
2872,0.77,0.49,4,217,2,0,0,medium,0
2873,0.85,0.64,4,162,3,0,0,medium,0
2874,0.77,0.93,5,182,4,0,0,medium,0
2875,0.54,0.95,3,221,3,0,0,medium,0
2876,0.69,0.82,4,208,2,0,0,medium,0
2877,0.66,0.65,5,161,3,0,0,medium,0
2878,0.51,0.65,4,269,3,0,0,medium,0
2879,0.74,0.59,4,155,3,0,0,medium,0
2880,0.55,0.72,3,110,3,0,0,medium,0
2881,0.65,0.84,3,154,3,0,0,high,0
2882,0.2,0.77,6,213,4,0,0,low,0
2883,0.92,0.94,5,248,3,0,0,medium,0
2884,0.57,0.6,3,202,3,0,0,medium,0
2885,0.75,0.78,2,251,6,0,0,medium,0
2886,0.68,0.84,3,239,2,0,0,medium,0
2887,0.97,0.7,3,203,3,0,0,low,0
2888,0.79,0.48,4,184,5,1,0,low,0
2889,0.66,0.75,4,203,3,1,0,low,0
2890,0.96,0.69,3,214,2,1,0,low,0
2891,0.73,0.69,4,161,3,0,0,low,0
2892,0.29,0.58,5,234,2,0,0,low,0
2893,0.58,0.56,3,151,2,0,0,low,0
2894,0.72,0.58,4,149,3,0,0,low,0
2895,0.94,0.87,4,240,3,0,0,low,0
2896,0.48,0.56,5,140,2,0,0,low,0
2897,0.6,0.99,3,187,2,0,0,low,0
2898,0.97,0.58,5,156,2,1,0,low,0
2899,0.74,0.41,4,250,4,0,0,low,0
2900,0.97,0.61,3,165,2,0,0,low,0
2901,0.88,0.67,5,260,3,1,0,low,0
2902,0.5,0.7,3,274,3,0,0,low,0
2903,0.93,0.98,4,160,3,0,0,low,0
2904,0.3,0.7,5,280,4,1,0,low,0
2905,0.69,0.53,3,142,3,0,0,low,0
2906,0.69,0.9,2,155,2,0,0,low,0
2907,0.53,0.67,4,167,2,0,0,low,0
2908,0.32,0.8,3,263,3,0,0,medium,0
2909,0.73,0.75,3,259,4,0,0,medium,0
2910,0.77,0.61,4,223,3,0,0,medium,0
2911,0.59,0.81,6,123,5,0,0,medium,0
2912,0.19,0.51,5,226,3,0,0,medium,0
2913,0.78,0.95,3,270,2,0,0,medium,0
2914,0.84,0.74,3,139,3,0,0,medium,0
2915,0.65,0.77,5,241,2,0,0,medium,0
2916,0.38,0.43,2,160,6,0,0,medium,0
2917,0.12,0.47,3,258,5,0,0,medium,0
2918,0.74,0.81,5,106,5,0,0,medium,0
2919,0.67,0.82,4,171,2,0,0,medium,0
2920,0.5,0.79,3,186,3,0,0,high,0
2921,0.99,0.39,6,214,5,1,0,low,0
2922,0.79,0.89,4,240,3,0,0,medium,0
2923,0.72,0.51,4,164,3,0,0,medium,0
2924,0.83,0.57,4,232,3,0,0,medium,0
2925,0.69,0.55,5,242,2,0,0,medium,0
2926,0.5,0.89,5,222,3,0,0,low,0
2927,0.82,0.84,3,139,2,1,0,low,0
2928,0.68,0.56,4,272,3,0,0,low,0
2929,0.82,0.69,4,262,2,0,0,low,0
2930,0.32,0.81,2,249,3,0,0,low,0
2931,0.93,0.86,4,219,3,0,0,low,0
2932,0.42,0.73,4,208,5,0,0,low,0
2933,0.22,0.44,3,166,6,0,0,low,0
2934,0.56,0.88,3,174,3,0,0,low,0
2935,0.77,0.75,4,225,3,0,0,low,0
2936,0.29,0.48,2,116,6,1,0,low,0
2937,0.97,0.65,3,219,2,0,0,low,0
2938,0.91,0.7,4,196,2,0,0,low,0
2939,0.52,0.67,4,210,3,1,0,low,0
2940,0.54,0.64,2,219,3,0,0,low,0
2941,0.54,0.98,3,197,3,0,0,low,0
2942,0.67,0.52,2,102,6,0,0,low,0
2943,0.72,0.85,3,186,4,0,0,low,0
2944,0.68,0.51,4,224,2,0,0,low,0
2945,0.65,0.98,3,283,2,1,0,low,0
2946,0.72,0.98,5,197,4,0,0,low,0
2947,0.51,0.79,5,267,3,0,0,medium,0
2948,0.8,0.58,4,172,3,0,0,medium,0
2949,0.83,0.93,4,261,2,0,0,medium,0
2950,0.15,0.86,3,204,4,0,0,medium,0
2951,0.5,0.73,4,237,2,0,0,medium,0
2952,0.8,0.55,2,212,3,0,0,medium,0
2953,0.96,0.62,4,217,2,0,0,medium,0
2954,0.67,0.7,5,159,3,1,0,medium,0
2955,0.98,0.96,5,139,3,0,0,medium,0
2956,0.88,0.59,5,230,3,0,0,medium,0
2957,0.85,0.79,3,157,4,0,0,medium,0
2958,0.75,0.7,5,269,3,0,0,medium,0
2959,0.38,0.77,2,170,3,0,0,high,0
2960,0.55,0.82,2,197,4,0,0,low,0
2961,0.63,0.89,4,246,3,0,0,medium,0
2962,0.78,0.51,4,278,3,0,0,medium,0
2963,0.99,0.84,5,138,2,0,0,medium,0
2964,0.72,0.87,3,238,3,0,0,medium,0
2965,0.14,0.83,5,175,6,1,0,low,0
2966,0.81,0.67,4,216,3,0,0,low,0
2967,0.73,0.86,4,196,4,1,0,low,0
2968,0.58,0.8,5,187,3,1,0,low,0
2969,0.24,0.85,4,155,5,0,0,low,0
2970,0.31,0.86,3,205,5,0,0,low,0
2971,0.74,0.63,3,230,2,0,0,low,0
2972,0.86,0.69,5,157,3,0,0,low,0
2973,0.22,0.8,4,287,4,0,0,low,0
2974,0.66,0.7,4,161,3,0,0,low,0
2975,0.21,0.76,5,239,2,0,0,low,0
2976,0.95,0.61,3,267,2,0,0,low,0
2977,0.24,0.55,5,208,5,0,0,low,0
2978,0.66,0.95,3,133,3,0,0,low,0
2979,0.88,0.86,3,187,3,0,0,low,0
2980,0.67,0.61,4,140,2,0,0,low,0
2981,0.75,0.58,4,270,3,0,0,low,0
2982,0.93,0.48,3,147,3,0,0,low,0
2983,0.64,0.71,3,181,2,0,0,low,0
2984,0.51,0.53,3,156,3,0,0,low,0
2985,0.98,0.5,4,207,3,0,0,low,0
2986,0.72,0.63,4,241,4,1,0,medium,0
2987,0.51,0.75,4,154,3,0,0,medium,0
2988,0.54,0.58,4,206,3,0,0,medium,0
2989,0.99,0.76,4,204,2,0,0,medium,0
2990,0.44,0.9,4,117,3,0,0,medium,0
2991,0.74,0.48,5,144,3,0,0,medium,0
2992,0.9,0.77,3,156,3,0,0,medium,0
2993,0.86,0.58,4,211,4,0,0,medium,0
2994,0.66,0.52,3,149,4,1,0,medium,0
2995,0.64,0.96,4,152,5,0,0,medium,0
2996,0.5,0.59,4,192,2,0,0,medium,0
2997,0.88,0.68,4,274,4,0,0,medium,0
2998,0.72,0.47,5,168,6,0,0,high,0
2999,0.53,0.53,4,205,3,0,0,low,0
3000,0.83,0.77,3,228,3,0,0,medium,0
3001,0.24,0.52,4,228,5,0,0,medium,0
3002,0.66,0.75,5,227,3,1,0,medium,0
3003,0.43,0.63,3,156,3,0,0,medium,0
3004,0.75,0.66,5,177,2,0,0,low,0
3005,0.42,0.89,6,188,5,1,0,low,0
3006,0.54,0.74,3,185,4,0,0,low,0
3007,0.84,0.85,3,153,4,0,0,low,0
3008,0.95,0.79,4,174,3,0,0,low,0
3009,0.6,0.61,4,209,3,0,0,low,0
3010,0.95,0.71,3,251,2,1,0,low,0
3011,0.62,0.89,3,153,3,1,0,low,0
3012,0.89,0.73,3,210,2,0,0,low,0
3013,0.73,0.93,5,167,3,0,0,low,0
3014,0.86,0.94,3,151,2,0,0,low,0
3015,0.76,0.73,3,158,2,0,0,low,0
3016,0.91,0.76,3,116,5,0,0,low,0
3017,1.0,0.81,5,178,2,0,0,low,0
3018,0.98,0.78,4,155,3,1,0,low,0
3019,0.65,0.89,3,151,2,0,0,low,0
3020,0.62,0.79,4,216,2,1,0,low,0
3021,0.83,0.82,5,179,3,0,0,low,0
3022,0.75,1.0,4,135,4,0,0,low,0
3023,0.82,0.63,4,232,4,0,0,low,0
3024,0.69,0.68,4,168,3,0,0,low,0
3025,0.41,0.96,6,171,5,1,0,medium,0
3026,0.52,0.64,5,258,2,0,0,medium,0
3027,0.74,0.86,3,221,2,0,0,medium,0
3028,0.33,0.96,5,97,3,0,0,medium,0
3029,0.8,0.69,3,164,3,0,0,medium,0
3030,0.82,0.89,4,237,3,0,0,medium,0
3031,0.59,0.65,5,161,2,0,0,medium,0
3032,0.98,0.8,4,134,2,1,0,medium,0
3033,0.93,0.94,4,188,3,0,0,medium,0
3034,0.49,0.95,4,181,3,0,0,medium,0
3035,0.6,0.94,4,160,2,0,0,medium,0
3036,0.34,0.82,6,197,5,1,0,medium,0
3037,0.71,0.77,3,145,3,0,0,high,0
3038,0.6,0.64,5,221,2,0,0,low,0
3039,0.12,0.78,6,260,5,0,0,medium,0
3040,0.16,0.87,3,99,5,1,0,medium,0
3041,0.57,0.61,3,243,3,0,0,medium,0
3042,0.72,0.8,5,244,3,0,0,medium,0
3043,0.91,0.55,4,179,4,0,0,low,0
3044,0.95,0.49,4,146,6,1,0,low,0
3045,0.71,0.9,3,262,2,1,0,low,0
3046,0.9,0.69,4,174,2,0,0,low,0
3047,0.66,0.81,4,148,4,0,0,low,0
3048,0.48,0.59,5,235,3,0,0,low,0
3049,0.82,0.82,5,285,2,1,0,low,0
3050,0.83,0.79,4,143,3,0,0,low,0
3051,0.85,0.82,6,141,5,0,0,low,0
3052,0.84,0.47,3,125,4,0,0,low,0
3053,0.99,0.51,4,232,3,0,0,low,0
3054,0.54,0.72,3,172,2,0,0,low,0
3055,0.64,0.42,5,283,5,0,0,low,0
3056,0.67,0.68,3,189,3,0,0,low,0
3057,0.48,0.54,2,144,3,0,0,low,0
3058,0.58,0.77,4,145,3,1,0,low,0
3059,0.54,0.59,3,200,3,0,0,low,0
3060,0.25,0.65,3,264,4,0,0,low,0
3061,0.9,0.53,3,215,3,0,0,low,0
3062,0.48,0.39,4,272,3,0,0,low,0
3063,0.76,0.9,5,142,3,0,0,low,0
3064,0.72,0.53,5,240,2,0,0,medium,0
3065,0.95,0.66,4,168,2,0,0,medium,0
3066,0.73,0.55,4,171,4,0,0,medium,0
3067,0.93,0.7,3,159,2,0,0,medium,0
3068,0.89,0.61,3,175,4,0,0,medium,0
3069,0.7,0.97,4,244,3,0,0,medium,0
3070,0.98,0.57,3,198,3,0,0,medium,0
3071,0.72,0.65,5,151,3,0,0,medium,0
3072,0.49,0.69,2,188,4,0,0,medium,0
3073,0.15,0.85,3,199,2,0,0,medium,0
3074,0.57,0.96,4,257,3,0,0,medium,0
3075,0.21,0.81,4,144,4,0,0,medium,0
3076,0.46,0.57,4,275,3,0,0,high,0
3077,0.56,0.52,3,243,3,0,0,low,0
3078,0.81,0.66,3,181,2,1,0,medium,0
3079,0.93,0.59,5,172,3,0,0,medium,0
3080,0.82,0.97,3,244,5,0,0,medium,0
3081,0.76,0.51,4,242,3,0,0,medium,0
3082,0.97,0.81,3,249,2,0,0,low,0
3083,0.38,0.81,5,128,3,1,0,low,0
3084,0.46,0.49,3,213,3,0,0,low,0
3085,0.34,0.57,4,152,3,1,0,low,0
3086,0.63,0.76,4,245,3,0,0,low,0
3087,0.57,0.56,4,113,3,0,0,low,0
3088,0.17,0.76,4,280,5,0,0,low,0
3089,0.74,0.67,3,273,3,1,0,low,0
3090,0.59,0.56,4,221,3,1,0,low,0
3091,0.49,0.61,5,133,3,0,0,low,0
3092,0.49,0.58,3,136,4,1,0,low,0
3093,0.61,0.71,4,243,3,1,0,low,0
3094,0.81,0.79,5,135,3,0,0,low,0
3095,0.74,0.63,3,231,3,0,0,low,0
3096,0.91,0.98,3,259,4,0,0,low,0
3097,0.71,0.66,3,238,2,0,0,low,0
3098,0.73,0.71,3,210,3,0,0,low,0
3099,0.44,0.4,3,120,6,0,0,low,0
3100,0.6,0.56,2,203,4,0,0,low,0
3101,0.73,0.88,4,148,2,0,0,low,0
3102,0.8,0.54,4,258,3,0,0,low,0
3103,0.97,0.5,3,225,2,0,0,medium,0
3104,0.99,0.75,4,208,2,0,0,medium,0
3105,0.96,0.82,4,274,3,0,0,medium,0
3106,0.24,0.7,5,147,6,1,0,medium,0
3107,0.45,0.39,2,167,3,0,0,medium,0
3108,0.74,0.96,4,154,4,0,0,medium,0
3109,0.6,0.98,4,195,3,0,0,medium,0
3110,0.67,0.56,3,237,4,0,0,medium,0
3111,0.57,0.99,4,222,2,0,0,medium,0
3112,0.87,0.71,5,145,4,0,0,medium,0
3113,0.25,0.83,3,257,5,1,0,medium,0
3114,0.98,0.84,3,286,4,0,0,medium,0
3115,0.3,0.64,2,137,3,0,0,high,0
3116,0.21,0.52,5,130,2,0,0,low,0
3117,0.56,0.7,3,214,2,0,0,medium,0
3118,0.75,0.96,3,138,2,0,0,medium,0
3119,0.5,0.77,3,166,3,0,0,medium,0
3120,0.61,0.92,4,159,5,0,0,medium,0
3121,0.83,0.59,5,160,4,0,0,low,0
3122,0.66,0.76,3,155,4,1,0,low,0
3123,0.84,0.68,3,231,3,0,0,low,0
3124,0.87,0.57,4,227,3,0,0,low,0
3125,0.48,0.37,3,181,2,0,0,low,0
3126,0.84,0.79,4,222,3,0,0,low,0
3127,0.49,0.71,3,196,3,0,0,low,0
3128,0.67,0.93,3,206,3,0,0,low,0
3129,0.12,0.93,6,257,6,1,0,low,0
3130,0.99,0.67,5,153,2,0,0,low,0
3131,0.17,0.59,5,250,5,0,0,low,0
3132,0.58,0.66,3,250,5,0,0,low,0
3133,0.5,0.73,3,148,3,0,0,low,0
3134,0.35,0.69,3,141,2,1,0,low,0
3135,0.93,0.95,6,147,3,0,0,low,0
3136,0.73,0.87,3,142,3,0,0,low,0
3137,0.91,0.54,3,210,2,0,0,low,0
3138,0.72,0.66,3,152,2,0,0,low,0
3139,0.51,0.39,3,149,3,0,0,low,0
3140,0.55,0.92,3,198,3,0,0,low,0
3141,0.66,0.76,3,139,5,0,0,low,0
3142,0.84,0.41,6,255,6,1,0,medium,0
3143,0.81,0.8,4,229,2,0,0,medium,0
3144,0.81,0.69,5,134,2,0,0,medium,0
3145,0.5,0.75,5,255,3,0,0,medium,0
3146,0.78,0.68,5,189,3,0,0,medium,0
3147,0.76,0.74,3,183,3,0,0,medium,0
3148,0.49,0.71,3,154,2,0,0,medium,0
3149,0.99,0.61,3,167,3,0,0,medium,0
3150,0.73,0.48,4,139,5,0,0,medium,0
3151,0.88,0.74,5,245,2,0,0,medium,0
3152,0.79,0.91,4,200,3,0,0,medium,0
3153,0.83,0.98,3,159,2,0,0,medium,0
3154,0.21,0.44,4,163,6,0,0,high,0
3155,0.87,0.52,3,158,2,1,0,low,0
3156,1.0,0.89,3,194,3,0,0,medium,0
3157,0.49,0.98,3,267,3,1,0,medium,0
3158,0.51,0.63,3,183,2,0,0,medium,0
3159,0.63,0.64,3,174,2,0,0,medium,0
3160,0.91,0.63,4,240,3,0,0,low,0
3161,0.54,0.5,2,123,4,1,0,low,0
3162,1.0,0.59,4,174,3,0,0,low,0
3163,0.64,0.91,5,246,3,0,0,low,0
3164,0.65,0.96,5,173,2,0,0,low,0
3165,0.15,0.93,4,185,5,0,0,low,0
3166,0.81,0.83,4,259,3,1,0,low,0
3167,0.61,0.83,3,112,4,1,0,low,0
3168,0.86,0.55,5,219,2,0,0,medium,0
3169,0.71,0.62,3,258,2,0,0,medium,0
3170,0.72,0.82,5,287,3,0,0,medium,0
3171,0.84,0.37,5,186,2,0,0,medium,0
3172,0.38,0.74,3,159,4,0,0,medium,0
3173,0.75,0.56,4,230,3,0,0,medium,0
3174,0.93,0.77,5,106,5,0,0,medium,0
3175,0.71,0.64,4,189,3,0,0,medium,0
3176,0.75,0.96,3,252,3,0,0,medium,0
3177,0.56,0.68,4,220,2,0,0,medium,0
3178,0.57,0.82,5,218,3,0,0,medium,0
3179,0.63,0.83,4,145,4,0,0,medium,0
3180,0.59,0.91,4,142,3,1,0,medium,0
3181,0.77,0.62,3,218,2,0,0,medium,0
3182,0.65,0.7,4,157,4,0,0,medium,0
3183,0.84,0.49,4,178,3,0,0,medium,0
3184,0.9,0.45,4,241,6,0,0,medium,0
3185,0.6,0.83,3,230,3,0,0,medium,0
3186,0.9,0.74,5,249,3,0,0,medium,0
3187,0.94,0.7,5,147,2,0,0,medium,0
3188,0.56,0.9,4,115,3,0,0,medium,0
3189,0.95,0.86,5,143,3,0,0,medium,0
3190,0.97,0.85,4,219,3,0,0,medium,0
3191,0.55,0.63,4,218,2,0,0,medium,0
3192,0.79,0.6,5,235,2,0,0,medium,0
3193,0.49,0.76,5,237,3,0,0,high,0
3194,0.49,0.58,5,186,2,0,0,high,0
3195,0.57,0.65,5,177,2,0,0,high,0
3196,0.89,0.81,4,228,4,0,0,high,0
3197,0.66,0.59,3,204,3,0,0,high,0
3198,0.94,0.77,5,210,3,0,0,high,0
3199,0.98,0.95,4,250,2,1,0,high,0
3200,0.18,0.52,5,185,6,0,0,high,0
3201,0.57,0.73,3,146,3,0,0,high,0
3202,0.67,0.55,3,217,2,0,0,high,0
3203,0.12,0.61,6,172,6,0,0,high,0
3204,0.48,0.95,3,184,2,0,0,high,0
3205,0.61,0.97,3,148,3,0,0,low,0
3206,0.23,0.52,5,236,4,0,0,low,0
3207,0.4,0.38,3,280,2,0,0,low,0
3208,0.57,0.6,3,218,3,0,0,low,0
3209,0.95,0.98,5,155,3,0,0,low,0
3210,0.93,0.66,4,242,4,0,0,low,0
3211,0.7,0.88,3,166,5,0,0,low,0
3212,0.58,0.9,4,175,3,1,0,low,0
3213,0.52,0.95,5,234,3,0,0,low,0
3214,0.98,0.88,5,232,3,0,0,low,0
3215,0.93,0.94,4,156,3,1,0,low,0
3216,0.34,0.63,5,248,3,0,0,low,0
3217,0.87,0.75,4,218,2,0,0,low,0
3218,0.52,0.96,5,251,2,1,0,low,0
3219,0.58,0.91,4,173,4,0,0,low,0
3220,0.65,0.51,4,157,3,1,0,medium,0
3221,0.74,0.59,3,274,3,0,0,medium,0
3222,0.63,0.7,5,182,3,0,0,medium,0
3223,0.74,0.74,4,233,2,0,0,medium,0
3224,0.65,1.0,4,249,3,0,0,medium,0
3225,0.48,0.94,3,162,3,1,0,medium,0
3226,0.84,0.75,3,184,3,0,0,medium,0
3227,0.6,0.62,3,135,2,0,0,medium,0
3228,0.56,0.57,3,143,2,0,0,medium,0
3229,0.13,0.8,5,203,5,0,0,medium,0
3230,0.83,0.51,5,143,4,0,0,medium,0
3231,0.91,0.42,2,142,3,1,0,medium,0
3232,0.97,0.97,5,171,2,0,0,high,0
3233,0.9,0.96,3,223,4,0,0,high,0
3234,0.57,0.87,4,148,3,0,0,high,0
3235,0.84,0.79,6,140,2,0,0,high,0
3236,0.84,0.74,4,226,2,0,0,high,0
3237,0.17,0.93,5,183,5,0,0,high,0
3238,0.97,0.86,5,135,3,0,0,high,0
3239,0.94,0.66,3,236,2,0,0,high,0
3240,0.83,0.61,5,257,2,0,0,low,0
3241,0.91,0.73,3,155,3,0,0,low,0
3242,0.9,0.76,2,211,4,0,0,low,0
3243,0.95,0.86,3,207,2,0,0,low,0
3244,0.69,0.95,3,126,6,0,0,low,0
3245,0.49,0.98,3,267,2,0,0,low,0
3246,0.45,0.37,6,226,2,0,0,low,0
3247,0.21,0.9,2,239,2,0,0,low,0
3248,0.67,0.61,3,202,2,0,0,medium,0
3249,0.76,0.62,3,150,2,1,0,medium,0
3250,0.19,0.78,5,156,6,0,0,medium,0
3251,0.52,0.73,2,233,3,0,0,medium,0
3252,0.66,0.59,5,262,2,0,0,medium,0
3253,0.95,0.67,3,183,3,0,0,medium,0
3254,0.95,0.78,4,225,2,0,0,medium,0
3255,0.57,0.54,5,216,3,0,0,medium,0
3256,0.48,0.57,5,227,3,0,0,medium,0
3257,0.95,0.5,4,242,2,0,0,medium,0
3258,0.7,0.67,4,224,3,0,0,medium,0
3259,0.48,0.61,3,223,3,1,0,medium,0
3260,0.62,0.58,3,202,2,0,0,medium,0
3261,0.58,0.76,3,220,3,0,0,medium,0
3262,1.0,0.87,4,129,5,0,0,medium,0
3263,0.79,0.65,2,193,5,0,0,medium,0
3264,0.58,0.73,3,165,2,0,0,medium,0
3265,0.59,0.79,4,209,2,0,0,medium,0
3266,0.66,0.8,4,183,2,1,0,medium,0
3267,0.71,0.59,4,138,3,0,0,medium,0
3268,0.9,0.74,5,152,3,0,0,medium,0
3269,0.74,0.63,4,170,2,0,0,medium,0
3270,0.66,0.93,5,185,3,0,0,medium,0
3271,0.92,0.53,2,249,2,0,0,high,0
3272,0.55,0.51,4,155,3,0,0,low,0
3273,0.51,0.43,3,204,4,0,0,medium,0
3274,0.49,0.52,5,188,4,0,0,medium,0
3275,0.88,0.52,5,264,4,0,0,medium,0
3276,0.6,0.8,4,146,2,0,0,medium,0
3277,0.93,0.65,4,212,4,0,0,medium,0
3278,0.86,0.59,3,215,3,0,0,medium,0
3279,0.78,0.98,4,239,3,0,0,medium,0
3280,0.69,0.55,3,188,3,0,0,medium,0
3281,0.84,0.51,4,259,3,0,0,medium,0
3282,0.48,0.62,3,200,3,1,0,medium,0
3283,0.63,0.86,3,245,2,0,0,low,0
3284,0.54,0.61,3,182,2,0,0,low,0
3285,0.85,0.53,4,181,2,0,0,low,0
3286,0.51,0.52,3,164,3,0,0,low,0
3287,0.88,0.86,5,257,3,0,0,low,0
3288,0.87,0.93,3,178,3,0,0,low,0
3289,0.54,0.5,4,224,3,0,0,low,0
3290,0.96,0.67,5,170,3,0,0,high,0
3291,0.58,0.75,4,233,2,0,0,low,0
3292,0.21,0.57,5,239,3,0,0,high,0
3293,0.5,0.56,5,185,2,0,0,high,0
3294,0.52,0.54,4,184,3,0,0,low,0
3295,0.5,0.7,3,188,2,0,0,low,0
3296,0.74,0.86,3,186,3,1,0,high,0
3297,0.69,0.63,3,226,3,0,0,low,0
3298,0.61,0.74,2,143,6,0,0,medium,0
3299,0.5,0.82,3,213,3,0,0,high,0
3300,0.79,0.53,2,217,2,0,0,medium,0
3301,0.73,0.68,5,190,2,0,0,medium,0
3302,0.49,0.69,2,147,2,0,0,medium,0
3303,0.7,0.77,2,235,3,1,0,medium,0
3304,0.27,0.62,6,136,3,0,0,high,0
3305,0.8,0.54,5,261,2,0,0,medium,0
3306,0.45,0.6,6,176,4,0,0,medium,0
3307,0.63,0.64,4,212,4,0,0,medium,0
3308,0.76,0.52,2,148,3,0,0,high,0
3309,0.42,0.74,6,218,6,0,0,medium,0
3310,0.41,0.87,6,262,6,0,0,high,0
3311,0.74,0.46,6,145,3,0,0,low,0
3312,0.82,0.75,3,230,4,1,0,medium,0
3313,0.82,0.65,4,210,2,0,0,medium,0
3314,0.53,0.73,4,227,3,0,0,medium,0
3315,0.71,0.77,4,142,2,0,0,medium,0
3316,0.5,0.9,4,171,2,0,0,low,0
3317,0.68,0.89,3,241,3,0,0,low,0
3318,0.68,0.99,3,247,2,1,0,low,0
3319,0.48,0.86,5,246,3,0,0,low,0
3320,0.59,0.72,3,188,3,1,0,low,0
3321,0.21,0.7,3,104,2,0,0,low,0
3322,0.99,0.73,5,197,4,1,0,low,0
3323,1.0,0.88,4,191,4,0,0,low,0
3324,0.84,0.51,4,173,2,0,0,low,0
3325,0.86,0.82,2,207,4,1,0,low,0
3326,0.52,0.54,5,247,4,0,0,high,0
3327,0.94,0.97,5,197,5,1,0,low,0
3328,0.55,0.81,3,242,2,0,0,low,0
3329,0.79,0.59,3,145,2,0,0,low,0
3330,0.91,0.9,4,174,3,0,0,low,0
3331,0.82,0.99,3,195,2,0,0,high,0
3332,0.84,0.94,4,270,3,1,0,low,0
3333,0.72,0.68,4,238,3,0,0,low,0
3334,0.68,0.85,4,156,2,0,0,low,0
3335,0.99,0.96,5,261,3,0,0,high,0
3336,0.74,0.85,5,135,2,0,0,low,0
3337,0.8,0.41,6,185,4,0,0,medium,0
3338,0.55,0.55,3,197,3,0,0,high,0
3339,0.56,0.95,3,241,3,0,0,medium,0
3340,0.88,0.98,3,263,3,1,0,high,0
3341,0.86,0.49,4,251,2,0,0,medium,0
3342,0.64,0.95,3,218,2,0,0,medium,0
3343,0.82,0.58,4,183,3,0,0,medium,0
3344,0.66,0.8,4,252,3,0,0,medium,0
3345,0.64,0.95,3,98,3,0,0,medium,0
3346,0.17,0.78,6,284,4,0,0,medium,0
3347,0.75,0.68,4,220,2,0,0,medium,0
3348,0.45,0.39,4,275,3,0,0,medium,0
3349,0.99,0.9,4,164,3,0,0,high,0
3350,0.93,0.67,5,237,4,0,0,low,0
3351,0.88,0.8,3,133,3,0,0,medium,0
3352,0.62,0.52,5,256,4,0,0,medium,0
3353,0.94,0.88,4,270,3,0,0,medium,0
3354,0.59,0.92,4,196,2,0,0,medium,0
3355,0.93,0.89,4,209,2,0,0,medium,0
3356,0.71,0.39,3,261,3,0,0,medium,0
3357,0.6,0.6,3,221,2,0,0,medium,0
3358,0.71,0.69,4,180,3,1,0,medium,0
3359,0.91,0.57,4,145,3,0,0,medium,0
3360,0.78,0.96,4,111,2,0,0,high,0
3361,0.52,0.63,4,232,3,0,0,low,0
3362,0.99,0.7,5,195,3,0,0,low,0
3363,0.86,0.51,4,211,2,1,0,low,0
3364,0.74,0.68,4,194,2,0,0,high,0
3365,0.15,0.84,4,275,5,0,0,low,0
3366,0.57,0.54,3,140,3,0,0,low,0
3367,0.67,0.6,3,157,3,0,0,low,0
3368,0.8,0.93,4,258,3,0,0,high,0
3369,0.83,0.82,5,273,4,0,0,low,0
3370,0.69,0.53,3,135,2,0,0,low,0
3371,0.64,0.83,3,188,4,0,0,low,0
3372,0.95,0.52,5,222,2,0,0,low,0
3373,0.97,0.52,4,231,3,0,0,low,0
3374,0.85,0.86,3,255,2,0,0,low,0
3375,0.72,0.51,3,254,2,0,0,low,0
3376,0.91,0.85,3,244,3,1,0,medium,0
3377,0.81,0.83,3,132,4,0,0,medium,0
3378,0.13,0.67,5,234,6,0,0,medium,0
3379,0.95,0.81,4,272,3,0,0,medium,0
3380,0.82,0.54,4,191,3,0,0,medium,0
3381,0.63,0.93,4,238,4,0,0,medium,0
3382,0.55,0.69,3,225,2,0,0,medium,0
3383,0.83,0.95,3,211,2,0,0,medium,0
3384,0.54,0.98,3,217,3,0,0,medium,0
3385,0.89,0.91,5,156,4,0,0,medium,0
3386,0.79,0.55,3,147,3,0,0,medium,0
3387,0.56,0.73,4,134,3,0,0,medium,0
3388,0.89,0.7,4,235,2,1,0,high,0
3389,1.0,0.66,4,238,4,0,0,low,0
3390,0.43,0.72,3,258,4,0,0,medium,0
3391,0.71,0.55,5,224,3,0,0,medium,0
3392,0.98,0.59,4,149,2,0,0,medium,0
3393,0.81,0.7,4,219,2,1,0,medium,0
3394,0.71,0.53,3,186,2,0,0,low,0
3395,0.99,0.6,4,259,4,0,0,low,0
3396,0.34,0.62,3,119,2,0,0,low,0
3397,0.58,0.91,3,223,2,0,0,low,0
3398,0.77,0.49,4,184,3,0,0,low,0
3399,0.64,0.5,3,238,4,0,0,low,0
3400,0.13,1.0,4,157,5,1,0,low,0
3401,0.98,0.6,2,249,3,0,0,low,0
3402,0.72,0.84,4,195,2,0,0,low,0
3403,0.55,0.79,3,162,2,0,0,low,0
3404,0.62,0.91,4,231,3,0,0,low,0
3405,0.74,0.91,2,264,3,0,0,low,0
3406,0.69,0.96,3,210,3,0,0,low,0
3407,0.6,0.63,4,192,3,0,0,low,0
3408,0.54,0.43,3,192,2,0,0,low,0
3409,0.56,0.75,4,249,3,0,0,low,0
3410,0.58,0.86,5,206,3,0,0,low,0
3411,0.21,0.66,4,165,5,0,0,low,0
3412,0.52,0.85,5,183,3,0,0,low,0
3413,0.98,0.7,4,253,2,0,0,low,0
3414,0.85,0.97,3,256,3,0,0,low,0
3415,0.62,0.88,2,263,4,0,0,medium,0
3416,0.63,0.61,3,234,3,1,0,medium,0
3417,0.84,0.97,6,223,2,0,0,medium,0
3418,0.71,0.69,2,172,3,0,0,medium,0
3419,0.36,0.55,6,226,6,0,0,medium,0
3420,0.79,0.56,6,205,4,1,0,medium,0
3421,0.59,0.55,4,235,2,0,0,medium,0
3422,0.5,0.53,4,263,3,0,0,medium,0
3423,0.88,0.66,4,271,3,1,0,medium,0
3424,0.65,0.69,6,131,5,0,0,medium,0
3425,0.71,0.56,4,238,4,0,0,medium,0
3426,0.89,0.54,3,214,2,0,0,medium,0
3427,0.83,0.84,3,267,3,0,0,high,0
3428,0.73,0.53,3,184,2,0,0,low,0
3429,0.71,0.67,3,264,3,0,0,medium,0
3430,0.53,0.66,3,109,2,0,0,medium,0
3431,0.74,0.7,3,253,4,1,0,medium,0
3432,0.6,0.52,4,207,2,1,0,medium,0
3433,0.47,0.6,4,263,5,0,0,low,0
3434,0.88,0.88,3,214,2,1,0,low,0
3435,0.62,0.67,2,153,3,0,0,low,0
3436,0.24,0.48,5,123,5,1,0,low,0
3437,0.15,0.36,5,159,2,0,0,low,0
3438,0.92,0.82,3,185,3,0,0,low,0
3439,0.74,0.7,4,167,3,1,0,low,0
3440,0.86,0.77,3,271,3,0,0,low,0
3441,0.96,0.61,3,140,3,0,0,low,0
3442,0.54,0.6,4,141,3,0,0,low,0
3443,0.99,0.87,4,190,2,0,0,low,0
3444,0.72,0.73,5,134,2,0,0,low,0
3445,0.96,0.75,5,176,4,0,0,low,0
3446,0.73,0.73,4,194,2,0,0,low,0
3447,0.67,0.44,5,212,4,0,0,low,0
3448,0.58,0.72,5,234,3,1,0,low,0
3449,0.9,0.99,4,190,2,0,0,low,0
3450,0.99,0.37,5,155,3,0,0,low,0
3451,0.89,0.58,4,232,2,0,0,low,0
3452,0.72,0.95,4,216,3,0,0,low,0
3453,0.77,0.8,3,207,3,0,0,low,0
3454,0.8,0.94,4,200,4,0,0,medium,0
3455,0.89,0.86,3,178,4,0,0,medium,0
3456,0.59,0.81,4,173,2,0,0,medium,0
3457,0.24,0.87,5,268,5,0,0,medium,0
3458,0.94,0.59,6,212,2,0,0,medium,0
3459,0.74,0.5,4,216,3,0,0,medium,0
3460,0.63,0.62,5,212,6,0,0,medium,0
3461,0.63,0.59,3,155,3,1,0,medium,0
3462,0.77,0.65,4,164,2,0,0,medium,0
3463,0.87,0.74,3,209,3,0,0,medium,0
3464,0.79,0.61,4,136,3,0,0,medium,0
3465,0.54,0.84,4,223,3,0,0,medium,0
3466,0.59,0.83,4,239,4,0,0,high,0
3467,0.86,0.87,3,205,4,0,0,low,0
3468,0.98,0.68,3,203,3,0,0,medium,0
3469,1.0,0.79,5,152,4,0,0,medium,0
3470,0.9,0.79,4,236,3,1,0,medium,0
3471,0.34,0.6,4,114,3,0,0,medium,0
3472,0.95,0.93,3,209,2,0,0,low,0
3473,0.79,0.48,4,178,2,0,0,low,0
3474,0.13,0.91,4,175,5,0,0,low,0
3475,0.72,0.69,3,270,4,0,0,low,0
3476,0.63,0.54,3,145,2,1,0,low,0
3477,0.81,0.76,5,134,2,0,0,low,0
3478,0.71,0.75,4,272,4,0,0,low,0
3479,0.49,0.76,3,208,2,0,0,low,0
3480,0.59,0.65,4,219,3,1,0,low,0
3481,0.87,0.59,5,154,3,0,0,low,0
3482,0.66,0.6,3,179,4,0,0,low,0
3483,0.78,0.92,5,137,2,0,0,low,0
3484,0.65,0.7,4,211,2,0,0,low,0
3485,0.8,0.97,5,271,4,0,0,low,0
3486,0.56,0.75,4,192,2,0,0,low,0
3487,0.85,0.67,4,228,4,0,0,low,0
3488,0.14,0.46,2,267,6,1,0,low,0
3489,0.74,0.62,4,272,2,0,0,low,0
3490,0.86,0.93,2,260,2,0,0,low,0
3491,0.71,0.96,4,161,3,0,0,low,0
3492,0.83,0.99,4,226,2,0,0,low,0
3493,0.52,0.49,4,249,4,1,0,medium,0
3494,0.63,0.8,3,243,3,0,0,medium,0
3495,0.92,0.93,4,247,2,0,0,medium,0
3496,0.66,0.87,3,186,2,0,0,medium,0
3497,0.77,0.7,3,155,3,0,0,medium,0
3498,0.74,0.97,2,135,4,0,0,medium,0
3499,0.81,0.76,5,198,4,0,0,medium,0
3500,0.67,0.55,3,175,2,0,0,medium,0
3501,0.75,0.92,3,192,3,0,0,medium,0
3502,0.65,0.36,2,282,3,0,0,medium,0
3503,0.81,0.6,4,179,3,0,0,medium,0
3504,0.57,0.77,4,245,3,0,0,medium,0
3505,0.89,0.66,4,235,3,0,0,high,0
3506,0.5,0.56,4,266,2,0,0,low,0
3507,0.21,0.42,4,269,4,1,0,medium,0
3508,0.79,0.67,3,264,2,0,0,medium,0
3509,0.66,0.57,3,161,2,1,0,medium,0
3510,0.82,0.95,3,203,3,0,0,medium,0
3511,0.85,0.85,4,258,2,0,0,low,0
3512,0.72,0.96,3,143,3,0,0,low,0
3513,0.52,0.92,3,214,3,0,0,low,0
3514,0.5,0.62,4,166,3,1,0,low,0
3515,0.52,0.82,3,192,3,0,0,low,0
3516,0.13,0.87,3,185,4,1,0,low,0
3517,0.87,0.98,4,173,3,0,0,low,0
3518,0.53,0.98,2,163,3,0,0,low,0
3519,0.15,0.76,5,277,4,0,0,low,0
3520,0.64,0.86,5,274,2,1,0,low,0
3521,0.52,0.44,3,119,2,0,0,low,0
3522,0.79,0.67,4,267,3,0,0,low,0
3523,0.74,0.89,3,160,2,0,0,low,0
3524,0.81,0.84,4,198,2,0,0,low,0
3525,0.94,0.6,3,193,3,0,0,low,0
3526,0.67,0.84,6,250,2,0,0,low,0
3527,0.93,0.84,3,237,4,1,0,low,0
3528,0.52,0.96,4,170,2,0,0,low,0
3529,0.48,0.74,2,157,2,1,0,medium,0
3530,0.57,0.92,6,267,4,0,0,medium,0
3531,0.71,0.77,4,192,4,0,0,medium,0
3532,0.9,0.74,4,218,2,1,0,medium,0
3533,0.58,0.61,4,210,3,0,0,medium,0
3534,0.66,0.48,4,229,4,0,0,medium,0
3535,0.59,0.66,3,186,3,0,0,medium,0
3536,0.96,0.5,3,234,2,1,0,medium,0
3537,0.13,0.91,2,149,5,0,0,medium,0
3538,0.93,0.92,3,205,3,0,0,medium,0
3539,0.54,0.72,3,148,4,0,0,medium,0
3540,0.54,0.77,5,270,3,0,0,medium,0
3541,0.87,0.62,3,176,3,0,0,high,0
3542,0.79,0.91,3,226,2,0,0,low,0
3543,0.83,0.57,3,232,4,0,0,medium,0
3544,0.73,0.6,3,137,3,0,0,medium,0
3545,0.29,0.42,6,253,3,0,0,medium,0
3546,0.8,0.7,6,231,4,0,0,medium,0
3547,0.29,0.81,3,189,6,0,0,low,0
3548,0.43,0.85,6,168,2,0,0,low,0
3549,0.99,0.93,3,261,3,0,0,low,0
3550,0.86,0.51,4,152,3,0,0,low,0
3551,0.85,0.78,5,263,2,1,0,low,0
3552,0.66,0.68,3,258,3,0,0,low,0
3553,0.57,0.99,3,205,3,0,0,low,0
3554,0.31,0.64,6,183,2,1,0,low,0
3555,0.88,0.88,3,153,3,0,0,low,0
3556,0.72,0.72,5,194,4,0,0,low,0
3557,0.75,0.66,4,202,2,0,0,low,0
3558,0.82,0.71,4,164,4,0,0,low,0
3559,0.82,0.67,3,213,2,0,0,low,0
3560,0.15,0.52,4,265,6,0,0,low,0
3561,0.16,0.88,6,218,3,0,0,low,0
3562,0.95,0.4,5,286,4,0,0,low,0
3563,0.87,0.73,3,172,3,1,0,low,0
3564,0.85,0.89,4,251,2,0,0,low,0
3565,0.58,0.6,3,110,3,1,0,low,0
3566,0.63,0.86,3,269,4,0,0,low,0
3567,0.69,0.68,3,151,3,1,0,low,0
3568,0.53,0.85,5,161,2,0,0,medium,0
3569,0.96,0.71,4,210,3,0,0,medium,0
3570,0.73,0.83,2,167,3,0,0,medium,0
3571,0.5,0.6,3,270,3,1,0,medium,0
3572,0.81,0.83,3,133,3,1,0,medium,0
3573,0.82,0.59,3,249,3,0,0,medium,0
3574,0.76,0.72,4,266,3,0,0,medium,0
3575,0.27,0.82,4,276,2,0,0,medium,0
3576,0.64,0.38,6,215,3,0,0,medium,0
3577,0.57,0.9,3,262,2,0,0,medium,0
3578,0.49,0.84,5,193,3,0,0,medium,0
3579,0.66,0.92,2,102,4,0,0,medium,0
3580,0.71,0.36,4,278,4,1,0,high,0
3581,0.61,0.63,3,250,4,0,0,low,0
3582,0.52,0.89,5,193,4,0,0,medium,0
3583,0.62,0.91,3,133,3,0,0,medium,0
3584,0.98,0.65,4,216,4,0,0,medium,0
3585,0.67,0.56,5,174,2,1,0,medium,0
3586,0.85,0.62,2,280,4,0,0,low,0
3587,0.84,0.85,4,246,2,0,0,low,0
3588,1.0,0.53,3,142,3,0,0,low,0
3589,0.72,0.76,4,144,3,1,0,low,0
3590,0.66,0.75,6,100,4,1,0,low,0
3591,0.64,0.71,5,212,2,0,0,low,0
3592,1.0,0.76,5,201,3,0,0,low,0
3593,0.75,0.59,5,206,2,0,0,low,0
3594,0.81,0.77,4,197,3,0,0,low,0
3595,0.31,0.98,5,232,5,0,0,low,0
3596,0.32,0.97,6,272,2,0,0,low,0
3597,0.48,0.5,4,173,3,0,0,low,0
3598,0.62,0.42,2,124,2,0,0,low,0
3599,0.77,0.86,5,282,4,0,0,low,0
3600,0.76,0.8,2,219,4,1,0,low,0
3601,0.68,0.41,3,106,6,0,0,low,0
3602,0.72,0.79,4,192,4,0,0,low,0
3603,0.87,0.91,5,190,2,0,0,low,0
3604,0.59,0.57,2,156,2,0,0,low,0
3605,0.7,0.64,3,180,2,0,0,low,0
3606,0.73,0.81,4,245,2,0,0,low,0
3607,0.58,0.62,3,169,2,0,0,medium,0
3608,0.64,0.66,3,188,4,0,0,medium,0
3609,0.89,0.66,5,224,2,0,0,medium,0
3610,0.95,0.71,3,263,2,1,0,medium,0
3611,0.84,0.9,3,262,2,0,0,medium,0
3612,0.6,0.99,4,225,3,0,0,medium,0
3613,0.71,0.63,5,224,3,1,0,medium,0
3614,0.6,0.95,3,266,3,0,0,medium,0
3615,0.91,0.68,3,218,3,1,0,medium,0
3616,0.75,1.0,3,102,3,0,0,medium,0
3617,0.7,0.67,4,181,3,0,0,medium,0
3618,0.23,0.64,5,150,5,0,0,medium,0
3619,0.73,0.83,4,270,2,0,0,high,0
3620,0.99,0.49,4,270,2,0,0,low,0
3621,0.62,0.68,5,265,3,0,0,medium,0
3622,0.98,0.89,4,169,3,0,0,medium,0
3623,0.61,0.94,3,224,4,0,0,medium,0
3624,0.52,0.92,3,150,2,1,0,medium,0
3625,0.65,0.66,5,239,4,0,0,low,0
3626,0.59,0.9,3,245,3,1,0,low,0
3627,0.71,0.8,3,182,2,1,0,low,0
3628,0.18,0.7,5,182,4,0,0,low,0
3629,0.21,0.93,4,243,4,0,0,low,0
3630,0.15,0.67,6,209,5,0,0,low,0
3631,0.97,0.53,4,195,4,0,0,low,0
3632,0.39,0.48,3,190,2,0,0,low,0
3633,0.35,0.66,2,140,2,0,0,medium,0
3634,0.88,0.58,4,147,4,0,0,medium,0
3635,0.58,0.97,3,265,3,0,0,medium,0
3636,0.61,0.78,3,238,2,0,0,medium,0
3637,0.59,0.98,3,155,3,0,0,medium,0
3638,0.55,0.41,4,132,5,1,0,medium,0
3639,0.52,0.8,5,257,3,0,0,medium,0
3640,0.71,0.77,2,255,3,0,0,medium,0
3641,0.63,0.82,5,229,2,0,0,medium,0
3642,0.17,0.84,5,216,4,0,0,medium,0
3643,0.95,0.49,4,269,4,0,0,medium,0
3644,1.0,0.73,3,205,2,0,0,medium,0
3645,0.73,0.96,2,151,3,0,0,medium,0
3646,0.8,0.64,4,246,3,1,0,medium,0
3647,0.63,0.8,4,256,4,0,0,medium,0
3648,0.95,0.59,4,235,3,0,0,medium,0
3649,0.75,0.83,4,229,2,0,0,medium,0
3650,0.64,0.72,5,158,3,0,0,medium,0
3651,0.72,1.0,3,197,3,0,0,medium,0
3652,0.72,0.53,3,151,4,0,0,medium,0
3653,0.85,0.63,3,167,3,0,0,medium,0
3654,0.24,0.94,4,146,4,0,0,medium,0
3655,0.69,0.53,4,281,4,0,0,medium,0
3656,0.69,0.7,3,212,2,0,0,medium,0
3657,0.87,0.59,5,261,3,0,0,medium,0
3658,0.78,0.91,3,238,2,0,0,high,0
3659,0.76,0.74,4,235,3,0,0,high,0
3660,0.35,0.7,3,107,3,0,0,high,0
3661,0.88,0.59,6,243,4,0,0,high,0
3662,0.78,0.79,5,233,3,1,0,high,0
3663,0.36,0.42,3,206,5,0,0,high,0
3664,0.24,0.7,5,172,4,0,0,high,0
3665,0.55,0.82,3,248,2,0,0,high,0
3666,0.91,0.53,3,147,4,1,0,high,0
3667,0.66,0.61,5,259,3,0,0,high,0
3668,0.57,0.82,3,267,3,0,0,high,0
3669,0.64,0.64,3,263,3,0,0,high,0
3670,0.63,0.98,3,160,4,1,0,low,0
3671,0.49,0.92,5,176,3,0,0,low,0
3672,0.7,0.7,3,224,3,0,0,low,0
3673,0.3,0.71,3,155,2,0,0,low,0
3674,0.51,0.52,3,132,3,0,0,low,0
3675,0.71,0.87,5,173,3,0,0,low,0
3676,0.64,0.67,3,165,3,0,0,low,0
3677,0.67,0.66,6,272,3,0,0,low,0
3678,0.83,0.94,5,156,3,1,0,low,0
3679,0.92,0.96,3,154,2,1,0,low,0
3680,0.84,0.53,3,237,3,1,0,low,0
3681,0.97,0.75,2,271,6,0,0,low,0
3682,0.19,0.91,6,152,3,0,0,low,0
3683,0.86,0.51,4,152,3,1,0,low,0
3684,0.71,0.69,3,172,3,0,0,low,0
3685,0.76,0.56,4,214,2,1,0,medium,0
3686,0.68,0.88,5,201,3,0,0,medium,0
3687,0.61,0.99,2,275,3,1,0,medium,0
3688,0.85,0.79,3,156,3,0,0,medium,0
3689,0.84,0.89,3,234,2,0,0,medium,0
3690,0.62,0.63,2,123,2,0,0,medium,0
3691,0.77,0.76,3,201,4,0,0,medium,0
3692,0.79,0.93,5,160,4,1,0,medium,0
3693,0.97,0.5,3,173,2,0,0,medium,0
3694,0.59,0.61,4,141,2,1,0,medium,0
3695,0.93,0.62,3,231,6,0,0,medium,0
3696,0.85,0.54,4,174,2,0,0,medium,0
3697,0.7,0.57,4,211,3,0,0,high,0
3698,0.54,0.91,3,249,3,0,0,high,0
3699,0.42,0.86,2,108,5,0,0,high,0
3700,0.96,0.75,4,165,3,0,0,high,0
3701,0.58,0.8,3,181,4,0,0,high,0
3702,0.61,0.59,3,237,2,0,0,high,0
3703,0.62,0.97,5,180,2,0,0,high,0
3704,0.68,0.7,3,209,3,0,0,high,0
3705,0.6,0.73,3,191,5,1,0,low,0
3706,0.7,0.91,4,181,2,1,0,low,0
3707,0.65,0.55,4,250,2,0,0,low,0
3708,0.48,0.59,2,179,2,0,0,low,0
3709,0.75,0.73,3,225,4,0,0,low,0
3710,0.69,0.78,5,267,2,1,0,low,0
3711,0.34,0.46,2,169,2,1,0,low,0
3712,0.59,0.49,4,164,3,0,0,low,0
3713,0.94,0.95,4,155,3,0,0,medium,0
3714,0.98,0.77,5,223,2,1,0,medium,0
3715,0.72,0.66,3,160,3,0,0,medium,0
3716,0.79,0.7,4,268,2,0,0,medium,0
3717,0.54,0.61,4,151,4,1,0,medium,0
3718,0.73,0.95,3,156,2,0,0,medium,0
3719,0.82,0.58,4,136,3,0,0,medium,0
3720,0.57,0.45,3,189,2,0,0,medium,0
3721,0.98,0.93,5,203,2,0,0,medium,0
3722,0.91,0.65,5,174,2,0,0,medium,0
3723,0.72,0.91,3,239,2,0,0,medium,0
3724,0.48,0.73,5,152,6,0,0,medium,0
3725,0.57,0.86,4,268,6,0,0,medium,0
3726,0.86,0.96,4,146,3,0,0,medium,0
3727,0.63,0.85,3,232,4,0,0,medium,0
3728,0.81,0.52,3,255,5,0,0,medium,0
3729,0.21,0.37,4,129,4,0,0,medium,0
3730,0.9,0.66,3,261,3,1,0,medium,0
3731,0.79,0.78,3,101,2,1,0,medium,0
3732,0.95,0.49,4,229,3,0,0,medium,0
3733,0.29,0.43,3,162,4,0,0,medium,0
3734,0.81,0.52,4,270,3,0,0,medium,0
3735,0.21,0.56,6,277,5,0,0,medium,0
3736,0.7,0.83,5,261,4,0,0,high,0
3737,0.66,0.64,4,204,2,0,0,low,0
3738,0.16,0.86,2,215,2,0,0,medium,0
3739,0.72,0.8,3,219,3,0,0,medium,0
3740,0.51,0.5,3,147,4,0,0,medium,0
3741,0.59,0.63,5,243,2,0,0,medium,0
3742,0.66,0.4,2,155,5,1,0,medium,0
3743,0.69,0.84,3,253,2,0,0,medium,0
3744,0.69,0.94,4,235,3,0,0,medium,0
3745,0.89,0.79,5,257,3,0,0,medium,0
3746,0.52,0.56,4,225,2,0,0,medium,0
3747,0.91,0.91,3,167,3,0,0,medium,0
3748,0.96,0.53,5,224,4,0,0,low,0
3749,0.8,0.58,5,127,3,0,0,low,0
3750,0.55,0.77,3,256,3,1,0,low,0
3751,0.93,0.63,4,233,2,0,0,low,0
3752,0.93,0.86,4,169,4,0,0,low,0
3753,0.54,0.48,3,152,2,0,0,low,0
3754,0.48,0.76,5,236,2,0,0,low,0
3755,0.19,0.99,3,154,2,0,0,high,0
3756,0.95,0.71,3,223,2,0,0,low,0
3757,0.96,0.81,4,211,3,0,0,high,0
3758,0.63,0.89,4,192,2,0,0,high,0
3759,0.81,0.8,4,227,2,1,0,low,0
3760,0.5,0.88,4,265,3,1,0,low,0
3761,0.76,0.72,5,228,2,0,0,high,0
3762,0.84,0.49,4,152,3,0,0,low,0
3763,0.2,0.95,5,169,5,0,0,medium,0
3764,0.78,0.92,3,169,3,0,0,high,0
3765,0.8,0.68,4,157,3,0,0,medium,0
3766,0.94,0.57,4,251,2,1,0,medium,0
3767,0.44,0.74,5,253,2,0,0,medium,0
3768,0.92,0.85,3,155,2,0,0,medium,0
3769,0.54,0.8,3,232,2,0,0,high,0
3770,0.56,0.56,4,195,2,0,0,medium,0
3771,0.66,0.69,4,198,3,1,0,medium,0
3772,0.8,0.91,3,246,3,0,0,medium,0
3773,0.6,0.81,2,214,3,0,0,high,0
3774,0.73,0.73,5,249,3,0,0,medium,0
3775,0.55,0.74,3,211,3,1,0,high,0
3776,0.7,0.71,5,269,3,0,0,low,0
3777,0.53,0.68,4,214,3,0,0,medium,0
3778,0.9,0.94,4,231,3,0,0,medium,0
3779,0.8,0.78,3,175,3,0,0,medium,0
3780,0.51,0.6,5,175,3,0,0,medium,0
3781,0.86,0.96,5,238,5,0,0,low,0
3782,0.63,0.79,4,228,4,0,0,low,0
3783,0.83,0.93,3,220,4,0,0,low,0
3784,0.85,0.55,4,233,2,1,0,low,0
3785,0.8,0.57,3,225,4,0,0,low,0
3786,0.79,0.97,5,187,3,0,0,low,0
3787,0.37,0.71,3,117,3,0,0,low,0
3788,0.85,0.9,3,184,3,1,0,low,0
3789,0.76,0.56,3,216,3,0,0,low,0
3790,0.99,0.62,4,140,2,1,0,low,0
3791,0.55,0.63,3,201,2,1,0,high,0
3792,0.69,0.69,4,167,3,1,0,low,0
3793,0.68,1.0,5,203,2,0,0,low,0
3794,0.69,0.9,5,231,2,1,0,low,0
3795,0.65,0.7,3,141,4,0,0,low,0
3796,0.17,0.88,6,226,3,1,0,high,0
3797,0.48,0.65,3,199,2,0,0,low,0
3798,0.65,0.59,4,192,3,0,0,low,0
3799,0.57,0.49,4,247,2,0,0,low,0
3800,0.8,0.67,3,164,3,0,0,high,0
3801,0.8,0.6,5,234,2,0,0,low,0
3802,0.5,0.6,2,177,3,1,0,medium,0
3803,0.95,0.87,3,208,2,0,0,high,0
3804,0.69,0.93,3,233,3,0,0,medium,0
3805,0.74,0.57,4,172,3,0,0,high,0
3806,0.68,0.59,3,141,3,0,0,medium,0
3807,0.68,0.55,3,213,3,0,0,medium,0
3808,0.65,0.37,5,128,3,1,0,medium,0
3809,0.85,0.92,4,151,3,1,0,medium,0
3810,0.49,0.48,4,247,3,0,0,medium,0
3811,0.19,0.8,6,143,4,0,0,medium,0
3812,0.95,0.61,3,164,3,0,0,medium,0
3813,0.63,0.62,3,183,3,0,0,medium,0
3814,0.83,0.8,4,274,3,0,0,high,0
3815,0.62,0.78,4,261,2,0,0,low,0
3816,0.74,0.98,5,200,3,0,0,medium,0
3817,0.7,0.87,5,177,2,0,0,medium,0
3818,0.28,0.38,5,139,4,0,0,medium,0
3819,0.39,0.56,6,228,5,0,0,medium,0
3820,0.62,0.63,3,230,2,0,0,medium,0
3821,0.79,0.54,5,212,4,0,0,medium,0
3822,0.87,0.74,4,265,4,0,0,medium,0
3823,0.29,0.75,3,124,4,0,0,medium,0
3824,0.37,0.88,4,155,3,0,0,medium,0
3825,0.68,0.55,4,215,4,0,0,high,0
3826,0.9,0.51,4,214,2,0,0,low,0
3827,0.97,0.65,3,181,3,0,0,low,0
3828,0.6,0.77,4,229,2,0,0,low,0
3829,0.58,0.79,5,262,2,0,0,high,0
3830,0.83,0.86,3,165,3,0,0,low,0
3831,0.83,0.73,5,136,3,0,0,low,0
3832,0.94,0.71,4,151,2,1,0,low,0
3833,0.69,0.9,5,226,4,0,0,high,0
3834,0.81,0.81,5,215,2,0,0,low,0
3835,0.19,0.5,6,143,5,1,0,low,0
3836,0.18,0.64,3,223,4,1,0,low,0
3837,0.58,0.63,4,271,3,0,0,low,0
3838,0.76,0.65,3,220,3,0,0,low,0
3839,0.26,0.47,6,182,4,0,0,low,0
3840,0.78,0.87,3,190,3,0,0,low,0
3841,0.71,0.56,3,198,3,0,0,medium,0
3842,0.76,0.61,3,141,2,0,0,medium,0
3843,0.44,0.81,3,248,2,0,0,medium,0
3844,0.26,0.69,2,168,5,0,0,medium,0
3845,0.75,0.57,5,162,3,0,0,medium,0
3846,0.64,0.9,4,211,3,0,0,medium,0
3847,0.79,0.71,4,271,3,0,0,medium,0
3848,0.96,0.61,3,271,2,0,0,medium,0
3849,0.63,1.0,5,244,2,0,0,medium,0
3850,0.65,0.55,5,261,3,1,0,medium,0
3851,0.76,0.81,3,225,3,0,0,medium,0
3852,0.26,0.9,4,266,5,0,0,medium,0
3853,0.84,0.73,3,146,5,1,0,high,0
3854,0.74,0.77,3,233,3,0,0,low,0
3855,0.53,0.45,4,180,3,0,0,medium,0
3856,0.7,0.56,5,208,3,0,0,medium,0
3857,0.62,0.69,4,165,4,1,0,medium,0
3858,0.71,0.68,4,221,4,0,0,medium,0
3859,0.5,0.65,3,215,2,0,0,low,0
3860,0.53,0.5,6,264,6,0,0,low,0
3861,0.88,0.89,2,160,4,0,0,low,0
3862,0.79,0.83,2,192,3,0,0,low,0
3863,0.69,0.89,5,201,2,0,0,low,0
3864,0.57,0.96,4,264,2,0,0,low,0
3865,0.68,0.8,4,186,3,1,0,low,0
3866,0.6,0.82,4,272,3,0,0,low,0
3867,0.7,0.9,4,216,3,0,0,low,0
3868,0.71,0.76,4,142,2,1,0,low,0
3869,0.49,0.51,4,133,3,0,0,low,0
3870,0.74,0.7,4,260,2,0,0,low,0
3871,0.2,0.93,4,101,5,0,0,low,0
3872,0.57,0.5,4,230,2,0,0,low,0
3873,0.83,0.48,3,242,4,0,0,low,0
3874,0.22,0.64,3,193,2,0,0,low,0
3875,0.67,0.57,2,234,4,0,0,low,0
3876,0.54,0.84,3,132,3,0,0,low,0
3877,0.54,0.53,4,183,3,0,0,low,0
3878,0.64,0.61,4,191,4,0,0,low,0
3879,0.23,0.84,5,140,4,0,0,low,0
3880,0.88,0.87,5,257,3,0,0,medium,0
3881,0.83,0.54,4,219,3,0,0,medium,0
3882,0.88,0.67,5,141,2,0,0,medium,0
3883,0.9,0.85,5,162,2,0,0,medium,0
3884,0.49,0.61,3,181,3,0,0,medium,0
3885,0.55,0.49,3,191,3,0,0,medium,0
3886,0.92,0.69,4,149,6,1,0,medium,0
3887,0.72,0.67,3,164,4,0,0,medium,0
3888,0.63,0.5,4,235,3,0,0,medium,0
3889,0.98,0.66,3,199,3,0,0,medium,0
3890,0.76,0.52,3,248,3,0,0,medium,0
3891,0.42,0.56,2,103,3,1,0,medium,0
3892,0.58,0.65,4,248,4,0,0,high,0
3893,0.85,0.82,3,153,3,1,0,low,0
3894,0.67,0.95,4,241,4,0,0,medium,0
3895,0.58,1.0,4,258,3,0,0,medium,0
3896,0.84,0.76,5,172,5,1,0,medium,0
3897,0.56,0.68,3,149,2,0,0,medium,0
3898,0.63,0.83,4,217,3,0,0,low,0
3899,0.51,0.92,3,243,3,0,0,low,0
3900,0.95,0.81,5,120,3,0,0,low,0
3901,0.85,0.55,3,137,3,1,0,low,0
3902,0.73,0.78,5,150,3,0,0,low,0
3903,0.2,0.49,5,199,5,0,0,low,0
3904,0.78,0.79,3,203,2,0,0,low,0
3905,0.83,0.8,3,273,3,0,0,low,0
3906,0.87,0.56,2,214,3,1,0,low,0
3907,0.98,0.99,5,141,3,0,0,low,0
3908,1.0,0.81,5,243,3,0,0,low,0
3909,0.7,0.55,4,159,3,0,0,low,0
3910,0.62,0.88,5,146,3,0,0,low,0
3911,0.67,0.72,4,159,2,0,0,low,0
3912,0.86,0.96,4,196,3,0,0,low,0
3913,0.44,0.57,5,183,2,1,0,low,0
3914,0.19,0.86,4,192,4,0,0,low,0
3915,0.76,0.83,4,246,2,0,0,low,0
3916,0.89,0.93,5,191,4,0,0,low,0
3917,0.25,0.97,3,158,3,0,0,low,0
3918,0.68,1.0,4,167,2,0,0,low,0
3919,0.38,0.5,2,187,2,1,0,medium,0
3920,0.64,0.95,4,199,4,0,0,medium,0
3921,0.76,0.62,4,157,3,0,0,medium,0
3922,0.26,0.45,2,157,3,0,0,medium,0
3923,0.69,0.67,3,178,2,0,0,medium,0
3924,0.98,0.66,3,154,2,0,0,medium,0
3925,0.86,0.83,5,208,2,1,0,medium,0
3926,0.14,0.68,4,273,5,1,0,medium,0
3927,0.58,0.63,4,159,3,0,0,medium,0
3928,0.63,0.97,4,234,2,0,0,medium,0
3929,0.7,0.91,5,139,3,1,0,medium,0
3930,0.73,0.62,4,210,4,0,0,medium,0
3931,0.89,0.52,3,164,3,0,0,high,0
3932,0.17,0.61,3,241,5,1,0,low,0
3933,0.86,0.73,5,259,2,0,0,medium,0
3934,0.59,0.73,3,159,3,1,0,medium,0
3935,0.22,0.51,4,131,2,0,0,medium,0
3936,0.55,0.57,3,266,2,0,0,medium,0
3937,0.74,0.6,3,153,2,0,0,low,0
3938,0.55,0.54,3,253,2,0,0,low,0
3939,0.67,0.94,4,141,2,1,0,low,0
3940,0.64,0.8,3,199,3,0,0,low,0
3941,0.58,0.71,3,205,3,0,0,low,0
3942,0.9,0.6,4,252,3,0,0,low,0
3943,0.89,0.9,4,153,3,0,0,low,0
3944,0.74,0.37,2,171,4,0,0,low,0
3945,0.78,0.91,5,150,4,0,0,low,0
3946,0.97,0.53,4,247,3,0,0,low,0
3947,0.52,0.92,4,150,2,1,0,low,0
3948,0.99,0.86,4,206,2,0,0,low,0
3949,0.76,0.44,4,192,4,1,0,low,0
3950,0.69,0.96,5,164,3,0,0,low,0
3951,0.59,0.69,3,186,3,0,0,low,0
3952,0.95,0.63,3,249,3,0,0,low,0
3953,0.69,0.81,3,214,2,0,0,low,0
3954,0.76,0.75,4,193,4,0,0,low,0
3955,0.7,0.84,2,114,4,0,0,low,0
3956,0.87,0.6,2,122,2,0,0,low,0
3957,0.44,0.55,3,170,3,1,0,low,0
3958,0.54,0.91,3,151,3,0,0,medium,0
3959,0.55,0.75,3,156,3,0,0,medium,0
3960,0.81,0.75,5,170,3,1,0,medium,0
3961,0.5,0.55,3,188,2,0,0,medium,0
3962,0.93,0.74,4,201,3,1,0,medium,0
3963,0.64,0.5,6,254,6,0,0,medium,0
3964,0.57,0.78,3,206,4,0,0,medium,0
3965,0.95,0.74,4,216,3,0,0,medium,0
3966,0.86,0.67,5,200,3,0,0,medium,0
3967,0.82,0.58,4,202,2,0,0,medium,0
3968,0.18,0.79,4,217,4,0,0,medium,0
3969,0.58,0.7,5,151,4,0,0,medium,0
3970,0.57,0.56,3,224,2,0,0,high,0
3971,0.94,0.83,5,148,3,0,0,low,0
3972,0.2,0.97,6,224,5,1,0,medium,0
3973,0.73,0.75,2,243,5,1,0,medium,0
3974,0.94,0.8,4,238,3,1,0,medium,0
3975,0.99,0.61,3,254,3,0,0,medium,0
3976,0.22,0.49,4,218,4,0,0,low,0
3977,0.67,0.66,3,237,3,0,0,low,0
3978,0.49,0.67,4,185,2,0,0,low,0
3979,0.78,0.95,4,184,3,0,0,low,0
3980,0.15,0.74,2,176,3,1,0,low,0
3981,0.91,0.89,4,260,3,0,0,low,0
3982,0.7,0.78,4,254,4,0,0,low,0
3983,0.6,0.95,3,221,3,0,0,low,0
3984,0.59,0.57,5,257,2,0,0,low,0
3985,0.59,0.93,3,265,3,1,0,low,0
3986,0.55,0.64,3,138,3,1,0,low,0
3987,0.42,0.75,3,163,2,1,0,low,0
3988,0.57,0.81,3,144,3,0,0,low,0
3989,0.72,0.51,3,146,2,1,0,low,0
3990,0.83,0.81,3,242,6,0,0,low,0
3991,0.89,0.93,4,249,3,0,0,low,0
3992,0.55,0.59,3,245,3,0,0,low,0
3993,0.53,0.75,4,201,2,0,0,low,0
3994,0.74,0.59,4,177,4,1,0,medium,0
3995,0.63,0.98,4,160,2,0,0,medium,0
3996,0.63,0.4,6,177,2,1,0,medium,0
3997,0.61,0.97,4,153,3,0,0,medium,0
3998,0.76,0.79,3,197,5,0,0,medium,0
3999,0.67,0.82,4,246,4,0,0,medium,0
4000,0.51,0.95,4,258,3,0,0,medium,0
4001,0.67,0.55,3,137,3,0,0,medium,0
4002,0.16,0.94,3,178,4,0,0,medium,0
4003,0.34,0.85,4,123,4,0,0,medium,0
4004,0.58,0.73,5,162,3,1,0,medium,0
4005,0.5,0.71,5,210,5,0,0,medium,0
4006,0.56,0.48,4,197,3,1,0,high,0
4007,0.56,0.98,3,220,3,0,0,low,0
4008,0.74,0.71,4,133,2,0,0,medium,0
4009,0.69,0.99,3,198,2,0,0,medium,0
4010,0.15,0.81,4,160,5,0,0,medium,0
4011,0.58,0.67,2,180,2,0,0,medium,0
4012,0.8,0.79,3,217,3,0,0,low,0
4013,0.5,0.57,3,223,3,0,0,low,0
4014,0.66,0.92,4,229,2,0,0,low,0
4015,0.81,0.78,4,159,3,0,0,low,0
4016,0.14,0.68,5,253,5,0,0,low,0
4017,0.92,0.85,3,235,2,0,0,low,0
4018,0.69,0.91,4,186,3,0,0,low,0
4019,0.66,0.99,4,263,2,0,0,low,0
4020,0.85,0.39,4,239,4,0,0,low,0
4021,0.83,0.69,4,151,2,0,0,low,0
4022,1.0,0.49,3,106,4,0,0,low,0
4023,0.68,0.65,3,183,4,0,0,low,0
4024,0.26,0.97,3,125,2,0,0,low,0
4025,0.35,0.41,3,157,2,0,0,low,0
4026,0.12,0.58,3,241,2,0,0,low,0
4027,0.91,0.93,4,184,3,0,0,low,0
4028,0.65,0.67,4,144,3,0,0,low,0
4029,0.78,0.72,3,255,4,1,0,low,0
4030,0.61,0.82,3,261,4,0,0,low,0
4031,0.64,0.51,4,207,2,0,0,low,0
4032,0.58,0.73,4,205,4,0,0,low,0
4033,0.63,0.76,4,217,2,1,0,medium,0
4034,0.94,0.6,4,215,2,1,0,medium,0
4035,0.26,0.81,5,139,4,0,0,medium,0
4036,0.59,0.69,3,146,3,0,0,medium,0
4037,0.78,0.8,4,175,3,0,0,medium,0
4038,0.86,0.64,5,188,3,0,0,medium,0
4039,0.79,0.73,5,155,3,0,0,medium,0
4040,0.89,0.73,4,171,4,0,0,medium,0
4041,0.34,0.99,4,184,3,0,0,medium,0
4042,0.29,0.77,3,164,6,0,0,medium,0
4043,0.71,0.89,3,244,4,0,0,medium,0
4044,0.93,0.58,4,222,2,0,0,medium,0
4045,0.94,0.76,4,231,3,1,0,high,0
4046,0.91,0.72,3,213,3,0,0,low,0
4047,0.71,0.96,4,144,4,0,0,medium,0
4048,0.67,0.81,3,221,4,1,0,medium,0
4049,0.54,0.42,3,138,3,1,0,medium,0
4050,0.89,0.58,3,183,4,0,0,medium,0
4051,0.94,0.91,3,250,3,1,0,low,0
4052,0.15,0.89,3,219,6,0,0,low,0
4053,0.45,0.92,6,164,4,1,0,low,0
4054,0.92,0.67,4,161,4,1,0,low,0
4055,0.63,0.56,4,274,5,1,0,low,0
4056,0.8,0.66,4,181,3,1,0,low,0
4057,0.45,0.72,3,148,2,0,0,low,0
4058,0.72,0.54,3,226,2,1,0,low,0
4059,0.84,0.36,6,256,5,0,0,low,0
4060,0.61,0.51,3,141,2,0,0,low,0
4061,0.63,0.88,3,177,3,0,0,low,0
4062,0.49,0.54,4,173,2,0,0,low,0
4063,0.68,0.51,2,196,3,0,0,low,0
4064,0.64,0.85,5,179,2,0,0,low,0
4065,0.61,0.64,4,201,3,0,0,low,0
4066,0.83,0.55,5,247,3,0,0,low,0
4067,0.94,0.51,5,238,2,0,0,low,0
4068,0.27,0.66,3,133,6,0,0,low,0
4069,0.6,0.49,2,194,4,0,0,low,0
4070,0.83,0.69,4,232,2,0,0,low,0
4071,0.53,0.75,3,232,3,0,0,low,0
4072,0.79,0.97,4,204,3,0,0,medium,0
4073,0.96,0.49,4,252,3,1,0,medium,0
4074,0.5,0.56,3,164,3,0,0,medium,0
4075,0.68,0.81,5,266,2,0,0,medium,0
4076,0.24,0.54,4,226,4,1,0,medium,0
4077,0.8,0.8,4,252,6,0,0,medium,0
4078,0.62,0.74,4,155,3,0,0,medium,0
4079,1.0,0.85,3,202,2,0,0,medium,0
4080,0.64,0.75,3,214,3,0,0,medium,0
4081,0.51,0.55,4,267,3,0,0,medium,0
4082,0.74,0.5,4,265,3,0,0,medium,0
4083,0.49,0.99,3,221,2,1,0,medium,0
4084,0.96,0.83,4,132,6,0,0,high,0
4085,0.59,0.62,4,227,4,1,0,low,0
4086,0.84,0.57,4,234,3,0,0,medium,0
4087,0.16,0.84,3,238,6,0,0,medium,0
4088,0.62,0.75,3,149,2,1,0,medium,0
4089,0.79,0.67,4,152,3,0,0,medium,0
4090,0.53,0.83,4,249,3,1,0,low,0
4091,0.17,0.48,6,270,5,0,0,low,0
4092,0.57,0.76,3,200,2,0,0,low,0
4093,0.65,0.82,4,207,2,0,0,low,0
4094,0.69,0.74,4,266,2,1,0,low,0
4095,0.3,0.8,6,250,3,0,0,low,0
4096,0.99,0.92,3,220,3,0,0,low,0
4097,0.5,0.69,4,177,2,0,0,low,0
4098,0.54,0.96,3,147,2,0,0,medium,0
4099,0.69,0.57,4,227,4,0,0,medium,0
4100,0.5,0.85,4,272,2,0,0,medium,0
4101,0.66,0.73,3,244,3,0,0,medium,0
4102,1.0,0.93,5,182,3,1,0,medium,0
4103,0.15,0.61,3,146,6,1,0,medium,0
4104,0.31,0.54,5,259,5,1,0,medium,0
4105,0.65,0.49,4,184,4,0,0,medium,0
4106,0.72,0.69,4,149,2,0,0,medium,0
4107,0.84,0.85,4,185,3,1,0,medium,0
4108,0.55,0.8,3,254,2,0,0,medium,0
4109,0.6,0.58,4,249,3,0,0,medium,0
4110,0.84,0.48,4,269,2,0,0,medium,0
4111,0.68,0.87,3,168,3,0,0,medium,0
4112,0.13,1.0,6,225,3,0,0,medium,0
4113,0.88,0.98,3,160,2,0,0,medium,0
4114,0.64,0.57,5,149,3,1,0,medium,0
4115,0.19,0.95,5,193,3,0,0,medium,0
4116,0.83,0.88,5,171,3,1,0,medium,0
4117,0.17,0.41,4,232,3,1,0,medium,0
4118,0.44,0.74,4,250,6,0,0,medium,0
4119,0.52,0.55,4,243,2,0,0,medium,0
4120,0.66,0.62,4,250,2,0,0,medium,0
4121,0.96,0.55,4,153,3,0,0,medium,0
4122,0.19,0.5,5,126,3,1,0,medium,0
4123,0.86,1.0,3,192,3,0,0,high,0
4124,0.65,0.57,3,137,4,1,0,high,0
4125,0.61,0.97,3,199,3,1,0,high,0
4126,0.53,0.96,3,181,3,1,0,high,0
4127,0.14,0.76,5,260,6,0,0,high,0
4128,0.74,1.0,4,199,4,0,0,high,0
4129,0.47,0.62,6,171,5,1,0,high,0
4130,0.6,0.56,4,260,3,0,0,high,0
4131,0.81,0.58,3,243,4,0,0,high,0
4132,0.95,0.59,2,154,4,0,0,high,0
4133,0.98,0.8,2,201,2,0,0,high,0
4134,0.52,0.8,5,234,3,0,0,high,0
4135,1.0,0.97,3,216,3,1,0,low,0
4136,0.16,0.74,5,205,4,1,0,low,0
4137,0.19,0.83,3,225,4,0,0,low,0
4138,0.94,0.87,3,229,3,0,0,low,0
4139,0.58,0.43,6,132,3,0,0,low,0
4140,0.92,0.69,4,180,3,0,0,low,0
4141,0.65,0.8,4,164,4,0,0,low,0
4142,0.74,0.74,5,175,3,0,0,low,0
4143,0.6,0.53,5,103,2,0,0,low,0
4144,1.0,1.0,5,142,4,0,0,low,0
4145,0.81,0.96,4,212,3,0,0,low,0
4146,0.54,0.67,2,129,3,1,0,low,0
4147,0.18,0.81,5,140,4,0,0,low,0
4148,0.82,0.88,4,149,2,0,0,low,0
4149,0.9,0.96,2,258,2,0,0,low,0
4150,0.62,0.62,4,136,2,0,0,medium,0
4151,0.77,0.76,2,216,3,1,0,medium,0
4152,0.58,0.86,3,151,2,0,0,medium,0
4153,0.27,0.47,5,217,6,0,0,medium,0
4154,0.78,0.72,4,219,3,0,0,medium,0
4155,0.98,0.66,3,150,3,0,0,medium,0
4156,0.75,0.5,4,98,4,0,0,medium,0
4157,0.74,0.67,5,140,3,0,0,medium,0
4158,0.9,0.99,3,259,3,1,0,medium,0
4159,0.73,0.71,5,215,6,1,0,medium,0
4160,0.9,0.62,4,258,3,0,0,medium,0
4161,0.68,0.91,4,162,3,1,0,medium,0
4162,0.9,0.74,3,260,4,0,0,high,0
4163,0.64,0.93,5,198,2,0,0,high,0
4164,0.63,0.9,2,242,3,1,0,high,0
4165,0.87,0.89,4,219,4,0,0,high,0
4166,0.6,0.55,4,204,3,0,0,high,0
4167,0.7,0.74,3,157,3,0,0,high,0
4168,0.15,0.94,5,244,6,0,0,high,0
4169,0.45,0.75,3,122,3,0,0,high,0
4170,0.43,0.9,5,282,5,0,0,low,0
4171,0.92,0.46,5,195,5,0,0,low,0
4172,0.72,0.81,4,134,2,0,0,low,0
4173,0.94,0.84,3,210,2,0,0,low,0
4174,0.74,0.52,3,170,3,0,0,low,0
4175,0.48,0.71,2,140,3,1,0,low,0
4176,0.84,0.76,5,215,2,1,0,low,0
4177,0.53,0.86,3,150,3,0,0,low,0
4178,0.45,0.88,5,268,3,1,0,medium,0
4179,0.95,0.67,4,270,4,0,0,medium,0
4180,0.95,0.58,3,163,3,0,0,medium,0
4181,0.7,0.85,3,188,2,0,0,medium,0
4182,0.19,0.93,3,110,4,0,0,medium,0
4183,0.74,0.91,5,135,3,0,0,medium,0
4184,0.54,0.59,4,228,3,0,0,medium,0
4185,0.5,0.69,5,172,2,0,0,medium,0
4186,0.95,0.72,3,168,5,0,0,medium,0
4187,0.69,0.69,5,160,3,0,0,medium,0
4188,0.24,0.74,5,282,3,0,0,medium,0
4189,0.96,0.7,5,184,2,1,0,medium,0
4190,0.61,0.5,4,217,4,1,0,medium,0
4191,0.76,0.53,6,281,3,0,0,medium,0
4192,0.61,0.64,3,245,2,0,0,medium,0
4193,0.37,0.48,2,285,5,0,0,medium,0
4194,0.81,0.9,4,165,3,0,0,medium,0
4195,0.59,0.9,3,146,3,0,0,medium,0
4196,0.73,0.82,3,133,3,0,0,medium,0
4197,0.87,0.57,2,181,6,0,0,medium,0
4198,0.67,0.66,6,152,3,0,0,medium,0
4199,0.96,0.78,2,284,3,0,0,medium,0
4200,0.98,0.51,3,157,3,0,0,medium,0
4201,0.5,0.58,4,165,2,0,0,high,0
4202,0.49,0.71,3,255,2,1,0,low,0
4203,0.13,0.65,4,194,4,0,0,medium,0
4204,0.57,0.68,3,102,6,0,0,medium,0
4205,0.51,0.94,4,247,2,0,0,medium,0
4206,0.99,0.69,3,206,2,0,0,medium,0
4207,0.8,0.77,3,171,2,0,0,medium,0
4208,0.56,0.39,5,263,4,0,0,medium,0
4209,0.96,0.84,4,272,4,1,0,medium,0
4210,0.96,0.5,3,158,2,1,0,medium,0
4211,0.87,0.53,6,216,6,1,0,medium,0
4212,0.61,0.9,5,113,3,0,0,medium,0
4213,0.18,0.6,3,140,4,0,0,low,0
4214,0.24,0.77,5,178,5,0,0,low,0
4215,0.86,0.48,4,153,3,0,0,low,0
4216,0.25,0.62,6,271,5,0,0,low,0
4217,0.25,0.82,3,269,5,0,0,low,0
4218,0.63,0.55,3,160,3,0,0,low,0
4219,0.89,0.68,4,258,2,1,0,low,0
4220,0.87,0.82,4,251,3,0,0,high,0
4221,0.87,0.78,3,170,2,0,0,low,0
4222,0.71,0.99,4,238,4,1,0,high,0
4223,0.98,0.87,4,152,2,0,0,high,0
4224,0.16,0.51,3,262,6,0,0,low,0
4225,0.83,0.68,4,273,2,0,0,low,0
4226,0.65,0.77,3,233,2,0,0,high,0
4227,0.95,0.64,3,262,3,0,0,low,0
4228,0.67,0.67,3,183,3,0,0,medium,0
4229,0.53,0.88,3,150,3,1,0,high,0
4230,0.74,0.94,3,132,3,0,0,medium,0
4231,0.77,0.79,3,200,4,0,0,medium,0
4232,0.13,0.72,4,148,5,0,0,medium,0
4233,0.82,0.92,3,187,3,1,0,medium,0
4234,0.88,0.65,4,224,2,0,0,high,0
4235,0.89,0.5,4,147,2,0,0,medium,0
4236,0.85,0.51,3,153,4,0,0,medium,0
4237,0.93,0.87,5,154,2,0,0,medium,0
4238,0.62,0.7,5,270,3,0,0,high,0
4239,0.58,0.96,3,202,2,0,0,medium,0
4240,0.98,0.5,4,264,3,0,0,high,0
4241,0.52,0.45,2,145,3,0,0,low,0
4242,0.76,0.49,3,138,2,1,0,medium,0
4243,0.73,0.91,3,238,2,0,0,medium,0
4244,0.74,0.64,4,147,5,0,0,medium,0
4245,0.49,0.48,3,190,2,0,0,medium,0
4246,0.91,0.97,4,183,3,0,0,low,0
4247,0.74,0.92,5,255,3,0,0,low,0
4248,0.86,0.82,4,252,4,0,0,low,0
4249,0.52,0.47,6,141,5,1,0,low,0
4250,0.95,0.81,3,260,2,0,0,low,0
4251,0.65,0.98,3,136,3,0,0,low,0
4252,0.7,0.56,4,182,2,0,0,low,0
4253,0.14,0.66,6,142,5,0,0,low,0
4254,0.92,0.53,2,261,4,0,0,low,0
4255,0.54,0.6,3,209,2,0,0,low,0
4256,0.76,0.95,2,156,4,0,0,high,0
4257,0.78,0.66,4,214,2,0,0,low,0
4258,0.85,0.86,4,250,3,0,0,low,0
4259,0.78,0.8,4,197,3,1,0,low,0
4260,0.55,0.72,3,149,3,0,0,low,0
4261,0.68,0.61,5,271,2,0,0,high,0
4262,0.91,0.68,4,187,2,0,0,low,0
4263,0.76,0.56,3,154,2,0,0,low,0
4264,0.15,0.67,4,264,3,0,0,low,0
4265,0.95,0.6,2,144,3,0,0,high,0
4266,0.74,0.37,6,200,3,0,0,low,0
4267,0.92,0.56,5,197,2,1,0,medium,0
4268,0.64,0.89,3,175,3,1,0,high,0
4269,0.96,0.9,3,161,3,0,0,medium,0
4270,0.21,0.72,3,245,6,0,0,high,0
4271,0.85,0.67,3,167,4,0,0,medium,0
4272,0.52,0.86,5,168,3,0,0,medium,0
4273,0.54,0.81,5,261,6,0,0,medium,0
4274,0.56,0.81,5,274,4,0,0,medium,0
4275,0.59,0.79,4,181,3,0,0,medium,0
4276,0.88,0.58,5,266,3,1,0,medium,0
4277,0.7,0.84,4,184,3,0,0,medium,0
4278,0.95,0.58,3,193,2,0,0,medium,0
4279,0.83,0.88,3,217,2,1,0,high,0
4280,0.76,0.62,4,197,3,0,0,low,0
4281,0.82,0.92,5,252,3,0,0,medium,0
4282,0.55,0.97,4,136,3,0,0,medium,0
4283,0.89,0.55,5,194,4,0,0,medium,0
4284,0.66,0.94,4,190,3,0,0,medium,0
4285,0.41,0.61,3,185,2,1,0,medium,0
4286,0.83,0.77,3,232,2,1,0,medium,0
4287,0.88,0.72,3,200,2,1,0,medium,0
4288,0.56,0.66,5,155,2,0,0,medium,0
4289,0.53,0.72,3,228,3,0,0,medium,0
4290,0.8,0.41,3,188,4,0,0,high,0
4291,0.95,0.78,4,245,3,0,0,low,0
4292,0.9,0.88,4,205,2,0,0,low,0
4293,0.5,0.97,4,269,3,0,0,low,0
4294,0.4,0.59,3,207,6,0,0,high,0
4295,0.52,0.85,3,250,4,0,0,low,0
4296,0.51,0.5,5,251,3,1,0,low,0
4297,0.84,0.62,5,217,3,0,0,low,0
4298,0.78,0.98,5,252,3,0,0,high,0
4299,0.91,0.71,2,159,3,1,0,low,0
4300,0.59,0.71,5,169,2,0,0,low,0
4301,0.69,0.97,5,105,4,0,0,low,0
4302,0.87,0.93,4,268,2,0,0,low,0
4303,0.66,1.0,5,145,2,0,0,low,0
4304,0.5,0.54,4,165,3,0,0,low,0
4305,0.95,0.75,3,253,4,0,0,low,0
4306,0.77,0.64,3,254,3,0,0,medium,0
4307,0.66,0.5,3,218,2,0,0,medium,0
4308,0.61,0.98,3,138,5,1,0,medium,0
4309,0.7,0.87,5,239,3,0,0,medium,0
4310,0.89,0.71,5,182,2,1,0,medium,0
4311,0.6,0.78,4,152,3,1,0,medium,0
4312,0.62,0.51,3,222,3,1,0,medium,0
4313,0.59,0.9,2,219,2,1,0,medium,0
4314,0.69,0.59,4,266,4,0,0,medium,0
4315,0.36,0.94,3,113,5,1,0,medium,0
4316,0.59,0.93,4,146,3,0,0,medium,0
4317,0.5,0.51,5,238,4,0,0,medium,0
4318,0.53,0.99,3,188,3,0,0,high,0
4319,0.84,0.9,4,237,2,0,0,low,0
4320,0.51,0.95,4,201,3,0,0,medium,0
4321,0.53,0.56,5,188,3,0,0,medium,0
4322,0.98,0.63,3,137,3,0,0,medium,0
4323,0.95,0.81,4,263,3,0,0,medium,0
4324,0.13,0.76,5,217,3,0,0,low,0
4325,0.5,0.64,4,213,4,0,0,low,0
4326,0.93,0.76,3,244,3,0,0,low,0
4327,0.5,0.87,3,252,2,0,0,low,0
4328,0.66,0.84,4,168,2,0,0,low,0
4329,0.89,0.79,4,212,3,0,0,low,0
4330,0.46,0.43,4,258,3,0,0,low,0
4331,0.67,0.6,4,210,3,0,0,low,0
4332,0.96,0.9,4,246,3,0,0,low,0
4333,0.98,0.76,4,221,3,1,0,low,0
4334,0.67,0.57,5,215,4,0,0,low,0
4335,0.72,0.72,4,175,4,0,0,low,0
4336,0.65,0.49,5,221,2,0,0,low,0
4337,0.72,0.67,5,219,3,0,0,low,0
4338,0.78,0.58,3,154,3,0,0,low,0
4339,0.93,0.56,3,266,2,0,0,low,0
4340,0.73,0.85,5,224,4,0,0,low,0
4341,0.2,0.57,4,269,5,1,0,low,0
4342,0.47,0.5,4,159,2,0,0,low,0
4343,0.56,0.62,4,247,3,0,0,low,0
4344,0.72,0.86,4,137,2,0,0,low,0
4345,0.91,0.56,4,251,4,0,0,medium,0
4346,0.79,0.49,5,210,3,0,0,medium,0
4347,0.53,0.75,2,123,4,0,0,medium,0
4348,0.14,0.51,4,253,6,0,0,medium,0
4349,0.78,0.92,5,242,4,0,0,medium,0
4350,0.52,0.74,3,238,3,0,0,medium,0
4351,0.94,0.68,5,151,2,0,0,medium,0
4352,0.83,0.8,4,158,4,0,0,medium,0
4353,0.44,0.68,2,120,2,0,0,medium,0
4354,0.72,0.74,3,187,2,0,0,medium,0
4355,0.84,0.58,3,140,3,0,0,medium,0
4356,0.76,0.99,3,164,2,0,0,medium,0
4357,0.92,0.94,5,253,2,0,0,high,0
4358,0.58,0.93,5,235,2,0,0,low,0
4359,0.85,0.81,4,189,4,0,0,medium,0
4360,0.74,0.51,4,246,3,1,0,medium,0
4361,0.74,0.87,4,258,2,0,0,medium,0
4362,0.72,0.8,3,158,3,0,0,medium,0
4363,0.76,0.98,4,173,3,1,0,low,0
4364,0.85,0.72,3,201,3,0,0,low,0
4365,0.82,0.49,5,185,3,0,0,low,0
4366,0.6,0.93,5,270,3,1,0,low,0
4367,0.39,0.64,3,152,2,0,0,low,0
4368,0.83,0.53,3,211,4,1,0,low,0
4369,0.7,0.92,3,162,3,1,0,low,0
4370,0.84,0.97,4,253,2,1,0,low,0
4371,0.9,0.77,4,236,3,0,0,low,0
4372,0.18,0.84,4,231,5,0,0,low,0
4373,0.52,0.71,2,231,2,0,0,low,0
4374,0.87,0.51,4,233,3,0,0,low,0
4375,0.6,0.79,5,217,2,0,0,low,0
4376,0.72,0.93,4,174,2,0,0,low,0
4377,0.48,0.64,4,227,3,0,0,low,0
4378,0.75,0.53,3,222,2,0,0,low,0
4379,0.85,0.55,2,207,6,0,0,low,0
4380,0.39,0.41,6,115,3,0,0,low,0
4381,0.61,0.68,3,254,2,0,0,low,0
4382,0.6,0.61,4,170,3,0,0,low,0
4383,0.57,0.64,2,206,3,0,0,low,0
4384,0.19,0.68,5,149,3,0,0,medium,0
4385,0.48,0.77,3,197,3,0,0,medium,0
4386,0.69,0.75,4,261,3,0,0,medium,0
4387,0.7,0.55,4,256,4,0,0,medium,0
4388,0.65,0.92,3,219,3,0,0,medium,0
4389,0.81,0.96,4,143,3,1,0,medium,0
4390,0.85,0.95,4,171,3,0,0,medium,0
4391,0.93,0.76,4,207,2,0,0,medium,0
4392,0.72,0.94,4,235,3,0,0,medium,0
4393,0.49,0.55,2,173,3,0,0,medium,0
4394,0.94,0.47,5,131,6,0,0,medium,0
4395,0.81,0.84,4,143,2,0,0,medium,0
4396,0.92,0.78,5,193,4,0,0,high,0
4397,0.97,0.82,3,135,2,0,0,low,0
4398,0.98,0.61,4,265,2,1,0,medium,0
4399,0.44,0.45,3,133,2,1,0,medium,0
4400,0.72,0.87,4,184,4,0,0,medium,0
4401,0.8,0.73,5,135,3,0,0,medium,0
4402,0.6,0.72,4,267,4,0,0,low,0
4403,0.89,0.65,4,184,3,0,0,low,0
4404,0.69,0.57,5,227,2,0,0,low,0
4405,0.54,0.81,4,257,2,0,0,low,0
4406,0.97,0.75,5,235,3,1,0,low,0
4407,0.37,0.4,4,161,2,0,0,low,0
4408,0.73,0.52,4,215,3,0,0,low,0
4409,0.57,0.69,4,146,3,0,0,low,0
4410,0.86,0.66,4,191,2,0,0,low,0
4411,0.83,0.85,4,261,3,0,0,low,0
4412,0.19,0.52,5,200,5,0,0,low,0
4413,0.55,0.93,4,239,4,0,0,low,0
4414,0.6,0.65,4,160,2,0,0,low,0
4415,0.62,0.71,3,177,3,1,0,low,0
4416,0.65,0.55,5,215,2,0,0,low,0
4417,0.4,0.48,4,97,2,0,0,low,0
4418,0.82,0.78,5,231,2,1,0,low,0
4419,0.75,0.69,2,257,2,1,0,low,0
4420,0.83,0.53,3,232,3,1,0,low,0
4421,0.77,0.78,4,212,3,0,0,low,0
4422,0.59,0.98,4,198,3,0,0,low,0
4423,0.8,0.79,5,240,4,0,0,medium,0
4424,0.84,0.55,3,242,3,0,0,medium,0
4425,0.88,0.71,4,250,3,0,0,medium,0
4426,0.37,0.9,3,229,6,0,0,medium,0
4427,0.88,0.66,4,133,2,0,0,medium,0
4428,0.69,0.85,3,200,2,0,0,medium,0
4429,0.54,0.49,2,155,2,1,0,medium,0
4430,0.76,0.57,5,139,4,0,0,medium,0
4431,0.51,0.58,4,272,3,0,0,medium,0
4432,0.16,0.52,3,100,4,0,0,medium,0
4433,0.65,0.6,5,160,3,0,0,medium,0
4434,0.54,0.81,5,195,4,0,0,medium,0
4435,0.66,0.68,4,152,3,0,0,high,0
4436,0.95,0.65,5,182,3,0,0,low,0
4437,0.83,0.57,3,137,2,0,0,medium,0
4438,0.98,0.84,4,182,3,0,0,medium,0
4439,0.72,0.72,3,217,2,0,0,medium,0
4440,0.71,0.62,4,192,4,0,0,medium,0
4441,0.36,0.65,3,116,2,1,0,low,0
4442,0.55,0.65,4,170,4,0,0,low,0
4443,0.64,0.52,3,223,3,0,0,low,0
4444,0.62,0.57,3,174,2,0,0,low,0
4445,1.0,0.95,3,193,6,0,0,low,0
4446,0.91,0.91,6,167,2,1,0,low,0
4447,0.81,0.67,4,225,3,0,0,low,0
4448,0.71,0.92,4,248,3,1,0,low,0
4449,0.97,0.74,3,104,5,0,0,low,0
4450,0.75,0.86,6,148,4,0,0,low,0
4451,0.68,1.0,3,148,4,1,0,low,0
4452,0.87,0.68,5,187,3,0,0,low,0
4453,0.96,0.57,3,151,2,0,0,low,0
4454,0.41,0.86,6,215,5,0,0,low,0
4455,0.81,0.61,4,142,4,0,0,low,0
4456,0.68,1.0,6,258,5,0,0,low,0
4457,0.63,0.56,4,228,3,0,0,low,0
4458,0.6,0.84,2,221,3,0,0,low,0
4459,0.66,0.97,3,263,3,0,0,medium,0
4460,0.69,0.82,4,273,4,0,0,medium,0
4461,0.23,0.37,3,247,4,0,0,medium,0
4462,0.52,0.63,3,225,3,0,0,medium,0
4463,0.65,0.86,4,269,2,1,0,medium,0
4464,0.78,0.4,6,174,3,0,0,medium,0
4465,0.6,0.65,5,201,2,0,0,medium,0
4466,0.9,0.62,3,254,3,0,0,medium,0
4467,0.59,0.95,5,254,2,0,0,medium,0
4468,0.89,0.78,3,185,2,1,0,medium,0
4469,0.96,0.85,4,200,4,0,0,medium,0
4470,0.68,0.76,3,190,3,1,0,medium,0
4471,0.52,0.72,2,160,2,0,0,high,0
4472,0.68,0.94,3,264,2,0,0,low,0
4473,0.6,0.59,3,172,3,0,0,medium,0
4474,0.28,0.83,5,279,4,0,0,medium,0
4475,0.98,0.54,5,260,3,0,0,medium,0
4476,0.67,0.52,4,262,2,0,0,medium,0
4477,0.86,0.6,5,134,2,1,0,low,0
4478,0.83,0.9,3,195,3,0,0,low,0
4479,0.79,0.86,3,139,3,0,0,low,0
4480,0.54,0.86,4,205,5,0,0,low,0
4481,0.51,0.86,5,212,2,0,0,low,0
4482,0.75,0.65,4,148,2,0,0,low,0
4483,0.51,0.67,4,228,3,0,0,low,0
4484,0.73,0.74,5,230,3,0,0,low,0
4485,0.17,0.4,4,286,3,0,0,low,0
4486,0.88,0.59,4,142,3,0,0,low,0
4487,0.76,0.79,3,161,3,0,0,low,0
4488,0.29,0.77,3,152,3,1,0,low,0
4489,0.62,0.97,4,266,3,0,0,low,0
4490,0.5,0.85,2,143,3,0,0,low,0
4491,0.16,0.65,5,165,3,0,0,low,0
4492,0.18,0.99,4,204,6,0,0,low,0
4493,0.86,0.68,4,170,2,0,0,low,0
4494,0.68,0.52,5,203,3,0,0,low,0
4495,0.68,0.85,3,199,3,0,0,low,0
4496,0.89,0.78,4,223,3,0,0,low,0
4497,0.86,0.88,4,220,2,0,0,low,0
4498,0.43,0.41,4,190,3,0,0,medium,0
4499,0.85,0.58,4,143,6,1,0,medium,0
4500,0.94,0.8,5,111,4,0,1,medium,0
4501,0.58,0.71,4,145,3,1,1,medium,0
4502,0.43,0.6,3,138,3,0,1,medium,0
4503,0.72,0.49,3,203,3,0,1,medium,0
4504,0.95,0.96,5,175,3,1,1,medium,0
4505,0.35,0.67,3,119,3,0,1,medium,0
4506,0.77,0.79,3,157,3,0,1,medium,0
4507,0.74,0.7,5,135,2,0,1,medium,0
4508,0.5,0.6,4,200,2,0,1,medium,0
4509,0.87,0.56,4,121,2,0,1,medium,0
4510,0.55,0.48,3,162,3,0,1,high,0
4511,0.8,0.65,3,135,3,0,1,low,0
4512,0.49,0.52,4,183,2,0,1,medium,0
4513,0.54,0.92,4,228,3,0,1,medium,0
4514,0.21,0.87,4,148,5,0,0,medium,0
4515,0.77,0.77,3,219,2,0,0,medium,0
4516,0.53,0.73,4,147,3,0,0,low,0
4517,0.89,0.49,5,165,6,0,0,low,0
4518,0.25,0.59,4,218,3,1,0,low,0
4519,0.53,0.59,3,231,2,0,0,low,0
4520,0.44,0.45,2,124,3,0,0,low,0
4521,0.7,0.44,2,131,2,0,0,low,0
4522,0.54,0.76,3,199,4,0,0,low,0
4523,0.9,0.56,3,220,3,0,0,low,0
4524,0.69,0.8,5,215,3,0,0,low,0
4525,0.78,0.59,4,180,3,0,0,low,0
4526,0.91,0.49,6,272,6,0,0,low,0
4527,0.92,0.61,2,228,2,0,0,low,0
4528,0.96,0.88,3,168,2,0,0,low,0
4529,0.8,0.77,4,205,2,0,0,low,0
4530,0.52,0.67,3,244,3,0,0,low,0
4531,0.52,0.97,3,185,2,0,0,low,0
4532,0.93,0.96,5,135,3,1,0,low,0
4533,0.89,0.9,4,160,2,0,0,low,0
4534,0.83,0.61,4,262,4,0,0,low,0
4535,0.7,0.84,6,225,6,0,0,low,0
4536,0.89,0.74,4,174,2,0,0,low,0
4537,0.21,0.37,6,266,3,0,1,medium,0
4538,0.67,0.78,4,241,4,0,1,medium,0
4539,0.73,0.97,3,245,2,0,1,medium,0
4540,0.85,0.51,3,261,4,0,1,medium,0
4541,0.54,0.85,4,157,3,0,1,medium,0
4542,0.74,0.94,3,286,6,0,1,medium,0
4543,0.71,0.65,4,263,2,1,1,medium,0
4544,0.76,0.52,2,229,3,0,1,medium,0
4545,0.85,0.5,4,159,2,0,1,medium,0
4546,0.82,0.89,4,196,3,0,1,medium,0
4547,0.71,0.79,4,133,3,0,1,medium,0
4548,0.79,0.65,5,228,3,0,1,medium,0
4549,0.86,0.56,4,247,3,0,1,high,0
4550,0.9,0.78,5,215,3,0,1,low,0
4551,0.65,0.8,6,233,3,1,1,medium,0
4552,0.53,0.74,5,237,2,0,1,medium,0
4553,0.51,0.91,4,269,5,0,1,medium,0
4554,1.0,0.76,6,246,3,1,1,medium,0
4555,0.92,0.82,4,168,3,0,1,low,0
4556,1.0,0.59,3,168,3,0,1,low,0
4557,0.23,0.67,4,163,5,0,1,low,0
4558,0.52,0.77,3,142,2,0,1,low,0
4559,0.8,0.83,4,183,2,1,1,low,0
4560,0.59,0.72,4,264,3,0,0,low,0
4561,0.75,0.55,2,184,2,0,0,low,0
4562,0.99,0.58,4,138,3,0,0,low,0
4563,0.57,0.76,3,195,3,0,0,medium,0
4564,0.87,0.95,4,251,3,0,0,medium,0
4565,0.52,0.47,3,108,5,0,0,medium,0
4566,0.57,0.9,3,144,2,0,0,medium,0
4567,0.32,0.77,6,112,4,0,0,medium,0
4568,0.66,0.81,2,201,3,0,0,medium,0
4569,0.53,0.8,4,204,3,0,0,medium,0
4570,0.55,0.62,5,226,3,0,0,medium,0
4571,0.66,0.9,3,217,4,0,0,medium,0
4572,0.69,0.92,4,149,2,0,0,medium,0
4573,0.67,0.99,5,237,3,0,0,medium,0
4574,0.75,0.37,3,256,3,0,0,medium,0
4575,0.7,0.98,4,194,2,0,0,medium,0
4576,0.71,0.74,3,202,2,0,0,medium,0
4577,0.97,0.6,5,133,2,0,0,medium,0
4578,0.5,0.48,3,246,3,0,0,medium,0
4579,0.34,0.92,3,206,3,0,0,medium,0
4580,0.67,0.74,3,204,3,0,0,medium,0
4581,0.78,0.98,4,157,3,0,0,medium,0
4582,0.52,0.91,4,187,2,0,0,medium,0
4583,0.91,0.51,2,211,2,0,0,medium,0
4584,0.79,0.92,3,204,3,0,0,medium,0
4585,0.83,0.53,5,182,2,1,0,medium,0
4586,0.74,0.76,3,244,3,0,0,medium,0
4587,0.77,0.97,3,184,3,1,0,medium,0
4588,0.49,0.71,2,117,3,0,0,high,0
4589,0.94,0.89,3,230,3,1,0,high,0
4590,0.99,0.91,3,241,2,0,0,high,0
4591,0.69,0.84,3,227,3,1,0,high,0
4592,0.88,0.59,5,147,4,0,0,high,0
4593,0.89,0.9,3,240,3,0,0,high,0
4594,0.8,0.58,4,238,2,0,0,high,0
4595,0.22,0.89,4,262,4,0,0,high,0
4596,0.87,0.83,4,215,2,0,0,high,0
4597,0.66,0.66,3,211,4,0,0,high,0
4598,0.9,0.68,3,156,3,1,0,high,0
4599,0.95,0.54,4,180,5,0,0,high,0
4600,0.49,0.56,4,260,6,0,0,low,0
4601,0.71,0.68,4,228,2,0,0,low,0
4602,0.2,0.96,2,249,3,0,0,low,0
4603,0.95,0.64,3,242,5,1,0,low,0
4604,0.68,0.8,2,254,2,1,0,low,0
4605,0.93,0.68,3,272,2,1,0,low,0
4606,0.85,0.57,5,210,3,0,0,low,0
4607,0.82,0.68,3,140,2,0,0,low,0
4608,0.87,0.42,5,252,5,0,0,low,0
4609,0.88,0.84,3,266,3,0,0,low,0
4610,0.98,0.79,4,138,3,0,0,low,0
4611,0.89,0.98,3,220,3,0,0,low,0
4612,0.92,0.51,5,214,3,0,0,low,0
4613,0.48,0.6,2,121,5,0,0,low,0
4614,0.67,0.49,4,195,3,0,0,low,0
4615,0.84,0.55,3,135,3,0,0,medium,0
4616,0.97,0.78,4,261,2,0,0,medium,0
4617,0.65,0.53,5,205,3,1,0,medium,0
4618,0.79,0.87,5,240,2,1,0,medium,0
4619,0.75,0.75,2,141,4,0,0,medium,0
4620,0.69,0.64,4,200,3,0,0,medium,0
4621,0.85,0.6,4,257,3,0,0,medium,0
4622,0.34,0.41,2,141,3,0,0,medium,0
4623,0.97,0.68,3,185,2,0,0,medium,0
4624,0.39,0.99,6,235,6,0,0,medium,0
4625,0.54,0.81,4,264,4,0,0,medium,0
4626,0.78,0.67,4,260,3,0,0,medium,0
4627,0.49,0.79,4,158,3,0,0,high,0
4628,0.17,0.83,6,195,5,0,0,high,0
4629,0.98,0.81,3,180,2,1,0,high,0
4630,0.9,1.0,2,114,5,0,0,high,0
4631,0.24,0.89,5,228,4,1,0,high,0
4632,0.92,0.79,5,243,3,1,0,high,0
4633,0.36,0.72,3,179,3,0,0,high,0
4634,0.19,0.76,2,158,3,0,0,high,0
4635,0.75,0.76,4,254,4,0,0,low,0
4636,0.91,0.81,3,220,3,1,0,low,0
4637,0.72,0.95,5,171,3,0,0,low,0
4638,0.62,0.64,4,142,2,0,0,low,0
4639,0.97,0.75,3,241,2,0,0,low,0
4640,0.69,0.64,3,275,3,0,0,low,0
4641,0.98,0.56,3,157,2,0,0,low,0
4642,0.62,0.53,5,169,3,0,0,low,0
4643,0.59,0.82,2,233,2,0,0,medium,0
4644,0.73,0.98,4,160,3,0,0,medium,0
4645,0.71,0.79,3,189,3,0,0,medium,0
4646,0.85,0.58,4,273,4,0,0,medium,0
4647,0.8,0.94,4,141,3,1,0,medium,0
4648,0.48,0.38,3,134,3,0,0,medium,0
4649,0.64,0.4,3,248,3,0,0,medium,0
4650,0.19,0.64,6,222,5,0,0,medium,0
4651,0.82,0.69,5,219,3,0,0,medium,0
4652,0.99,0.96,4,202,3,0,0,medium,0
4653,0.45,0.58,3,200,2,0,0,medium,0
4654,0.89,0.89,3,138,2,0,0,medium,0
4655,0.75,0.78,4,158,5,1,0,medium,0
4656,0.8,0.86,3,136,2,0,0,medium,0
4657,0.78,0.49,4,222,2,0,0,medium,0
4658,0.95,0.76,3,236,2,1,0,medium,0
4659,0.68,0.67,4,135,2,0,0,medium,0
4660,0.82,0.97,5,235,3,0,0,medium,0
4661,0.9,0.69,4,274,2,0,0,medium,0
4662,0.59,0.99,3,235,2,0,0,medium,0
4663,0.66,0.57,3,169,4,1,0,medium,0
4664,0.63,0.56,5,286,4,0,0,medium,0
4665,0.73,0.78,3,166,2,0,0,medium,0
4666,0.63,0.93,3,236,4,0,0,high,0
4667,0.87,0.62,5,197,2,0,0,low,0
4668,0.62,0.87,6,169,2,1,0,medium,0
4669,0.53,0.9,3,210,3,0,0,medium,0
4670,0.94,0.83,4,156,2,0,0,medium,0
4671,0.94,0.55,5,231,2,0,0,medium,0
4672,0.55,0.64,3,101,2,1,0,medium,0
4673,0.58,0.72,4,259,3,0,0,medium,0
4674,0.98,0.88,5,203,5,1,0,medium,0
4675,0.74,0.76,5,255,4,0,0,medium,0
4676,0.65,0.48,3,131,3,1,0,medium,0
4677,0.97,0.79,2,272,2,0,0,medium,0
4678,0.58,0.75,4,253,2,0,0,low,0
4679,0.49,0.77,2,254,2,0,0,low,0
4680,0.69,0.98,3,214,2,0,0,low,0
4681,0.55,0.49,5,195,3,0,0,low,0
4682,0.65,0.89,4,240,3,0,0,low,0
4683,0.87,0.49,4,149,2,0,0,low,0
4684,0.12,0.7,4,276,4,0,0,low,0
4685,0.65,0.84,4,247,4,0,0,high,0
4686,0.23,0.66,4,212,4,1,0,low,0
4687,0.62,0.77,4,256,3,0,0,high,0
4688,0.86,0.72,4,178,2,0,0,high,0
4689,0.85,0.6,4,255,4,0,0,low,0
4690,0.74,0.76,3,224,2,0,0,low,0
4691,0.53,0.76,2,204,4,0,0,high,0
4692,0.99,0.44,6,104,6,0,0,low,0
4693,0.48,0.81,5,113,3,0,0,medium,0
4694,0.72,0.74,3,243,2,0,0,high,0
4695,0.76,0.72,3,242,5,1,0,medium,0
4696,0.41,0.7,4,177,3,0,0,medium,0
4697,0.85,0.88,3,235,2,0,0,medium,0
4698,0.62,0.49,4,175,3,0,0,medium,0
4699,0.16,0.78,4,280,6,0,0,high,0
4700,0.58,0.61,3,205,2,0,0,medium,0
4701,0.73,0.95,4,243,3,0,0,medium,0
4702,0.28,0.76,3,150,2,0,0,medium,0
4703,0.77,0.61,4,178,2,1,0,high,0
4704,0.85,0.86,3,231,3,0,0,medium,0
4705,0.56,0.76,3,134,2,0,0,high,0
4706,0.81,1.0,5,143,2,0,0,low,0
4707,0.83,0.87,3,156,3,0,0,medium,0
4708,0.49,0.48,4,249,3,0,0,medium,0
4709,0.81,0.97,3,247,3,0,0,medium,0
4710,0.56,0.92,5,222,4,0,0,medium,0
4711,0.77,0.83,3,160,3,0,0,low,0
4712,0.73,0.5,4,224,4,1,0,low,0
4713,0.95,0.72,4,235,2,0,0,low,0
4714,0.69,0.68,5,167,3,0,0,low,0
4715,0.79,0.89,3,104,4,0,0,low,0
4716,0.63,0.57,5,160,2,0,0,low,0
4717,0.8,0.79,4,168,3,0,0,low,0
4718,0.64,0.61,2,153,2,0,0,low,0
4719,0.92,0.9,4,249,3,0,0,low,0
4720,0.96,0.75,4,177,2,0,0,low,0
4721,0.56,0.85,3,225,3,0,0,high,0
4722,0.37,0.61,3,186,2,0,0,low,0
4723,0.5,0.82,3,133,2,1,0,low,0
4724,0.49,0.58,4,213,4,1,0,low,0
4725,1.0,0.73,3,245,2,1,0,low,0
4726,0.82,0.75,5,160,3,1,0,high,0
4727,0.52,0.54,4,212,3,0,0,low,0
4728,0.76,0.96,4,135,3,1,1,low,0
4729,0.2,0.53,3,149,4,0,1,low,0
4730,0.6,0.9,4,178,3,0,1,high,0
4731,0.69,0.9,6,224,4,0,1,low,0
4732,0.93,0.51,3,196,2,0,1,medium,0
4733,0.7,0.64,4,178,3,1,1,high,0
4734,0.56,0.54,4,191,2,1,1,medium,0
4735,0.97,0.61,4,167,3,0,1,high,0
4736,0.24,0.65,6,275,5,1,1,medium,0
4737,0.83,0.91,3,168,3,0,1,medium,0
4738,0.55,0.85,3,152,2,0,1,medium,0
4739,0.68,0.99,3,263,3,1,1,medium,0
4740,0.48,0.53,3,113,4,0,0,medium,0
4741,0.75,0.95,3,253,3,0,0,medium,0
4742,0.61,0.5,4,271,3,1,0,medium,0
4743,0.5,0.74,4,165,2,1,0,medium,0
4744,0.78,0.54,5,257,3,0,0,high,0
4745,0.61,0.68,4,244,3,0,0,low,0
4746,0.48,0.5,4,179,3,0,0,medium,0
4747,0.93,0.92,3,248,2,0,0,medium,0
4748,0.78,0.58,3,224,2,0,0,medium,0
4749,0.92,0.99,5,236,4,0,0,medium,0
4750,0.71,0.98,5,213,3,0,0,medium,0
4751,0.15,0.42,4,238,3,0,0,medium,0
4752,0.14,0.83,5,153,5,1,0,medium,0
4753,0.56,0.72,4,247,2,0,0,medium,0
4754,1.0,0.84,3,154,3,0,0,medium,0
4755,0.77,0.82,3,147,4,0,0,high,0
4756,0.86,0.66,3,150,2,0,0,low,0
4757,0.88,0.95,3,137,3,0,0,low,0
4758,0.85,0.84,5,179,3,0,0,low,0
4759,0.95,0.56,5,194,2,0,0,high,0
4760,0.65,0.65,4,224,3,0,0,low,0
4761,0.7,0.55,3,253,2,1,0,low,0
4762,0.6,0.55,3,177,3,1,0,low,0
4763,0.84,0.83,3,215,3,0,0,high,0
4764,0.23,0.59,5,245,5,0,0,low,0
4765,0.89,0.75,3,134,3,0,0,low,0
4766,0.98,0.91,4,273,2,0,0,low,0
4767,0.88,0.83,4,163,3,0,0,low,0
4768,0.87,0.52,3,152,4,0,0,low,0
4769,0.93,0.96,3,268,4,0,0,low,0
4770,0.13,0.95,5,149,2,0,0,low,0
4771,0.99,0.56,6,128,4,0,0,medium,0
4772,0.52,0.51,3,218,2,1,0,medium,0
4773,0.58,0.98,3,146,3,0,0,medium,0
4774,0.85,0.57,5,190,2,1,0,medium,0
4775,0.41,0.59,2,182,3,0,0,medium,0
4776,1.0,0.8,5,162,3,1,0,medium,0
4777,0.63,0.64,3,243,3,0,0,medium,0
4778,0.63,0.58,4,141,3,1,0,medium,0
4779,0.63,0.9,3,142,3,0,0,medium,0
4780,0.59,0.62,3,203,4,0,0,medium,0
4781,0.88,0.77,4,168,4,0,0,medium,0
4782,0.72,0.7,3,149,3,0,0,medium,0
4783,0.67,0.81,4,168,2,0,0,high,0
4784,0.41,0.54,2,190,4,0,0,low,0
4785,0.3,0.68,3,229,6,0,0,medium,0
4786,0.83,0.84,3,249,2,0,0,medium,0
4787,0.73,0.93,4,162,2,1,0,medium,0
4788,0.87,0.9,4,163,2,0,0,medium,0
4789,0.93,0.74,2,169,4,0,0,low,0
4790,0.97,0.91,4,257,3,1,0,low,0
4791,0.7,0.54,4,150,4,0,0,low,0
4792,0.66,0.95,4,183,3,0,0,low,0
4793,0.62,0.66,3,208,3,0,0,low,0
4794,0.56,0.52,4,158,2,0,0,low,0
4795,0.32,0.72,2,240,5,0,0,low,0
4796,0.55,0.81,5,251,3,0,0,low,0
4797,0.69,0.91,5,205,2,0,0,low,0
4798,0.91,0.63,4,226,3,1,0,low,0
4799,0.33,0.82,5,249,6,0,0,low,0
4800,0.37,0.74,2,197,3,0,0,low,0
4801,0.95,0.57,5,216,3,0,0,low,0
4802,0.17,0.91,4,260,5,0,0,low,0
4803,0.95,0.53,4,263,3,0,0,low,0
4804,0.27,0.69,2,177,5,0,0,low,0
4805,0.91,0.95,4,171,3,0,0,low,0
4806,0.49,0.61,3,148,2,1,0,low,0
4807,0.6,0.56,4,138,3,0,0,low,0
4808,0.52,0.57,4,183,3,0,0,low,0
4809,0.54,0.65,3,202,3,0,0,low,0
4810,0.86,0.53,4,160,2,1,0,medium,0
4811,0.78,0.87,4,264,3,0,0,medium,0
4812,0.6,0.81,4,245,3,1,0,medium,0
4813,0.15,0.91,2,207,3,0,0,medium,0
4814,0.72,0.92,3,225,3,0,0,medium,0
4815,0.94,0.85,4,236,2,0,0,medium,0
4816,0.92,0.56,4,170,3,0,0,medium,0
4817,0.6,0.88,3,261,3,1,0,medium,0
4818,0.41,0.68,4,273,3,0,0,medium,0
4819,0.5,0.43,3,184,2,0,0,medium,0
4820,0.8,0.91,3,202,2,0,0,medium,0
4821,0.67,0.83,4,195,3,0,0,medium,0
4822,0.71,0.88,4,266,3,0,0,high,0
4823,0.66,0.85,3,266,5,0,0,low,0
4824,0.77,0.74,5,263,2,0,0,medium,0
4825,0.62,0.54,3,142,2,0,0,medium,0
4826,0.95,0.53,4,162,3,0,0,medium,0
4827,0.89,0.75,5,258,2,0,0,medium,0
4828,0.74,0.83,4,170,2,0,0,low,0
4829,0.19,0.8,4,249,5,0,0,low,0
4830,0.83,0.77,3,171,3,0,0,low,0
4831,0.53,0.64,2,177,4,0,0,low,0
4832,0.98,0.75,5,188,2,0,0,low,0
4833,0.74,0.99,5,146,2,0,0,low,0
4834,0.22,0.88,5,154,5,0,0,low,0
4835,0.76,0.68,4,204,3,1,0,low,0
4836,0.89,0.91,5,224,3,1,0,low,0
4837,0.5,0.84,3,156,4,0,0,low,0
4838,0.17,0.82,6,259,4,0,0,low,0
4839,0.46,0.38,6,165,3,0,0,low,0
4840,0.68,0.78,3,264,3,0,0,low,0
4841,0.77,0.86,4,215,2,0,0,low,0
4842,0.68,0.83,3,133,3,0,0,low,0
4843,0.15,0.7,4,220,4,0,0,low,0
4844,0.7,0.98,4,176,5,0,0,low,0
4845,0.66,0.96,4,103,2,0,0,low,0
4846,0.54,0.52,5,155,3,0,0,low,0
4847,0.57,0.57,4,141,3,0,0,low,0
4848,0.78,0.58,3,150,3,1,0,low,0
4849,0.14,0.83,5,171,6,0,0,medium,0
4850,0.73,0.86,4,179,3,0,0,medium,0
4851,0.65,0.97,4,145,2,0,0,medium,0
4852,0.31,0.59,3,176,3,0,0,medium,0
4853,0.77,0.55,2,172,2,0,0,medium,0
4854,0.68,0.85,3,243,4,0,0,medium,0
4855,0.79,0.69,4,209,2,0,0,medium,0
4856,0.92,0.62,4,196,3,0,0,medium,0
4857,0.77,0.96,6,225,4,0,0,medium,0
4858,0.48,0.89,3,261,2,0,0,medium,0
4859,0.63,0.66,4,157,2,0,0,medium,0
4860,0.92,0.49,5,259,3,1,0,medium,0
4861,0.5,0.85,4,224,6,0,0,high,0
4862,0.52,0.91,5,193,2,0,0,low,0
4863,0.73,0.79,4,157,3,0,0,medium,0
4864,0.99,0.87,4,223,3,0,0,medium,0
4865,0.91,0.99,3,188,3,1,0,medium,0
4866,0.85,0.79,3,217,2,0,0,medium,0
4867,0.95,0.69,4,207,2,1,0,low,0
4868,0.67,0.85,3,153,4,0,0,low,0
4869,0.86,0.55,3,269,2,0,0,low,0
4870,0.71,0.54,4,198,3,0,0,low,0
4871,0.99,0.95,4,102,5,0,0,low,0
4872,0.57,0.61,3,167,2,1,0,low,0
4873,0.98,0.72,3,252,2,0,0,low,0
4874,0.62,0.58,3,192,2,0,0,low,0
4875,0.74,0.79,5,237,4,0,0,low,0
4876,0.7,0.6,4,158,3,0,0,low,0
4877,0.8,0.93,3,260,3,0,0,low,0
4878,0.65,0.69,4,153,3,0,0,low,0
4879,0.53,0.52,3,233,4,0,0,low,0
4880,0.43,0.62,2,180,3,0,0,low,0
4881,0.59,0.65,4,163,3,1,0,low,0
4882,0.16,0.96,6,211,6,1,0,low,0
4883,0.84,0.8,3,151,3,1,0,low,0
4884,0.78,0.95,3,249,4,0,0,low,0
4885,0.66,0.91,5,199,3,1,0,low,0
4886,0.7,0.74,4,247,2,0,0,low,0
4887,0.73,0.63,4,174,3,0,0,low,0
4888,0.65,0.88,4,268,4,0,0,medium,0
4889,0.79,0.59,5,197,4,0,0,medium,0
4890,0.57,0.68,4,154,3,1,0,medium,0
4891,0.24,0.58,5,279,4,0,0,medium,0
4892,0.95,0.78,3,204,2,1,0,medium,0
4893,0.38,0.54,2,112,3,0,0,medium,0
4894,0.9,0.78,4,261,2,1,0,medium,0
4895,0.5,0.4,3,180,4,0,0,medium,0
4896,0.68,0.61,3,261,5,0,0,medium,0
4897,0.5,0.78,6,138,3,0,0,medium,0
4898,0.85,0.81,4,164,4,0,0,medium,0
4899,0.95,0.52,3,144,3,0,0,medium,0
4900,0.92,0.92,3,244,2,0,0,high,0
4901,0.83,0.87,5,233,3,0,0,low,0
4902,0.9,0.78,4,225,2,1,0,medium,0
4903,0.21,0.77,6,215,4,0,0,medium,0
4904,0.94,0.86,3,223,4,0,0,medium,0
4905,0.7,0.85,4,232,3,0,0,medium,0
4906,0.54,0.76,3,157,4,0,0,low,0
4907,0.77,0.65,4,268,3,0,0,low,0
4908,0.62,0.49,3,158,2,0,0,low,0
4909,0.93,0.55,5,222,2,0,0,low,0
4910,0.81,0.86,3,210,3,0,0,low,0
4911,0.99,0.79,4,133,2,0,0,low,0
4912,0.78,0.49,3,224,3,0,0,low,0
4913,0.66,0.63,5,264,5,0,0,low,0
4914,0.9,0.72,5,237,2,0,0,low,0
4915,0.74,0.53,5,141,2,0,0,low,0
4916,0.65,0.78,4,238,5,1,0,low,0
4917,0.99,0.52,4,167,3,0,0,low,0
4918,0.83,0.72,4,161,3,0,0,low,0
4919,0.6,0.82,4,194,3,0,0,low,0
4920,0.55,0.93,3,217,3,1,0,low,0
4921,0.96,0.71,3,170,3,0,0,low,0
4922,0.83,0.94,4,243,3,0,0,low,0
4923,0.95,0.7,4,267,3,1,0,low,0
4924,0.77,0.88,2,169,3,0,0,medium,0
4925,0.83,0.95,3,255,3,0,0,medium,0
4926,0.87,0.54,4,211,3,0,0,medium,0
4927,0.69,0.49,3,198,4,0,0,medium,0
4928,0.67,0.58,3,246,3,0,0,medium,0
4929,0.55,0.49,3,146,2,0,0,medium,0
4930,0.55,0.82,4,134,6,0,0,medium,0
4931,0.39,0.48,3,169,3,0,0,medium,0
4932,0.51,0.93,5,232,3,0,0,medium,0
4933,0.39,0.38,2,106,3,1,0,medium,0
4934,0.96,0.93,4,260,3,0,0,medium,0
4935,0.68,0.81,3,232,2,0,0,medium,0
4936,0.67,0.71,4,173,3,0,0,high,0
4937,0.68,0.44,5,152,5,0,0,low,0
4938,0.56,0.58,3,173,3,0,0,medium,0
4939,0.9,0.7,3,274,3,0,0,medium,0
4940,0.69,0.59,3,233,3,0,0,medium,0
4941,0.99,0.71,4,232,3,0,0,medium,0
4942,0.42,0.59,3,156,2,0,0,low,0
4943,0.28,0.51,3,124,3,0,0,low,0
4944,0.55,0.65,3,207,3,0,0,low,0
4945,0.91,0.53,3,273,6,0,0,low,0
4946,0.53,0.98,3,219,4,0,0,low,0
4947,0.87,0.74,4,207,3,0,0,low,0
4948,0.57,0.6,4,248,4,0,0,low,0
4949,0.59,0.77,3,169,3,0,0,low,0
4950,0.76,0.89,4,181,3,0,0,low,0
4951,0.59,0.42,3,196,3,0,0,low,0
4952,0.5,0.54,3,254,2,0,0,low,0
4953,0.55,0.55,4,191,4,0,0,low,0
4954,0.92,0.53,3,238,2,0,0,low,0
4955,0.8,0.51,5,196,3,0,0,low,0
4956,0.93,0.66,4,228,3,0,0,low,0
4957,0.67,0.57,4,165,3,0,0,low,0
4958,0.78,0.55,3,144,2,0,0,low,0
4959,0.61,0.7,4,243,3,0,0,low,0
4960,0.74,0.84,3,206,3,0,0,low,0
4961,0.5,0.49,3,180,3,1,0,low,0
4962,0.84,0.96,3,161,2,1,0,low,0
4963,0.89,0.55,4,196,2,0,0,medium,0
4964,0.77,0.89,5,152,3,0,0,medium,0
4965,0.64,0.71,3,231,4,0,0,medium,0
4966,0.77,0.89,2,215,5,1,0,medium,0
4967,0.74,0.58,4,233,4,0,0,medium,0
4968,0.88,0.96,4,155,2,0,0,medium,0
4969,0.88,0.96,5,182,4,1,0,medium,0
4970,0.89,0.88,3,165,4,0,0,medium,0
4971,0.74,0.59,2,257,4,1,0,medium,0
4972,0.63,0.74,4,155,2,0,0,medium,0
4973,0.63,0.8,4,243,2,0,0,medium,0
4974,0.68,0.92,2,184,4,0,0,medium,0
4975,0.14,0.81,4,138,3,1,0,high,0
4976,0.86,0.94,5,209,4,0,0,low,0
4977,0.73,0.53,3,205,2,0,0,medium,0
4978,0.57,0.56,3,191,3,0,0,medium,0
4979,0.97,0.75,5,270,3,1,0,medium,0
4980,0.67,0.36,4,97,4,0,0,medium,0
4981,0.89,0.74,4,174,2,0,0,low,0
4982,0.8,0.96,5,124,3,0,0,low,0
4983,0.3,0.51,2,178,3,0,0,low,0
4984,0.14,0.73,5,266,6,0,0,low,0
4985,0.91,0.8,4,181,3,0,0,low,0
4986,0.49,0.81,4,233,3,0,0,low,0
4987,0.57,0.68,3,254,4,0,0,low,0
4988,0.59,0.62,3,219,3,0,0,low,0
4989,0.5,0.7,5,166,2,0,0,low,0
4990,0.69,0.97,3,158,2,0,0,low,0
4991,0.81,0.68,3,151,3,0,0,low,0
4992,0.79,0.82,3,98,3,1,0,low,0
4993,0.55,0.91,4,187,4,1,0,low,0
4994,0.92,0.62,4,266,2,0,0,low,0
4995,0.94,0.59,5,250,3,0,0,low,0
4996,0.67,0.55,5,193,3,0,0,low,0
4997,0.53,0.92,4,223,3,1,0,low,0
4998,0.77,0.59,5,189,5,0,0,low,0
4999,0.57,0.82,5,138,3,0,0,low,0
5000,0.64,0.97,4,268,2,0,0,low,0
